[0.000000] (-) TimerEvent: {}
[0.000223] (base_msgs) JobQueued: {'identifier': 'base_msgs', 'dependencies': OrderedDict()}
[0.000432] (data_plot) JobQueued: {'identifier': 'data_plot', 'dependencies': OrderedDict([('base_msgs', '/home/abc/planning_with_ros2/install/base_msgs')])}
[0.000459] (planning) JobQueued: {'identifier': 'planning', 'dependencies': OrderedDict([('base_msgs', '/home/abc/planning_with_ros2/install/base_msgs')])}
[0.000479] (base_msgs) JobStarted: {'identifier': 'base_msgs'}
[0.007826] (base_msgs) JobProgress: {'identifier': 'base_msgs', 'progress': 'cmake'}
[0.008332] (base_msgs) JobProgress: {'identifier': 'base_msgs', 'progress': 'build'}
[0.008945] (base_msgs) Command: {'cmd': ['/usr/local/bin/cmake', '--build', '/home/abc/planning_with_ros2/build/base_msgs', '--', '-j12', '-l12'], 'cwd': '/home/abc/planning_with_ros2/build/base_msgs', 'env': OrderedDict([('GJS_DEBUG_TOPICS', 'JS ERROR;JS LOG'), ('PYTHON_BASIC_REPL', '1'), ('LESSOPEN', '| /usr/bin/lesspipe %s'), ('LANGUAGE', 'en_US:en'), ('TENSORRT_DIR', '/home/abc/TensorRT-8.6'), ('USER', 'abc'), ('LC_TIME', 'zh_CN.UTF-8'), ('XDG_SESSION_TYPE', 'x11'), ('GIT_ASKPASS', '/usr/share/code/resources/app/extensions/git/dist/askpass.sh'), ('SHLVL', '1'), ('LD_LIBRARY_PATH', '/usr/local/cuda-11.8/lib64:/home/abc/planning_with_ros2/install/planning/lib:/usr/local/cuda-11.8/lib64:/home/abc/planning_with_ros2/install/planning/lib:/home/abc/planning_with_ros2/install/planning/lib:/home/abc/planning_with_ros2/install/base_msgs/lib:/home/abc/perception_with_ros2/install/perception/lib:/home/abc/perception_with_ros2/install/base_msgs_per/lib:/usr/lib/x86_64-linux-gnu/gazebo-11/plugins:/opt/ros/humble/opt/rviz_ogre_vendor/lib:/opt/ros/humble/lib/x86_64-linux-gnu:/opt/ros/humble/lib:/home/abc/TensorRT-8.6/lib:/home/abc/TensorRT-8.6/lib'), ('HOME', '/home/abc'), ('CHROME_DESKTOP', 'code.desktop'), ('TERM_PROGRAM_VERSION', '1.109.5'), ('DESKTOP_SESSION', 'ubuntu'), ('GIO_LAUNCHED_DESKTOP_FILE', '/usr/share/applications/code.desktop'), ('ROS_PYTHON_VERSION', '3'), ('GNOME_SHELL_SESSION_MODE', 'ubuntu'), ('GTK_MODULES', 'gail:atk-bridge'), ('VSCODE_GIT_ASKPASS_MAIN', '/usr/share/code/resources/app/extensions/git/dist/askpass-main.js'), ('LC_MONETARY', 'zh_CN.UTF-8'), ('VSCODE_GIT_ASKPASS_NODE', '/usr/share/code/code'), ('MANAGERPID', '1130'), ('PYDEVD_DISABLE_FILE_VALIDATION', '1'), ('SYSTEMD_EXEC_PID', '1595'), ('BUNDLED_DEBUGPY_PATH', '/home/abc/.vscode/extensions/ms-python.debugpy-2025.18.0-linux-x64/bundled/libs/debugpy'), ('VSCODE_PYTHON_AUTOACTIVATE_GUARD', '1'), ('DBUS_SESSION_BUS_ADDRESS', 'unix:path=/run/user/1000/bus'), ('COLORTERM', 'truecolor'), ('GIO_LAUNCHED_DESKTOP_FILE_PID', '364490'), ('COLCON_PREFIX_PATH', '/home/abc/planning_with_ros2/install:/home/abc/perception_with_ros2/install'), ('ROS_DISTRO', 'humble'), ('GTK_IM_MODULE', 'ibus'), ('LOGNAME', 'abc'), ('JOURNAL_STREAM', '8:6989'), ('_', '/usr/bin/colcon'), ('ROS_VERSION', '2'), ('XDG_SESSION_CLASS', 'user'), ('USERNAME', 'abc'), ('TERM', 'xterm-256color'), ('GNOME_DESKTOP_SESSION_ID', 'this-is-deprecated'), ('ROS2_PLANNING_COURSE_INSTALL', '/home/abc/planning_with_ros2/install'), ('FC_FONTATIONS', '1'), ('ROS_LOCALHOST_ONLY', '0'), ('WINDOWPATH', '2'), ('PATH', '/usr/local/cuda-11.8/bin:/home/abc/.config/Code/User/globalStorage/github.copilot-chat/debugCommand:/home/abc/.config/Code/User/globalStorage/github.copilot-chat/copilotCli:/usr/local/cuda-11.8/bin:/opt/ros/humble/bin:/usr/local/sbin:/usr/local/bin:/usr/sbin:/usr/bin:/sbin:/bin:/usr/games:/usr/local/games:/snap/bin:/snap/bin:/home/abc/.vscode/extensions/ms-python.debugpy-2025.18.0-linux-x64/bundled/scripts/noConfigScripts'), ('SESSION_MANAGER', 'local/abc-G3-3500:@/tmp/.ICE-unix/1554,unix/abc-G3-3500:/tmp/.ICE-unix/1554'), ('INVOCATION_ID', 'f3a9f1252eb845459ae16b5ad8fdee6d'), ('PAPERSIZE', 'a4'), ('XDG_MENU_PREFIX', 'gnome-'), ('LC_ADDRESS', 'zh_CN.UTF-8'), ('XDG_RUNTIME_DIR', '/run/user/1000'), ('GDK_BACKEND', 'x11'), ('DISPLAY', ':0'), ('VSCODE_DEBUGPY_ADAPTER_ENDPOINTS', '/home/abc/.vscode/extensions/ms-python.debugpy-2025.18.0-linux-x64/.noConfigDebugAdapterEndpoints/endpoint-73f3b4a0a422bf73.txt'), ('LANG', 'en_US.UTF-8'), ('XDG_CURRENT_DESKTOP', 'ubuntu:GNOME'), ('PYTHONSTARTUP', '/home/abc/.config/Code/User/workspaceStorage/4efd6db52f1c03b4cb1fb614d5084a17/ms-python.python/pythonrc.py'), ('LC_TELEPHONE', 'zh_CN.UTF-8'), ('XMODIFIERS', '@im=ibus'), ('XDG_SESSION_DESKTOP', 'ubuntu'), ('XAUTHORITY', '/run/user/1000/gdm/Xauthority'), ('LS_COLORS', 'rs=0:di=01;34:ln=01;36:mh=00:pi=40;33:so=01;35:do=01;35:bd=40;33;01:cd=40;33;01:or=40;31;01:mi=00:su=37;41:sg=30;43:ca=30;41:tw=30;42:ow=34;42:st=37;44:ex=01;32:*.tar=01;31:*.tgz=01;31:*.arc=01;31:*.arj=01;31:*.taz=01;31:*.lha=01;31:*.lz4=01;31:*.lzh=01;31:*.lzma=01;31:*.tlz=01;31:*.txz=01;31:*.tzo=01;31:*.t7z=01;31:*.zip=01;31:*.z=01;31:*.dz=01;31:*.gz=01;31:*.lrz=01;31:*.lz=01;31:*.lzo=01;31:*.xz=01;31:*.zst=01;31:*.tzst=01;31:*.bz2=01;31:*.bz=01;31:*.tbz=01;31:*.tbz2=01;31:*.tz=01;31:*.deb=01;31:*.rpm=01;31:*.jar=01;31:*.war=01;31:*.ear=01;31:*.sar=01;31:*.rar=01;31:*.alz=01;31:*.ace=01;31:*.zoo=01;31:*.cpio=01;31:*.7z=01;31:*.rz=01;31:*.cab=01;31:*.wim=01;31:*.swm=01;31:*.dwm=01;31:*.esd=01;31:*.jpg=01;35:*.jpeg=01;35:*.mjpg=01;35:*.mjpeg=01;35:*.gif=01;35:*.bmp=01;35:*.pbm=01;35:*.pgm=01;35:*.ppm=01;35:*.tga=01;35:*.xbm=01;35:*.xpm=01;35:*.tif=01;35:*.tiff=01;35:*.png=01;35:*.svg=01;35:*.svgz=01;35:*.mng=01;35:*.pcx=01;35:*.mov=01;35:*.mpg=01;35:*.mpeg=01;35:*.m2v=01;35:*.mkv=01;35:*.webm=01;35:*.webp=01;35:*.ogm=01;35:*.mp4=01;35:*.m4v=01;35:*.mp4v=01;35:*.vob=01;35:*.qt=01;35:*.nuv=01;35:*.wmv=01;35:*.asf=01;35:*.rm=01;35:*.rmvb=01;35:*.flc=01;35:*.avi=01;35:*.fli=01;35:*.flv=01;35:*.gl=01;35:*.dl=01;35:*.xcf=01;35:*.xwd=01;35:*.yuv=01;35:*.cgm=01;35:*.emf=01;35:*.ogv=01;35:*.ogx=01;35:*.aac=00;36:*.au=00;36:*.flac=00;36:*.m4a=00;36:*.mid=00;36:*.midi=00;36:*.mka=00;36:*.mp3=00;36:*.mpc=00;36:*.ogg=00;36:*.ra=00;36:*.wav=00;36:*.oga=00;36:*.opus=00;36:*.spx=00;36:*.xspf=00;36:'), ('VSCODE_GIT_IPC_HANDLE', '/run/user/1000/vscode-git-c59a044dc2.sock'), ('TERM_PROGRAM', 'vscode'), ('SSH_AGENT_LAUNCHER', 'gnome-keyring'), ('SSH_AUTH_SOCK', '/run/user/1000/keyring/ssh'), ('ROS_DOMAIN_ID', '2'), ('AMENT_PREFIX_PATH', '/home/abc/planning_with_ros2/install/planning:/home/abc/planning_with_ros2/install/data_plot:/home/abc/planning_with_ros2/install/base_msgs:/home/abc/perception_with_ros2/install/perception:/home/abc/perception_with_ros2/install/data_plot_per:/home/abc/perception_with_ros2/install/base_msgs_per:/opt/ros/humble'), ('SHELL', '/bin/bash'), ('LC_NAME', 'zh_CN.UTF-8'), ('QT_ACCESSIBILITY', '1'), ('GDMSESSION', 'ubuntu'), ('LESSCLOSE', '/usr/bin/lesspipe %s %s'), ('LC_MEASUREMENT', 'zh_CN.UTF-8'), ('GPG_AGENT_INFO', '/run/user/1000/gnupg/S.gpg-agent:0:1'), ('GJS_DEBUG_OUTPUT', 'stderr'), ('LC_IDENTIFICATION', 'zh_CN.UTF-8'), ('VSCODE_GIT_ASKPASS_EXTRA_ARGS', ''), ('QT_IM_MODULE', 'ibus'), ('PWD', '/home/abc/planning_with_ros2/build/base_msgs'), ('LC_ALL', 'en_US.UTF-8'), ('XDG_CONFIG_DIRS', '/etc/xdg/xdg-ubuntu:/etc/xdg'), ('XDG_DATA_DIRS', '/usr/share/ubuntu:/usr/share/gnome:/usr/local/share/:/usr/share/:/var/lib/snapd/desktop'), ('PYTHONPATH', '/home/abc/planning_with_ros2/install/data_plot/lib/python3.10/site-packages:/home/abc/planning_with_ros2/install/base_msgs/local/lib/python3.10/dist-packages:/home/abc/perception_with_ros2/install/data_plot_per/lib/python3.10/site-packages:/home/abc/perception_with_ros2/install/base_msgs_per/local/lib/python3.10/dist-packages:/opt/ros/humble/lib/python3.10/site-packages:/opt/ros/humble/local/lib/python3.10/dist-packages'), ('LC_NUMERIC', 'zh_CN.UTF-8'), ('LC_PAPER', 'zh_CN.UTF-8'), ('COLCON', '1'), ('CMAKE_PREFIX_PATH', '/home/abc/planning_with_ros2/install/planning:/home/abc/planning_with_ros2/install/base_msgs:/home/abc/perception_with_ros2/install/perception:/home/abc/perception_with_ros2/install/base_msgs_per:/home/abc/planning_with_ros2/install/data_plot:/home/abc/perception_with_ros2/install/data_plot_per:/opt/ros/humble')]), 'shell': False}
[0.033040] (base_msgs) StdoutLine: {'line': b'[  0%] Built target base_msgs__cpp\n'}
[0.036173] (base_msgs) StdoutLine: {'line': b'[  0%] Built target ament_cmake_python_copy_base_msgs\n'}
[0.036423] (base_msgs) StdoutLine: {'line': b'[ 12%] Built target base_msgs__rosidl_generator_c\n'}
[0.047446] (base_msgs) StdoutLine: {'line': b'[ 24%] Built target base_msgs__rosidl_typesupport_cpp\n'}
[0.048599] (base_msgs) StdoutLine: {'line': b'[ 36%] Built target base_msgs__rosidl_typesupport_fastrtps_cpp\n'}
[0.049542] (base_msgs) StdoutLine: {'line': b'[ 48%] Built target base_msgs__rosidl_typesupport_c\n'}
[0.050542] (base_msgs) StdoutLine: {'line': b'[ 60%] Built target base_msgs__rosidl_typesupport_introspection_c\n'}
[0.050910] (base_msgs) StdoutLine: {'line': b'[ 72%] Built target base_msgs__rosidl_typesupport_introspection_cpp\n'}
[0.056106] (base_msgs) StdoutLine: {'line': b'[ 84%] Built target base_msgs__rosidl_typesupport_fastrtps_c\n'}
[0.063563] (base_msgs) StdoutLine: {'line': b'[ 84%] Built target base_msgs\n'}
[0.071828] (base_msgs) StdoutLine: {'line': b'[ 85%] Built target base_msgs__py\n'}
[0.084954] (base_msgs) StdoutLine: {'line': b'[ 96%] Built target base_msgs__rosidl_generator_py\n'}
[0.094238] (base_msgs) StdoutLine: {'line': b'[ 98%] Built target base_msgs__rosidl_typesupport_introspection_c__pyext\n'}
[0.094485] (base_msgs) StdoutLine: {'line': b'[ 99%] Built target base_msgs__rosidl_typesupport_fastrtps_c__pyext\n'}
[0.094644] (base_msgs) StdoutLine: {'line': b'[100%] Built target base_msgs__rosidl_typesupport_c__pyext\n'}
[0.099781] (-) TimerEvent: {}
[0.199989] (-) TimerEvent: {}
[0.300276] (-) TimerEvent: {}
[0.361213] (base_msgs) StdoutLine: {'line': b'running egg_info\n'}
[0.362017] (base_msgs) StdoutLine: {'line': b'writing base_msgs.egg-info/PKG-INFO\n'}
[0.362220] (base_msgs) StdoutLine: {'line': b'writing dependency_links to base_msgs.egg-info/dependency_links.txt\n'}
[0.362369] (base_msgs) StdoutLine: {'line': b'writing top-level names to base_msgs.egg-info/top_level.txt\n'}
[0.364720] (base_msgs) StdoutLine: {'line': b"reading manifest file 'base_msgs.egg-info/SOURCES.txt'\n"}
[0.365451] (base_msgs) StdoutLine: {'line': b"writing manifest file 'base_msgs.egg-info/SOURCES.txt'\n"}
[0.386036] (base_msgs) StdoutLine: {'line': b'[100%] Built target ament_cmake_python_build_base_msgs_egg\n'}
[0.390836] (base_msgs) CommandEnded: {'returncode': 0}
[0.391490] (base_msgs) JobProgress: {'identifier': 'base_msgs', 'progress': 'install'}
[0.393778] (base_msgs) Command: {'cmd': ['/usr/local/bin/cmake', '--install', '/home/abc/planning_with_ros2/build/base_msgs'], 'cwd': '/home/abc/planning_with_ros2/build/base_msgs', 'env': OrderedDict([('GJS_DEBUG_TOPICS', 'JS ERROR;JS LOG'), ('PYTHON_BASIC_REPL', '1'), ('LESSOPEN', '| /usr/bin/lesspipe %s'), ('LANGUAGE', 'en_US:en'), ('TENSORRT_DIR', '/home/abc/TensorRT-8.6'), ('USER', 'abc'), ('LC_TIME', 'zh_CN.UTF-8'), ('XDG_SESSION_TYPE', 'x11'), ('GIT_ASKPASS', '/usr/share/code/resources/app/extensions/git/dist/askpass.sh'), ('SHLVL', '1'), ('LD_LIBRARY_PATH', '/usr/local/cuda-11.8/lib64:/home/abc/planning_with_ros2/install/planning/lib:/usr/local/cuda-11.8/lib64:/home/abc/planning_with_ros2/install/planning/lib:/home/abc/planning_with_ros2/install/planning/lib:/home/abc/planning_with_ros2/install/base_msgs/lib:/home/abc/perception_with_ros2/install/perception/lib:/home/abc/perception_with_ros2/install/base_msgs_per/lib:/usr/lib/x86_64-linux-gnu/gazebo-11/plugins:/opt/ros/humble/opt/rviz_ogre_vendor/lib:/opt/ros/humble/lib/x86_64-linux-gnu:/opt/ros/humble/lib:/home/abc/TensorRT-8.6/lib:/home/abc/TensorRT-8.6/lib'), ('HOME', '/home/abc'), ('CHROME_DESKTOP', 'code.desktop'), ('TERM_PROGRAM_VERSION', '1.109.5'), ('DESKTOP_SESSION', 'ubuntu'), ('GIO_LAUNCHED_DESKTOP_FILE', '/usr/share/applications/code.desktop'), ('ROS_PYTHON_VERSION', '3'), ('GNOME_SHELL_SESSION_MODE', 'ubuntu'), ('GTK_MODULES', 'gail:atk-bridge'), ('VSCODE_GIT_ASKPASS_MAIN', '/usr/share/code/resources/app/extensions/git/dist/askpass-main.js'), ('LC_MONETARY', 'zh_CN.UTF-8'), ('VSCODE_GIT_ASKPASS_NODE', '/usr/share/code/code'), ('MANAGERPID', '1130'), ('PYDEVD_DISABLE_FILE_VALIDATION', '1'), ('SYSTEMD_EXEC_PID', '1595'), ('BUNDLED_DEBUGPY_PATH', '/home/abc/.vscode/extensions/ms-python.debugpy-2025.18.0-linux-x64/bundled/libs/debugpy'), ('VSCODE_PYTHON_AUTOACTIVATE_GUARD', '1'), ('DBUS_SESSION_BUS_ADDRESS', 'unix:path=/run/user/1000/bus'), ('COLORTERM', 'truecolor'), ('GIO_LAUNCHED_DESKTOP_FILE_PID', '364490'), ('COLCON_PREFIX_PATH', '/home/abc/planning_with_ros2/install:/home/abc/perception_with_ros2/install'), ('ROS_DISTRO', 'humble'), ('GTK_IM_MODULE', 'ibus'), ('LOGNAME', 'abc'), ('JOURNAL_STREAM', '8:6989'), ('_', '/usr/bin/colcon'), ('ROS_VERSION', '2'), ('XDG_SESSION_CLASS', 'user'), ('USERNAME', 'abc'), ('TERM', 'xterm-256color'), ('GNOME_DESKTOP_SESSION_ID', 'this-is-deprecated'), ('ROS2_PLANNING_COURSE_INSTALL', '/home/abc/planning_with_ros2/install'), ('FC_FONTATIONS', '1'), ('ROS_LOCALHOST_ONLY', '0'), ('WINDOWPATH', '2'), ('PATH', '/usr/local/cuda-11.8/bin:/home/abc/.config/Code/User/globalStorage/github.copilot-chat/debugCommand:/home/abc/.config/Code/User/globalStorage/github.copilot-chat/copilotCli:/usr/local/cuda-11.8/bin:/opt/ros/humble/bin:/usr/local/sbin:/usr/local/bin:/usr/sbin:/usr/bin:/sbin:/bin:/usr/games:/usr/local/games:/snap/bin:/snap/bin:/home/abc/.vscode/extensions/ms-python.debugpy-2025.18.0-linux-x64/bundled/scripts/noConfigScripts'), ('SESSION_MANAGER', 'local/abc-G3-3500:@/tmp/.ICE-unix/1554,unix/abc-G3-3500:/tmp/.ICE-unix/1554'), ('INVOCATION_ID', 'f3a9f1252eb845459ae16b5ad8fdee6d'), ('PAPERSIZE', 'a4'), ('XDG_MENU_PREFIX', 'gnome-'), ('LC_ADDRESS', 'zh_CN.UTF-8'), ('XDG_RUNTIME_DIR', '/run/user/1000'), ('GDK_BACKEND', 'x11'), ('DISPLAY', ':0'), ('VSCODE_DEBUGPY_ADAPTER_ENDPOINTS', '/home/abc/.vscode/extensions/ms-python.debugpy-2025.18.0-linux-x64/.noConfigDebugAdapterEndpoints/endpoint-73f3b4a0a422bf73.txt'), ('LANG', 'en_US.UTF-8'), ('XDG_CURRENT_DESKTOP', 'ubuntu:GNOME'), ('PYTHONSTARTUP', '/home/abc/.config/Code/User/workspaceStorage/4efd6db52f1c03b4cb1fb614d5084a17/ms-python.python/pythonrc.py'), ('LC_TELEPHONE', 'zh_CN.UTF-8'), ('XMODIFIERS', '@im=ibus'), ('XDG_SESSION_DESKTOP', 'ubuntu'), ('XAUTHORITY', '/run/user/1000/gdm/Xauthority'), ('LS_COLORS', 'rs=0:di=01;34:ln=01;36:mh=00:pi=40;33:so=01;35:do=01;35:bd=40;33;01:cd=40;33;01:or=40;31;01:mi=00:su=37;41:sg=30;43:ca=30;41:tw=30;42:ow=34;42:st=37;44:ex=01;32:*.tar=01;31:*.tgz=01;31:*.arc=01;31:*.arj=01;31:*.taz=01;31:*.lha=01;31:*.lz4=01;31:*.lzh=01;31:*.lzma=01;31:*.tlz=01;31:*.txz=01;31:*.tzo=01;31:*.t7z=01;31:*.zip=01;31:*.z=01;31:*.dz=01;31:*.gz=01;31:*.lrz=01;31:*.lz=01;31:*.lzo=01;31:*.xz=01;31:*.zst=01;31:*.tzst=01;31:*.bz2=01;31:*.bz=01;31:*.tbz=01;31:*.tbz2=01;31:*.tz=01;31:*.deb=01;31:*.rpm=01;31:*.jar=01;31:*.war=01;31:*.ear=01;31:*.sar=01;31:*.rar=01;31:*.alz=01;31:*.ace=01;31:*.zoo=01;31:*.cpio=01;31:*.7z=01;31:*.rz=01;31:*.cab=01;31:*.wim=01;31:*.swm=01;31:*.dwm=01;31:*.esd=01;31:*.jpg=01;35:*.jpeg=01;35:*.mjpg=01;35:*.mjpeg=01;35:*.gif=01;35:*.bmp=01;35:*.pbm=01;35:*.pgm=01;35:*.ppm=01;35:*.tga=01;35:*.xbm=01;35:*.xpm=01;35:*.tif=01;35:*.tiff=01;35:*.png=01;35:*.svg=01;35:*.svgz=01;35:*.mng=01;35:*.pcx=01;35:*.mov=01;35:*.mpg=01;35:*.mpeg=01;35:*.m2v=01;35:*.mkv=01;35:*.webm=01;35:*.webp=01;35:*.ogm=01;35:*.mp4=01;35:*.m4v=01;35:*.mp4v=01;35:*.vob=01;35:*.qt=01;35:*.nuv=01;35:*.wmv=01;35:*.asf=01;35:*.rm=01;35:*.rmvb=01;35:*.flc=01;35:*.avi=01;35:*.fli=01;35:*.flv=01;35:*.gl=01;35:*.dl=01;35:*.xcf=01;35:*.xwd=01;35:*.yuv=01;35:*.cgm=01;35:*.emf=01;35:*.ogv=01;35:*.ogx=01;35:*.aac=00;36:*.au=00;36:*.flac=00;36:*.m4a=00;36:*.mid=00;36:*.midi=00;36:*.mka=00;36:*.mp3=00;36:*.mpc=00;36:*.ogg=00;36:*.ra=00;36:*.wav=00;36:*.oga=00;36:*.opus=00;36:*.spx=00;36:*.xspf=00;36:'), ('VSCODE_GIT_IPC_HANDLE', '/run/user/1000/vscode-git-c59a044dc2.sock'), ('TERM_PROGRAM', 'vscode'), ('SSH_AGENT_LAUNCHER', 'gnome-keyring'), ('SSH_AUTH_SOCK', '/run/user/1000/keyring/ssh'), ('ROS_DOMAIN_ID', '2'), ('AMENT_PREFIX_PATH', '/home/abc/planning_with_ros2/install/planning:/home/abc/planning_with_ros2/install/data_plot:/home/abc/planning_with_ros2/install/base_msgs:/home/abc/perception_with_ros2/install/perception:/home/abc/perception_with_ros2/install/data_plot_per:/home/abc/perception_with_ros2/install/base_msgs_per:/opt/ros/humble'), ('SHELL', '/bin/bash'), ('LC_NAME', 'zh_CN.UTF-8'), ('QT_ACCESSIBILITY', '1'), ('GDMSESSION', 'ubuntu'), ('LESSCLOSE', '/usr/bin/lesspipe %s %s'), ('LC_MEASUREMENT', 'zh_CN.UTF-8'), ('GPG_AGENT_INFO', '/run/user/1000/gnupg/S.gpg-agent:0:1'), ('GJS_DEBUG_OUTPUT', 'stderr'), ('LC_IDENTIFICATION', 'zh_CN.UTF-8'), ('VSCODE_GIT_ASKPASS_EXTRA_ARGS', ''), ('QT_IM_MODULE', 'ibus'), ('PWD', '/home/abc/planning_with_ros2/build/base_msgs'), ('LC_ALL', 'en_US.UTF-8'), ('XDG_CONFIG_DIRS', '/etc/xdg/xdg-ubuntu:/etc/xdg'), ('XDG_DATA_DIRS', '/usr/share/ubuntu:/usr/share/gnome:/usr/local/share/:/usr/share/:/var/lib/snapd/desktop'), ('PYTHONPATH', '/home/abc/planning_with_ros2/install/data_plot/lib/python3.10/site-packages:/home/abc/planning_with_ros2/install/base_msgs/local/lib/python3.10/dist-packages:/home/abc/perception_with_ros2/install/data_plot_per/lib/python3.10/site-packages:/home/abc/perception_with_ros2/install/base_msgs_per/local/lib/python3.10/dist-packages:/opt/ros/humble/lib/python3.10/site-packages:/opt/ros/humble/local/lib/python3.10/dist-packages'), ('LC_NUMERIC', 'zh_CN.UTF-8'), ('LC_PAPER', 'zh_CN.UTF-8'), ('COLCON', '1'), ('CMAKE_PREFIX_PATH', '/home/abc/planning_with_ros2/install/planning:/home/abc/planning_with_ros2/install/base_msgs:/home/abc/perception_with_ros2/install/perception:/home/abc/perception_with_ros2/install/base_msgs_per:/home/abc/planning_with_ros2/install/data_plot:/home/abc/perception_with_ros2/install/data_plot_per:/opt/ros/humble')]), 'shell': False}
[0.396954] (base_msgs) StdoutLine: {'line': b'-- Install configuration: ""\n'}
[0.397141] (base_msgs) StdoutLine: {'line': b'-- Up-to-date: /home/abc/planning_with_ros2/install/base_msgs/share/ament_index/resource_index/rosidl_interfaces/base_msgs\n'}
[0.397336] (base_msgs) StdoutLine: {'line': b'-- Up-to-date: /home/abc/planning_with_ros2/install/base_msgs/include/base_msgs/base_msgs\n'}
[0.397507] (base_msgs) StdoutLine: {'line': b'-- Up-to-date: /home/abc/planning_with_ros2/install/base_msgs/include/base_msgs/base_msgs/msg\n'}
[0.397683] (base_msgs) StdoutLine: {'line': b'-- Up-to-date: /home/abc/planning_with_ros2/install/base_msgs/include/base_msgs/base_msgs/msg/pnc_map.h\n'}
[0.397864] (base_msgs) StdoutLine: {'line': b'-- Up-to-date: /home/abc/planning_with_ros2/install/base_msgs/include/base_msgs/base_msgs/msg/local_trajectory_point.h\n'}
[0.398035] (base_msgs) StdoutLine: {'line': b'-- Up-to-date: /home/abc/planning_with_ros2/install/base_msgs/include/base_msgs/base_msgs/msg/plot_info.h\n'}
[0.398224] (base_msgs) StdoutLine: {'line': b'-- Up-to-date: /home/abc/planning_with_ros2/install/base_msgs/include/base_msgs/base_msgs/msg/rosidl_generator_c__visibility_control.h\n'}
[0.398405] (base_msgs) StdoutLine: {'line': b'-- Up-to-date: /home/abc/planning_with_ros2/install/base_msgs/include/base_msgs/base_msgs/msg/local_path.h\n'}
[0.398579] (base_msgs) StdoutLine: {'line': b'-- Up-to-date: /home/abc/planning_with_ros2/install/base_msgs/include/base_msgs/base_msgs/msg/detail\n'}
[0.398755] (base_msgs) StdoutLine: {'line': b'-- Up-to-date: /home/abc/planning_with_ros2/install/base_msgs/include/base_msgs/base_msgs/msg/detail/obs_info__type_support.h\n'}
[0.398942] (base_msgs) StdoutLine: {'line': b'-- Up-to-date: /home/abc/planning_with_ros2/install/base_msgs/include/base_msgs/base_msgs/msg/detail/local_speeds__functions.c\n'}
[0.399105] (base_msgs) StdoutLine: {'line': b'-- Up-to-date: /home/abc/planning_with_ros2/install/base_msgs/include/base_msgs/base_msgs/msg/detail/local_speeds_point__struct.h\n'}
[0.399287] (base_msgs) StdoutLine: {'line': b'-- Up-to-date: /home/abc/planning_with_ros2/install/base_msgs/include/base_msgs/base_msgs/msg/detail/referline_point__type_support.h\n'}
[0.399439] (base_msgs) StdoutLine: {'line': b'-- Up-to-date: /home/abc/planning_with_ros2/install/base_msgs/include/base_msgs/base_msgs/msg/detail/obs_info__struct.h\n'}
[0.399588] (base_msgs) StdoutLine: {'line': b'-- Up-to-date: /home/abc/planning_with_ros2/install/base_msgs/include/base_msgs/base_msgs/msg/detail/referline__struct.h\n'}
[0.399721] (base_msgs) StdoutLine: {'line': b'-- Up-to-date: /home/abc/planning_with_ros2/install/base_msgs/include/base_msgs/base_msgs/msg/detail/local_speeds__functions.h\n'}
[0.399867] (base_msgs) StdoutLine: {'line': b'-- Up-to-date: /home/abc/planning_with_ros2/install/base_msgs/include/base_msgs/base_msgs/msg/detail/local_path_point__functions.h\n'}
[0.399980] (base_msgs) StdoutLine: {'line': b'-- Up-to-date: /home/abc/planning_with_ros2/install/base_msgs/include/base_msgs/base_msgs/msg/detail/pnc_map__struct.h\n'}
[0.400132] (base_msgs) StdoutLine: {'line': b'-- Up-to-date: /home/abc/planning_with_ros2/install/base_msgs/include/base_msgs/base_msgs/msg/detail/plot_info__struct.h\n'}
[0.400302] (-) TimerEvent: {}
[0.400479] (base_msgs) StdoutLine: {'line': b'-- Up-to-date: /home/abc/planning_with_ros2/install/base_msgs/include/base_msgs/base_msgs/msg/detail/local_path_point__struct.h\n'}
[0.400811] (base_msgs) StdoutLine: {'line': b'-- Up-to-date: /home/abc/planning_with_ros2/install/base_msgs/include/base_msgs/base_msgs/msg/detail/local_path__struct.h\n'}
[0.400962] (base_msgs) StdoutLine: {'line': b'-- Up-to-date: /home/abc/planning_with_ros2/install/base_msgs/include/base_msgs/base_msgs/msg/detail/obs_info__functions.h\n'}
[0.401074] (base_msgs) StdoutLine: {'line': b'-- Up-to-date: /home/abc/planning_with_ros2/install/base_msgs/include/base_msgs/base_msgs/msg/detail/obs_info__functions.c\n'}
[0.401206] (base_msgs) StdoutLine: {'line': b'-- Up-to-date: /home/abc/planning_with_ros2/install/base_msgs/include/base_msgs/base_msgs/msg/detail/local_speeds__struct.h\n'}
[0.401341] (base_msgs) StdoutLine: {'line': b'-- Up-to-date: /home/abc/planning_with_ros2/install/base_msgs/include/base_msgs/base_msgs/msg/detail/referline__functions.h\n'}
[0.401541] (base_msgs) StdoutLine: {'line': b'-- Up-to-date: /home/abc/planning_with_ros2/install/base_msgs/include/base_msgs/base_msgs/msg/detail/local_trajectory__type_support.h\n'}
[0.401658] (base_msgs) StdoutLine: {'line': b'-- Up-to-date: /home/abc/planning_with_ros2/install/base_msgs/include/base_msgs/base_msgs/msg/detail/local_trajectory__functions.h\n'}
[0.401845] (base_msgs) StdoutLine: {'line': b'-- Up-to-date: /home/abc/planning_with_ros2/install/base_msgs/include/base_msgs/base_msgs/msg/detail/local_path_point__type_support.h\n'}
[0.402027] (base_msgs) StdoutLine: {'line': b'-- Up-to-date: /home/abc/planning_with_ros2/install/base_msgs/include/base_msgs/base_msgs/msg/detail/local_path_point__functions.c\n'}
[0.402188] (base_msgs) StdoutLine: {'line': b'-- Up-to-date: /home/abc/planning_with_ros2/install/base_msgs/include/base_msgs/base_msgs/msg/detail/referline__type_support.h\n'}
[0.402302] (base_msgs) StdoutLine: {'line': b'-- Up-to-date: /home/abc/planning_with_ros2/install/base_msgs/include/base_msgs/base_msgs/msg/detail/local_trajectory_point__functions.c\n'}
[0.402436] (base_msgs) StdoutLine: {'line': b'-- Up-to-date: /home/abc/planning_with_ros2/install/base_msgs/include/base_msgs/base_msgs/msg/detail/local_trajectory_point__functions.h\n'}
[0.402546] (base_msgs) StdoutLine: {'line': b'-- Up-to-date: /home/abc/planning_with_ros2/install/base_msgs/include/base_msgs/base_msgs/msg/detail/local_path__functions.h\n'}
[0.402656] (base_msgs) StdoutLine: {'line': b'-- Up-to-date: /home/abc/planning_with_ros2/install/base_msgs/include/base_msgs/base_msgs/msg/detail/pnc_map__functions.c\n'}
[0.402786] (base_msgs) StdoutLine: {'line': b'-- Up-to-date: /home/abc/planning_with_ros2/install/base_msgs/include/base_msgs/base_msgs/msg/detail/referline__functions.c\n'}
[0.402905] (base_msgs) StdoutLine: {'line': b'-- Up-to-date: /home/abc/planning_with_ros2/install/base_msgs/include/base_msgs/base_msgs/msg/detail/referline_point__struct.h\n'}
[0.403052] (base_msgs) StdoutLine: {'line': b'-- Up-to-date: /home/abc/planning_with_ros2/install/base_msgs/include/base_msgs/base_msgs/msg/detail/local_trajectory__struct.h\n'}
[0.403194] (base_msgs) StdoutLine: {'line': b'-- Up-to-date: /home/abc/planning_with_ros2/install/base_msgs/include/base_msgs/base_msgs/msg/detail/local_speeds_point__type_support.h\n'}
[0.403364] (base_msgs) StdoutLine: {'line': b'-- Up-to-date: /home/abc/planning_with_ros2/install/base_msgs/include/base_msgs/base_msgs/msg/detail/local_speeds_point__functions.h\n'}
[0.403537] (base_msgs) StdoutLine: {'line': b'-- Up-to-date: /home/abc/planning_with_ros2/install/base_msgs/include/base_msgs/base_msgs/msg/detail/local_trajectory_point__struct.h\n'}
[0.403726] (base_msgs) StdoutLine: {'line': b'-- Up-to-date: /home/abc/planning_with_ros2/install/base_msgs/include/base_msgs/base_msgs/msg/detail/local_path__functions.c\n'}
[0.403888] (base_msgs) StdoutLine: {'line': b'-- Up-to-date: /home/abc/planning_with_ros2/install/base_msgs/include/base_msgs/base_msgs/msg/detail/plot_info__functions.c\n'}
[0.404062] (base_msgs) StdoutLine: {'line': b'-- Up-to-date: /home/abc/planning_with_ros2/install/base_msgs/include/base_msgs/base_msgs/msg/detail/local_trajectory__functions.c\n'}
[0.404220] (base_msgs) StdoutLine: {'line': b'-- Up-to-date: /home/abc/planning_with_ros2/install/base_msgs/include/base_msgs/base_msgs/msg/detail/local_speeds__type_support.h\n'}
[0.404374] (base_msgs) StdoutLine: {'line': b'-- Up-to-date: /home/abc/planning_with_ros2/install/base_msgs/include/base_msgs/base_msgs/msg/detail/plot_info__type_support.h\n'}
[0.404549] (base_msgs) StdoutLine: {'line': b'-- Up-to-date: /home/abc/planning_with_ros2/install/base_msgs/include/base_msgs/base_msgs/msg/detail/referline_point__functions.c\n'}
[0.404698] (base_msgs) StdoutLine: {'line': b'-- Up-to-date: /home/abc/planning_with_ros2/install/base_msgs/include/base_msgs/base_msgs/msg/detail/local_path__type_support.h\n'}
[0.404862] (base_msgs) StdoutLine: {'line': b'-- Up-to-date: /home/abc/planning_with_ros2/install/base_msgs/include/base_msgs/base_msgs/msg/detail/plot_info__functions.h\n'}
[0.405021] (base_msgs) StdoutLine: {'line': b'-- Up-to-date: /home/abc/planning_with_ros2/install/base_msgs/include/base_msgs/base_msgs/msg/detail/pnc_map__type_support.h\n'}
[0.405173] (base_msgs) StdoutLine: {'line': b'-- Up-to-date: /home/abc/planning_with_ros2/install/base_msgs/include/base_msgs/base_msgs/msg/detail/pnc_map__functions.h\n'}
[0.405314] (base_msgs) StdoutLine: {'line': b'-- Up-to-date: /home/abc/planning_with_ros2/install/base_msgs/include/base_msgs/base_msgs/msg/detail/local_trajectory_point__type_support.h\n'}
[0.405476] (base_msgs) StdoutLine: {'line': b'-- Up-to-date: /home/abc/planning_with_ros2/install/base_msgs/include/base_msgs/base_msgs/msg/detail/local_speeds_point__functions.c\n'}
[0.405633] (base_msgs) StdoutLine: {'line': b'-- Up-to-date: /home/abc/planning_with_ros2/install/base_msgs/include/base_msgs/base_msgs/msg/detail/referline_point__functions.h\n'}
[0.405814] (base_msgs) StdoutLine: {'line': b'-- Up-to-date: /home/abc/planning_with_ros2/install/base_msgs/include/base_msgs/base_msgs/msg/referline_point.h\n'}
[0.405933] (base_msgs) StdoutLine: {'line': b'-- Up-to-date: /home/abc/planning_with_ros2/install/base_msgs/include/base_msgs/base_msgs/msg/obs_info.h\n'}
[0.406041] (base_msgs) StdoutLine: {'line': b'-- Up-to-date: /home/abc/planning_with_ros2/install/base_msgs/include/base_msgs/base_msgs/msg/referline.h\n'}
[0.406157] (base_msgs) StdoutLine: {'line': b'-- Up-to-date: /home/abc/planning_with_ros2/install/base_msgs/include/base_msgs/base_msgs/msg/local_speeds_point.h\n'}
[0.406301] (base_msgs) StdoutLine: {'line': b'-- Up-to-date: /home/abc/planning_with_ros2/install/base_msgs/include/base_msgs/base_msgs/msg/local_speeds.h\n'}
[0.406464] (base_msgs) StdoutLine: {'line': b'-- Up-to-date: /home/abc/planning_with_ros2/install/base_msgs/include/base_msgs/base_msgs/msg/local_trajectory.h\n'}
[0.406635] (base_msgs) StdoutLine: {'line': b'-- Up-to-date: /home/abc/planning_with_ros2/install/base_msgs/include/base_msgs/base_msgs/msg/local_path_point.h\n'}
[0.406811] (base_msgs) StdoutLine: {'line': b'-- Up-to-date: /home/abc/planning_with_ros2/install/base_msgs/include/base_msgs/base_msgs/srv\n'}
[0.406973] (base_msgs) StdoutLine: {'line': b'-- Up-to-date: /home/abc/planning_with_ros2/install/base_msgs/include/base_msgs/base_msgs/srv/detail\n'}
[0.407122] (base_msgs) StdoutLine: {'line': b'-- Up-to-date: /home/abc/planning_with_ros2/install/base_msgs/include/base_msgs/base_msgs/srv/detail/global_path_service__functions.h\n'}
[0.407268] (base_msgs) StdoutLine: {'line': b'-- Up-to-date: /home/abc/planning_with_ros2/install/base_msgs/include/base_msgs/base_msgs/srv/detail/pnc_map_service__struct.h\n'}
[0.407376] (base_msgs) StdoutLine: {'line': b'-- Up-to-date: /home/abc/planning_with_ros2/install/base_msgs/include/base_msgs/base_msgs/srv/detail/pnc_map_service__functions.c\n'}
[0.407506] (base_msgs) StdoutLine: {'line': b'-- Up-to-date: /home/abc/planning_with_ros2/install/base_msgs/include/base_msgs/base_msgs/srv/detail/global_path_service__type_support.h\n'}
[0.407610] (base_msgs) StdoutLine: {'line': b'-- Up-to-date: /home/abc/planning_with_ros2/install/base_msgs/include/base_msgs/base_msgs/srv/detail/global_path_service__struct.h\n'}
[0.407731] (base_msgs) StdoutLine: {'line': b'-- Up-to-date: /home/abc/planning_with_ros2/install/base_msgs/include/base_msgs/base_msgs/srv/detail/pnc_map_service__type_support.h\n'}
[0.407843] (base_msgs) StdoutLine: {'line': b'-- Up-to-date: /home/abc/planning_with_ros2/install/base_msgs/include/base_msgs/base_msgs/srv/detail/global_path_service__functions.c\n'}
[0.407975] (base_msgs) StdoutLine: {'line': b'-- Up-to-date: /home/abc/planning_with_ros2/install/base_msgs/include/base_msgs/base_msgs/srv/detail/pnc_map_service__functions.h\n'}
[0.408077] (base_msgs) StdoutLine: {'line': b'-- Up-to-date: /home/abc/planning_with_ros2/install/base_msgs/include/base_msgs/base_msgs/srv/pnc_map_service.h\n'}
[0.408216] (base_msgs) StdoutLine: {'line': b'-- Up-to-date: /home/abc/planning_with_ros2/install/base_msgs/include/base_msgs/base_msgs/srv/global_path_service.h\n'}
[0.408356] (base_msgs) StdoutLine: {'line': b'-- Up-to-date: /home/abc/planning_with_ros2/install/base_msgs/share/base_msgs/environment/library_path.sh\n'}
[0.408465] (base_msgs) StdoutLine: {'line': b'-- Up-to-date: /home/abc/planning_with_ros2/install/base_msgs/share/base_msgs/environment/library_path.dsv\n'}
[0.408592] (base_msgs) StdoutLine: {'line': b'-- Up-to-date: /home/abc/planning_with_ros2/install/base_msgs/lib/libbase_msgs__rosidl_generator_c.so\n'}
[0.408716] (base_msgs) StdoutLine: {'line': b'-- Up-to-date: /home/abc/planning_with_ros2/install/base_msgs/include/base_msgs/base_msgs\n'}
[0.408857] (base_msgs) StdoutLine: {'line': b'-- Up-to-date: /home/abc/planning_with_ros2/install/base_msgs/include/base_msgs/base_msgs/msg\n'}
[0.408968] (base_msgs) StdoutLine: {'line': b'-- Up-to-date: /home/abc/planning_with_ros2/install/base_msgs/include/base_msgs/base_msgs/msg/rosidl_typesupport_fastrtps_c__visibility_control.h\n'}
[0.409111] (base_msgs) StdoutLine: {'line': b'-- Up-to-date: /home/abc/planning_with_ros2/install/base_msgs/include/base_msgs/base_msgs/msg/detail\n'}
[0.409253] (base_msgs) StdoutLine: {'line': b'-- Up-to-date: /home/abc/planning_with_ros2/install/base_msgs/include/base_msgs/base_msgs/msg/detail/obs_info__rosidl_typesupport_fastrtps_c.h\n'}
[0.409362] (base_msgs) StdoutLine: {'line': b'-- Up-to-date: /home/abc/planning_with_ros2/install/base_msgs/include/base_msgs/base_msgs/msg/detail/local_trajectory_point__rosidl_typesupport_fastrtps_c.h\n'}
[0.409469] (base_msgs) StdoutLine: {'line': b'-- Up-to-date: /home/abc/planning_with_ros2/install/base_msgs/include/base_msgs/base_msgs/msg/detail/local_speeds__rosidl_typesupport_fastrtps_c.h\n'}
[0.409573] (base_msgs) StdoutLine: {'line': b'-- Up-to-date: /home/abc/planning_with_ros2/install/base_msgs/include/base_msgs/base_msgs/msg/detail/local_speeds_point__rosidl_typesupport_fastrtps_c.h\n'}
[0.409676] (base_msgs) StdoutLine: {'line': b'-- Up-to-date: /home/abc/planning_with_ros2/install/base_msgs/include/base_msgs/base_msgs/msg/detail/plot_info__rosidl_typesupport_fastrtps_c.h\n'}
[0.409817] (base_msgs) StdoutLine: {'line': b'-- Up-to-date: /home/abc/planning_with_ros2/install/base_msgs/include/base_msgs/base_msgs/msg/detail/local_trajectory__rosidl_typesupport_fastrtps_c.h\n'}
[0.410114] (base_msgs) StdoutLine: {'line': b'-- Up-to-date: /home/abc/planning_with_ros2/install/base_msgs/include/base_msgs/base_msgs/msg/detail/local_path_point__rosidl_typesupport_fastrtps_c.h\n'}
[0.410223] (base_msgs) StdoutLine: {'line': b'-- Up-to-date: /home/abc/planning_with_ros2/install/base_msgs/include/base_msgs/base_msgs/msg/detail/referline_point__rosidl_typesupport_fastrtps_c.h\n'}
[0.410318] (base_msgs) StdoutLine: {'line': b'-- Up-to-date: /home/abc/planning_with_ros2/install/base_msgs/include/base_msgs/base_msgs/msg/detail/pnc_map__rosidl_typesupport_fastrtps_c.h\n'}
[0.410392] (base_msgs) StdoutLine: {'line': b'-- Up-to-date: /home/abc/planning_with_ros2/install/base_msgs/include/base_msgs/base_msgs/msg/detail/referline__rosidl_typesupport_fastrtps_c.h\n'}
[0.410451] (base_msgs) StdoutLine: {'line': b'-- Up-to-date: /home/abc/planning_with_ros2/install/base_msgs/include/base_msgs/base_msgs/msg/detail/local_path__rosidl_typesupport_fastrtps_c.h\n'}
[0.410517] (base_msgs) StdoutLine: {'line': b'-- Up-to-date: /home/abc/planning_with_ros2/install/base_msgs/include/base_msgs/base_msgs/srv\n'}
[0.410576] (base_msgs) StdoutLine: {'line': b'-- Up-to-date: /home/abc/planning_with_ros2/install/base_msgs/include/base_msgs/base_msgs/srv/detail\n'}
[0.410642] (base_msgs) StdoutLine: {'line': b'-- Up-to-date: /home/abc/planning_with_ros2/install/base_msgs/include/base_msgs/base_msgs/srv/detail/pnc_map_service__rosidl_typesupport_fastrtps_c.h\n'}
[0.410724] (base_msgs) StdoutLine: {'line': b'-- Up-to-date: /home/abc/planning_with_ros2/install/base_msgs/include/base_msgs/base_msgs/srv/detail/global_path_service__rosidl_typesupport_fastrtps_c.h\n'}
[0.410822] (base_msgs) StdoutLine: {'line': b'-- Up-to-date: /home/abc/planning_with_ros2/install/base_msgs/lib/libbase_msgs__rosidl_typesupport_fastrtps_c.so\n'}
[0.410885] (base_msgs) StdoutLine: {'line': b'-- Up-to-date: /home/abc/planning_with_ros2/install/base_msgs/include/base_msgs/base_msgs\n'}
[0.410943] (base_msgs) StdoutLine: {'line': b'-- Up-to-date: /home/abc/planning_with_ros2/install/base_msgs/include/base_msgs/base_msgs/msg\n'}
[0.411023] (base_msgs) StdoutLine: {'line': b'-- Up-to-date: /home/abc/planning_with_ros2/install/base_msgs/include/base_msgs/base_msgs/msg/rosidl_typesupport_introspection_c__visibility_control.h\n'}
[0.411108] (base_msgs) StdoutLine: {'line': b'-- Up-to-date: /home/abc/planning_with_ros2/install/base_msgs/include/base_msgs/base_msgs/msg/detail\n'}
[0.411200] (base_msgs) StdoutLine: {'line': b'-- Up-to-date: /home/abc/planning_with_ros2/install/base_msgs/include/base_msgs/base_msgs/msg/detail/local_trajectory__type_support.c\n'}
[0.411309] (base_msgs) StdoutLine: {'line': b'-- Up-to-date: /home/abc/planning_with_ros2/install/base_msgs/include/base_msgs/base_msgs/msg/detail/local_path_point__rosidl_typesupport_introspection_c.h\n'}
[0.411404] (base_msgs) StdoutLine: {'line': b'-- Up-to-date: /home/abc/planning_with_ros2/install/base_msgs/include/base_msgs/base_msgs/msg/detail/local_speeds_point__type_support.c\n'}
[0.411494] (base_msgs) StdoutLine: {'line': b'-- Up-to-date: /home/abc/planning_with_ros2/install/base_msgs/include/base_msgs/base_msgs/msg/detail/referline__type_support.c\n'}
[0.411580] (base_msgs) StdoutLine: {'line': b'-- Up-to-date: /home/abc/planning_with_ros2/install/base_msgs/include/base_msgs/base_msgs/msg/detail/pnc_map__rosidl_typesupport_introspection_c.h\n'}
[0.411665] (base_msgs) StdoutLine: {'line': b'-- Up-to-date: /home/abc/planning_with_ros2/install/base_msgs/include/base_msgs/base_msgs/msg/detail/local_speeds_point__rosidl_typesupport_introspection_c.h\n'}
[0.411769] (base_msgs) StdoutLine: {'line': b'-- Up-to-date: /home/abc/planning_with_ros2/install/base_msgs/include/base_msgs/base_msgs/msg/detail/local_trajectory__rosidl_typesupport_introspection_c.h\n'}
[0.411869] (base_msgs) StdoutLine: {'line': b'-- Up-to-date: /home/abc/planning_with_ros2/install/base_msgs/include/base_msgs/base_msgs/msg/detail/local_speeds__type_support.c\n'}
[0.411959] (base_msgs) StdoutLine: {'line': b'-- Up-to-date: /home/abc/planning_with_ros2/install/base_msgs/include/base_msgs/base_msgs/msg/detail/referline_point__type_support.c\n'}
[0.412057] (base_msgs) StdoutLine: {'line': b'-- Up-to-date: /home/abc/planning_with_ros2/install/base_msgs/include/base_msgs/base_msgs/msg/detail/referline_point__rosidl_typesupport_introspection_c.h\n'}
[0.412149] (base_msgs) StdoutLine: {'line': b'-- Up-to-date: /home/abc/planning_with_ros2/install/base_msgs/include/base_msgs/base_msgs/msg/detail/pnc_map__type_support.c\n'}
[0.412235] (base_msgs) StdoutLine: {'line': b'-- Up-to-date: /home/abc/planning_with_ros2/install/base_msgs/include/base_msgs/base_msgs/msg/detail/referline__rosidl_typesupport_introspection_c.h\n'}
[0.412295] (base_msgs) StdoutLine: {'line': b'-- Up-to-date: /home/abc/planning_with_ros2/install/base_msgs/include/base_msgs/base_msgs/msg/detail/local_trajectory_point__rosidl_typesupport_introspection_c.h\n'}
[0.412354] (base_msgs) StdoutLine: {'line': b'-- Up-to-date: /home/abc/planning_with_ros2/install/base_msgs/include/base_msgs/base_msgs/msg/detail/obs_info__rosidl_typesupport_introspection_c.h\n'}
[0.412411] (base_msgs) StdoutLine: {'line': b'-- Up-to-date: /home/abc/planning_with_ros2/install/base_msgs/include/base_msgs/base_msgs/msg/detail/obs_info__type_support.c\n'}
[0.412467] (base_msgs) StdoutLine: {'line': b'-- Up-to-date: /home/abc/planning_with_ros2/install/base_msgs/include/base_msgs/base_msgs/msg/detail/local_path__type_support.c\n'}
[0.412523] (base_msgs) StdoutLine: {'line': b'-- Up-to-date: /home/abc/planning_with_ros2/install/base_msgs/include/base_msgs/base_msgs/msg/detail/local_path_point__type_support.c\n'}
[0.412579] (base_msgs) StdoutLine: {'line': b'-- Up-to-date: /home/abc/planning_with_ros2/install/base_msgs/include/base_msgs/base_msgs/msg/detail/local_trajectory_point__type_support.c\n'}
[0.412634] (base_msgs) StdoutLine: {'line': b'-- Up-to-date: /home/abc/planning_with_ros2/install/base_msgs/include/base_msgs/base_msgs/msg/detail/plot_info__type_support.c\n'}
[0.412691] (base_msgs) StdoutLine: {'line': b'-- Up-to-date: /home/abc/planning_with_ros2/install/base_msgs/include/base_msgs/base_msgs/msg/detail/local_speeds__rosidl_typesupport_introspection_c.h\n'}
[0.412746] (base_msgs) StdoutLine: {'line': b'-- Up-to-date: /home/abc/planning_with_ros2/install/base_msgs/include/base_msgs/base_msgs/msg/detail/local_path__rosidl_typesupport_introspection_c.h\n'}
[0.412831] (base_msgs) StdoutLine: {'line': b'-- Up-to-date: /home/abc/planning_with_ros2/install/base_msgs/include/base_msgs/base_msgs/msg/detail/plot_info__rosidl_typesupport_introspection_c.h\n'}
[0.412892] (base_msgs) StdoutLine: {'line': b'-- Up-to-date: /home/abc/planning_with_ros2/install/base_msgs/include/base_msgs/base_msgs/srv\n'}
[0.412949] (base_msgs) StdoutLine: {'line': b'-- Up-to-date: /home/abc/planning_with_ros2/install/base_msgs/include/base_msgs/base_msgs/srv/detail\n'}
[0.413005] (base_msgs) StdoutLine: {'line': b'-- Up-to-date: /home/abc/planning_with_ros2/install/base_msgs/include/base_msgs/base_msgs/srv/detail/global_path_service__type_support.c\n'}
[0.413069] (base_msgs) StdoutLine: {'line': b'-- Up-to-date: /home/abc/planning_with_ros2/install/base_msgs/include/base_msgs/base_msgs/srv/detail/global_path_service__rosidl_typesupport_introspection_c.h\n'}
[0.413142] (base_msgs) StdoutLine: {'line': b'-- Up-to-date: /home/abc/planning_with_ros2/install/base_msgs/include/base_msgs/base_msgs/srv/detail/pnc_map_service__rosidl_typesupport_introspection_c.h\n'}
[0.413200] (base_msgs) StdoutLine: {'line': b'-- Up-to-date: /home/abc/planning_with_ros2/install/base_msgs/include/base_msgs/base_msgs/srv/detail/pnc_map_service__type_support.c\n'}
[0.413257] (base_msgs) StdoutLine: {'line': b'-- Up-to-date: /home/abc/planning_with_ros2/install/base_msgs/lib/libbase_msgs__rosidl_typesupport_introspection_c.so\n'}
[0.413313] (base_msgs) StdoutLine: {'line': b'-- Up-to-date: /home/abc/planning_with_ros2/install/base_msgs/lib/libbase_msgs__rosidl_typesupport_c.so\n'}
[0.413370] (base_msgs) StdoutLine: {'line': b'-- Up-to-date: /home/abc/planning_with_ros2/install/base_msgs/include/base_msgs/base_msgs\n'}
[0.413432] (base_msgs) StdoutLine: {'line': b'-- Up-to-date: /home/abc/planning_with_ros2/install/base_msgs/include/base_msgs/base_msgs/msg\n'}
[0.413488] (base_msgs) StdoutLine: {'line': b'-- Up-to-date: /home/abc/planning_with_ros2/install/base_msgs/include/base_msgs/base_msgs/msg/local_speeds.hpp\n'}
[0.413545] (base_msgs) StdoutLine: {'line': b'-- Up-to-date: /home/abc/planning_with_ros2/install/base_msgs/include/base_msgs/base_msgs/msg/local_path_point.hpp\n'}
[0.413612] (base_msgs) StdoutLine: {'line': b'-- Up-to-date: /home/abc/planning_with_ros2/install/base_msgs/include/base_msgs/base_msgs/msg/detail\n'}
[0.413711] (base_msgs) StdoutLine: {'line': b'-- Up-to-date: /home/abc/planning_with_ros2/install/base_msgs/include/base_msgs/base_msgs/msg/detail/pnc_map__traits.hpp\n'}
[0.413815] (base_msgs) StdoutLine: {'line': b'-- Up-to-date: /home/abc/planning_with_ros2/install/base_msgs/include/base_msgs/base_msgs/msg/detail/local_trajectory_point__type_support.hpp\n'}
[0.413911] (base_msgs) StdoutLine: {'line': b'-- Up-to-date: /home/abc/planning_with_ros2/install/base_msgs/include/base_msgs/base_msgs/msg/detail/obs_info__builder.hpp\n'}
[0.414000] (base_msgs) StdoutLine: {'line': b'-- Up-to-date: /home/abc/planning_with_ros2/install/base_msgs/include/base_msgs/base_msgs/msg/detail/referline_point__type_support.hpp\n'}
[0.414086] (base_msgs) StdoutLine: {'line': b'-- Up-to-date: /home/abc/planning_with_ros2/install/base_msgs/include/base_msgs/base_msgs/msg/detail/local_path__struct.hpp\n'}
[0.414170] (base_msgs) StdoutLine: {'line': b'-- Up-to-date: /home/abc/planning_with_ros2/install/base_msgs/include/base_msgs/base_msgs/msg/detail/plot_info__struct.hpp\n'}
[0.414256] (base_msgs) StdoutLine: {'line': b'-- Up-to-date: /home/abc/planning_with_ros2/install/base_msgs/include/base_msgs/base_msgs/msg/detail/pnc_map__builder.hpp\n'}
[0.414351] (base_msgs) StdoutLine: {'line': b'-- Up-to-date: /home/abc/planning_with_ros2/install/base_msgs/include/base_msgs/base_msgs/msg/detail/plot_info__builder.hpp\n'}
[0.414444] (base_msgs) StdoutLine: {'line': b'-- Up-to-date: /home/abc/planning_with_ros2/install/base_msgs/include/base_msgs/base_msgs/msg/detail/referline__traits.hpp\n'}
[0.414535] (base_msgs) StdoutLine: {'line': b'-- Up-to-date: /home/abc/planning_with_ros2/install/base_msgs/include/base_msgs/base_msgs/msg/detail/local_speeds_point__struct.hpp\n'}
[0.414626] (base_msgs) StdoutLine: {'line': b'-- Up-to-date: /home/abc/planning_with_ros2/install/base_msgs/include/base_msgs/base_msgs/msg/detail/local_trajectory__type_support.hpp\n'}
[0.414718] (base_msgs) StdoutLine: {'line': b'-- Up-to-date: /home/abc/planning_with_ros2/install/base_msgs/include/base_msgs/base_msgs/msg/detail/local_path_point__struct.hpp\n'}
[0.414824] (base_msgs) StdoutLine: {'line': b'-- Up-to-date: /home/abc/planning_with_ros2/install/base_msgs/include/base_msgs/base_msgs/msg/detail/local_speeds__builder.hpp\n'}
[0.414921] (base_msgs) StdoutLine: {'line': b'-- Up-to-date: /home/abc/planning_with_ros2/install/base_msgs/include/base_msgs/base_msgs/msg/detail/local_path__traits.hpp\n'}
[0.415013] (base_msgs) StdoutLine: {'line': b'-- Up-to-date: /home/abc/planning_with_ros2/install/base_msgs/include/base_msgs/base_msgs/msg/detail/local_trajectory__struct.hpp\n'}
[0.415102] (base_msgs) StdoutLine: {'line': b'-- Up-to-date: /home/abc/planning_with_ros2/install/base_msgs/include/base_msgs/base_msgs/msg/detail/local_speeds_point__traits.hpp\n'}
[0.415184] (base_msgs) StdoutLine: {'line': b'-- Up-to-date: /home/abc/planning_with_ros2/install/base_msgs/include/base_msgs/base_msgs/msg/detail/local_speeds_point__type_support.hpp\n'}
[0.415275] (base_msgs) StdoutLine: {'line': b'-- Up-to-date: /home/abc/planning_with_ros2/install/base_msgs/include/base_msgs/base_msgs/msg/detail/local_path__builder.hpp\n'}
[0.415370] (base_msgs) StdoutLine: {'line': b'-- Up-to-date: /home/abc/planning_with_ros2/install/base_msgs/include/base_msgs/base_msgs/msg/detail/plot_info__type_support.hpp\n'}
[0.415484] (base_msgs) StdoutLine: {'line': b'-- Up-to-date: /home/abc/planning_with_ros2/install/base_msgs/include/base_msgs/base_msgs/msg/detail/referline_point__builder.hpp\n'}
[0.415581] (base_msgs) StdoutLine: {'line': b'-- Up-to-date: /home/abc/planning_with_ros2/install/base_msgs/include/base_msgs/base_msgs/msg/detail/obs_info__type_support.hpp\n'}
[0.415674] (base_msgs) StdoutLine: {'line': b'-- Up-to-date: /home/abc/planning_with_ros2/install/base_msgs/include/base_msgs/base_msgs/msg/detail/referline__builder.hpp\n'}
[0.415773] (base_msgs) StdoutLine: {'line': b'-- Up-to-date: /home/abc/planning_with_ros2/install/base_msgs/include/base_msgs/base_msgs/msg/detail/pnc_map__struct.hpp\n'}
[0.415878] (base_msgs) StdoutLine: {'line': b'-- Up-to-date: /home/abc/planning_with_ros2/install/base_msgs/include/base_msgs/base_msgs/msg/detail/local_path_point__traits.hpp\n'}
[0.415974] (base_msgs) StdoutLine: {'line': b'-- Up-to-date: /home/abc/planning_with_ros2/install/base_msgs/include/base_msgs/base_msgs/msg/detail/local_speeds__type_support.hpp\n'}
[0.416070] (base_msgs) StdoutLine: {'line': b'-- Up-to-date: /home/abc/planning_with_ros2/install/base_msgs/include/base_msgs/base_msgs/msg/detail/obs_info__traits.hpp\n'}
[0.416165] (base_msgs) StdoutLine: {'line': b'-- Up-to-date: /home/abc/planning_with_ros2/install/base_msgs/include/base_msgs/base_msgs/msg/detail/local_trajectory__builder.hpp\n'}
[0.416261] (base_msgs) StdoutLine: {'line': b'-- Up-to-date: /home/abc/planning_with_ros2/install/base_msgs/include/base_msgs/base_msgs/msg/detail/local_trajectory__traits.hpp\n'}
[0.416357] (base_msgs) StdoutLine: {'line': b'-- Up-to-date: /home/abc/planning_with_ros2/install/base_msgs/include/base_msgs/base_msgs/msg/detail/referline__struct.hpp\n'}
[0.416450] (base_msgs) StdoutLine: {'line': b'-- Up-to-date: /home/abc/planning_with_ros2/install/base_msgs/include/base_msgs/base_msgs/msg/detail/referline__type_support.hpp\n'}
[0.416551] (base_msgs) StdoutLine: {'line': b'-- Up-to-date: /home/abc/planning_with_ros2/install/base_msgs/include/base_msgs/base_msgs/msg/detail/referline_point__struct.hpp\n'}
[0.416651] (base_msgs) StdoutLine: {'line': b'-- Up-to-date: /home/abc/planning_with_ros2/install/base_msgs/include/base_msgs/base_msgs/msg/detail/plot_info__traits.hpp\n'}
[0.416748] (base_msgs) StdoutLine: {'line': b'-- Up-to-date: /home/abc/planning_with_ros2/install/base_msgs/include/base_msgs/base_msgs/msg/detail/local_trajectory_point__builder.hpp\n'}
[0.416860] (base_msgs) StdoutLine: {'line': b'-- Up-to-date: /home/abc/planning_with_ros2/install/base_msgs/include/base_msgs/base_msgs/msg/detail/local_speeds__traits.hpp\n'}
[0.416961] (base_msgs) StdoutLine: {'line': b'-- Up-to-date: /home/abc/planning_with_ros2/install/base_msgs/include/base_msgs/base_msgs/msg/detail/local_trajectory_point__traits.hpp\n'}
[0.417056] (base_msgs) StdoutLine: {'line': b'-- Up-to-date: /home/abc/planning_with_ros2/install/base_msgs/include/base_msgs/base_msgs/msg/detail/local_path__type_support.hpp\n'}
[0.417148] (base_msgs) StdoutLine: {'line': b'-- Up-to-date: /home/abc/planning_with_ros2/install/base_msgs/include/base_msgs/base_msgs/msg/detail/local_path_point__type_support.hpp\n'}
[0.417241] (base_msgs) StdoutLine: {'line': b'-- Up-to-date: /home/abc/planning_with_ros2/install/base_msgs/include/base_msgs/base_msgs/msg/detail/local_trajectory_point__struct.hpp\n'}
[0.417334] (base_msgs) StdoutLine: {'line': b'-- Up-to-date: /home/abc/planning_with_ros2/install/base_msgs/include/base_msgs/base_msgs/msg/detail/obs_info__struct.hpp\n'}
[0.417428] (base_msgs) StdoutLine: {'line': b'-- Up-to-date: /home/abc/planning_with_ros2/install/base_msgs/include/base_msgs/base_msgs/msg/detail/referline_point__traits.hpp\n'}
[0.417523] (base_msgs) StdoutLine: {'line': b'-- Up-to-date: /home/abc/planning_with_ros2/install/base_msgs/include/base_msgs/base_msgs/msg/detail/local_speeds_point__builder.hpp\n'}
[0.417617] (base_msgs) StdoutLine: {'line': b'-- Up-to-date: /home/abc/planning_with_ros2/install/base_msgs/include/base_msgs/base_msgs/msg/detail/pnc_map__type_support.hpp\n'}
[0.417720] (base_msgs) StdoutLine: {'line': b'-- Up-to-date: /home/abc/planning_with_ros2/install/base_msgs/include/base_msgs/base_msgs/msg/detail/local_speeds__struct.hpp\n'}
[0.417832] (base_msgs) StdoutLine: {'line': b'-- Up-to-date: /home/abc/planning_with_ros2/install/base_msgs/include/base_msgs/base_msgs/msg/detail/local_path_point__builder.hpp\n'}
[0.417932] (base_msgs) StdoutLine: {'line': b'-- Up-to-date: /home/abc/planning_with_ros2/install/base_msgs/include/base_msgs/base_msgs/msg/local_path.hpp\n'}
[0.418030] (base_msgs) StdoutLine: {'line': b'-- Up-to-date: /home/abc/planning_with_ros2/install/base_msgs/include/base_msgs/base_msgs/msg/rosidl_generator_cpp__visibility_control.hpp\n'}
[0.418128] (base_msgs) StdoutLine: {'line': b'-- Up-to-date: /home/abc/planning_with_ros2/install/base_msgs/include/base_msgs/base_msgs/msg/referline.hpp\n'}
[0.418225] (base_msgs) StdoutLine: {'line': b'-- Up-to-date: /home/abc/planning_with_ros2/install/base_msgs/include/base_msgs/base_msgs/msg/local_trajectory_point.hpp\n'}
[0.418321] (base_msgs) StdoutLine: {'line': b'-- Up-to-date: /home/abc/planning_with_ros2/install/base_msgs/include/base_msgs/base_msgs/msg/obs_info.hpp\n'}
[0.418412] (base_msgs) StdoutLine: {'line': b'-- Up-to-date: /home/abc/planning_with_ros2/install/base_msgs/include/base_msgs/base_msgs/msg/plot_info.hpp\n'}
[0.418503] (base_msgs) StdoutLine: {'line': b'-- Up-to-date: /home/abc/planning_with_ros2/install/base_msgs/include/base_msgs/base_msgs/msg/local_trajectory.hpp\n'}
[0.418605] (base_msgs) StdoutLine: {'line': b'-- Up-to-date: /home/abc/planning_with_ros2/install/base_msgs/include/base_msgs/base_msgs/msg/local_speeds_point.hpp\n'}
[0.418700] (base_msgs) StdoutLine: {'line': b'-- Up-to-date: /home/abc/planning_with_ros2/install/base_msgs/include/base_msgs/base_msgs/msg/pnc_map.hpp\n'}
[0.418807] (base_msgs) StdoutLine: {'line': b'-- Up-to-date: /home/abc/planning_with_ros2/install/base_msgs/include/base_msgs/base_msgs/msg/referline_point.hpp\n'}
[0.418907] (base_msgs) StdoutLine: {'line': b'-- Up-to-date: /home/abc/planning_with_ros2/install/base_msgs/include/base_msgs/base_msgs/srv\n'}
[0.419002] (base_msgs) StdoutLine: {'line': b'-- Up-to-date: /home/abc/planning_with_ros2/install/base_msgs/include/base_msgs/base_msgs/srv/pnc_map_service.hpp\n'}
[0.419100] (base_msgs) StdoutLine: {'line': b'-- Up-to-date: /home/abc/planning_with_ros2/install/base_msgs/include/base_msgs/base_msgs/srv/detail\n'}
[0.419194] (base_msgs) StdoutLine: {'line': b'-- Up-to-date: /home/abc/planning_with_ros2/install/base_msgs/include/base_msgs/base_msgs/srv/detail/global_path_service__builder.hpp\n'}
[0.419289] (base_msgs) StdoutLine: {'line': b'-- Up-to-date: /home/abc/planning_with_ros2/install/base_msgs/include/base_msgs/base_msgs/srv/detail/pnc_map_service__traits.hpp\n'}
[0.419384] (base_msgs) StdoutLine: {'line': b'-- Up-to-date: /home/abc/planning_with_ros2/install/base_msgs/include/base_msgs/base_msgs/srv/detail/pnc_map_service__type_support.hpp\n'}
[0.419480] (base_msgs) StdoutLine: {'line': b'-- Up-to-date: /home/abc/planning_with_ros2/install/base_msgs/include/base_msgs/base_msgs/srv/detail/global_path_service__struct.hpp\n'}
[0.419581] (base_msgs) StdoutLine: {'line': b'-- Up-to-date: /home/abc/planning_with_ros2/install/base_msgs/include/base_msgs/base_msgs/srv/detail/pnc_map_service__builder.hpp\n'}
[0.419676] (base_msgs) StdoutLine: {'line': b'-- Up-to-date: /home/abc/planning_with_ros2/install/base_msgs/include/base_msgs/base_msgs/srv/detail/global_path_service__type_support.hpp\n'}
[0.419778] (base_msgs) StdoutLine: {'line': b'-- Up-to-date: /home/abc/planning_with_ros2/install/base_msgs/include/base_msgs/base_msgs/srv/detail/global_path_service__traits.hpp\n'}
[0.419885] (base_msgs) StdoutLine: {'line': b'-- Up-to-date: /home/abc/planning_with_ros2/install/base_msgs/include/base_msgs/base_msgs/srv/detail/pnc_map_service__struct.hpp\n'}
[0.419981] (base_msgs) StdoutLine: {'line': b'-- Up-to-date: /home/abc/planning_with_ros2/install/base_msgs/include/base_msgs/base_msgs/srv/global_path_service.hpp\n'}
[0.420084] (base_msgs) StdoutLine: {'line': b'-- Up-to-date: /home/abc/planning_with_ros2/install/base_msgs/include/base_msgs/base_msgs\n'}
[0.420178] (base_msgs) StdoutLine: {'line': b'-- Up-to-date: /home/abc/planning_with_ros2/install/base_msgs/include/base_msgs/base_msgs/msg\n'}
[0.420275] (base_msgs) StdoutLine: {'line': b'-- Up-to-date: /home/abc/planning_with_ros2/install/base_msgs/include/base_msgs/base_msgs/msg/detail\n'}
[0.420369] (base_msgs) StdoutLine: {'line': b'-- Up-to-date: /home/abc/planning_with_ros2/install/base_msgs/include/base_msgs/base_msgs/msg/detail/local_path__rosidl_typesupport_fastrtps_cpp.hpp\n'}
[0.420463] (base_msgs) StdoutLine: {'line': b'-- Up-to-date: /home/abc/planning_with_ros2/install/base_msgs/include/base_msgs/base_msgs/msg/detail/referline__rosidl_typesupport_fastrtps_cpp.hpp\n'}
[0.420556] (base_msgs) StdoutLine: {'line': b'-- Up-to-date: /home/abc/planning_with_ros2/install/base_msgs/include/base_msgs/base_msgs/msg/detail/local_trajectory__rosidl_typesupport_fastrtps_cpp.hpp\n'}
[0.420670] (base_msgs) StdoutLine: {'line': b'-- Up-to-date: /home/abc/planning_with_ros2/install/base_msgs/include/base_msgs/base_msgs/msg/detail/local_trajectory_point__rosidl_typesupport_fastrtps_cpp.hpp\n'}
[0.420775] (base_msgs) StdoutLine: {'line': b'-- Up-to-date: /home/abc/planning_with_ros2/install/base_msgs/include/base_msgs/base_msgs/msg/detail/obs_info__rosidl_typesupport_fastrtps_cpp.hpp\n'}
[0.420887] (base_msgs) StdoutLine: {'line': b'-- Up-to-date: /home/abc/planning_with_ros2/install/base_msgs/include/base_msgs/base_msgs/msg/detail/local_path_point__rosidl_typesupport_fastrtps_cpp.hpp\n'}
[0.420985] (base_msgs) StdoutLine: {'line': b'-- Up-to-date: /home/abc/planning_with_ros2/install/base_msgs/include/base_msgs/base_msgs/msg/detail/referline_point__rosidl_typesupport_fastrtps_cpp.hpp\n'}
[0.421082] (base_msgs) StdoutLine: {'line': b'-- Up-to-date: /home/abc/planning_with_ros2/install/base_msgs/include/base_msgs/base_msgs/msg/detail/pnc_map__rosidl_typesupport_fastrtps_cpp.hpp\n'}
[0.421181] (base_msgs) StdoutLine: {'line': b'-- Up-to-date: /home/abc/planning_with_ros2/install/base_msgs/include/base_msgs/base_msgs/msg/detail/local_speeds__rosidl_typesupport_fastrtps_cpp.hpp\n'}
[0.421280] (base_msgs) StdoutLine: {'line': b'-- Up-to-date: /home/abc/planning_with_ros2/install/base_msgs/include/base_msgs/base_msgs/msg/detail/dds_fastrtps\n'}
[0.421377] (base_msgs) StdoutLine: {'line': b'-- Up-to-date: /home/abc/planning_with_ros2/install/base_msgs/include/base_msgs/base_msgs/msg/detail/local_speeds_point__rosidl_typesupport_fastrtps_cpp.hpp\n'}
[0.421476] (base_msgs) StdoutLine: {'line': b'-- Up-to-date: /home/abc/planning_with_ros2/install/base_msgs/include/base_msgs/base_msgs/msg/detail/plot_info__rosidl_typesupport_fastrtps_cpp.hpp\n'}
[0.421570] (base_msgs) StdoutLine: {'line': b'-- Up-to-date: /home/abc/planning_with_ros2/install/base_msgs/include/base_msgs/base_msgs/msg/rosidl_typesupport_fastrtps_cpp__visibility_control.h\n'}
[0.421685] (base_msgs) StdoutLine: {'line': b'-- Up-to-date: /home/abc/planning_with_ros2/install/base_msgs/include/base_msgs/base_msgs/srv\n'}
[0.421818] (base_msgs) StdoutLine: {'line': b'-- Up-to-date: /home/abc/planning_with_ros2/install/base_msgs/include/base_msgs/base_msgs/srv/detail\n'}
[0.421926] (base_msgs) StdoutLine: {'line': b'-- Up-to-date: /home/abc/planning_with_ros2/install/base_msgs/include/base_msgs/base_msgs/srv/detail/global_path_service__rosidl_typesupport_fastrtps_cpp.hpp\n'}
[0.422028] (base_msgs) StdoutLine: {'line': b'-- Up-to-date: /home/abc/planning_with_ros2/install/base_msgs/include/base_msgs/base_msgs/srv/detail/pnc_map_service__rosidl_typesupport_fastrtps_cpp.hpp\n'}
[0.422130] (base_msgs) StdoutLine: {'line': b'-- Up-to-date: /home/abc/planning_with_ros2/install/base_msgs/include/base_msgs/base_msgs/srv/detail/dds_fastrtps\n'}
[0.422230] (base_msgs) StdoutLine: {'line': b'-- Up-to-date: /home/abc/planning_with_ros2/install/base_msgs/lib/libbase_msgs__rosidl_typesupport_fastrtps_cpp.so\n'}
[0.422336] (base_msgs) StdoutLine: {'line': b'-- Up-to-date: /home/abc/planning_with_ros2/install/base_msgs/include/base_msgs/base_msgs\n'}
[0.422436] (base_msgs) StdoutLine: {'line': b'-- Up-to-date: /home/abc/planning_with_ros2/install/base_msgs/include/base_msgs/base_msgs/msg\n'}
[0.422534] (base_msgs) StdoutLine: {'line': b'-- Up-to-date: /home/abc/planning_with_ros2/install/base_msgs/include/base_msgs/base_msgs/msg/detail\n'}
[0.422639] (base_msgs) StdoutLine: {'line': b'-- Up-to-date: /home/abc/planning_with_ros2/install/base_msgs/include/base_msgs/base_msgs/msg/detail/local_trajectory__type_support.cpp\n'}
[0.422741] (base_msgs) StdoutLine: {'line': b'-- Up-to-date: /home/abc/planning_with_ros2/install/base_msgs/include/base_msgs/base_msgs/msg/detail/local_speeds_point__type_support.cpp\n'}
[0.422856] (base_msgs) StdoutLine: {'line': b'-- Up-to-date: /home/abc/planning_with_ros2/install/base_msgs/include/base_msgs/base_msgs/msg/detail/local_speeds_point__rosidl_typesupport_introspection_cpp.hpp\n'}
[0.422960] (base_msgs) StdoutLine: {'line': b'-- Up-to-date: /home/abc/planning_with_ros2/install/base_msgs/include/base_msgs/base_msgs/msg/detail/pnc_map__type_support.cpp\n'}
[0.423062] (base_msgs) StdoutLine: {'line': b'-- Up-to-date: /home/abc/planning_with_ros2/install/base_msgs/include/base_msgs/base_msgs/msg/detail/referline__type_support.cpp\n'}
[0.423161] (base_msgs) StdoutLine: {'line': b'-- Up-to-date: /home/abc/planning_with_ros2/install/base_msgs/include/base_msgs/base_msgs/msg/detail/obs_info__rosidl_typesupport_introspection_cpp.hpp\n'}
[0.423261] (base_msgs) StdoutLine: {'line': b'-- Up-to-date: /home/abc/planning_with_ros2/install/base_msgs/include/base_msgs/base_msgs/msg/detail/referline__rosidl_typesupport_introspection_cpp.hpp\n'}
[0.423360] (base_msgs) StdoutLine: {'line': b'-- Up-to-date: /home/abc/planning_with_ros2/install/base_msgs/include/base_msgs/base_msgs/msg/detail/local_speeds__type_support.cpp\n'}
[0.423459] (base_msgs) StdoutLine: {'line': b'-- Up-to-date: /home/abc/planning_with_ros2/install/base_msgs/include/base_msgs/base_msgs/msg/detail/local_trajectory_point__rosidl_typesupport_introspection_cpp.hpp\n'}
[0.423560] (base_msgs) StdoutLine: {'line': b'-- Up-to-date: /home/abc/planning_with_ros2/install/base_msgs/include/base_msgs/base_msgs/msg/detail/plot_info__type_support.cpp\n'}
[0.423660] (base_msgs) StdoutLine: {'line': b'-- Up-to-date: /home/abc/planning_with_ros2/install/base_msgs/include/base_msgs/base_msgs/msg/detail/local_path__rosidl_typesupport_introspection_cpp.hpp\n'}
[0.423766] (base_msgs) StdoutLine: {'line': b'-- Up-to-date: /home/abc/planning_with_ros2/install/base_msgs/include/base_msgs/base_msgs/msg/detail/local_path_point__type_support.cpp\n'}
[0.423878] (base_msgs) StdoutLine: {'line': b'-- Up-to-date: /home/abc/planning_with_ros2/install/base_msgs/include/base_msgs/base_msgs/msg/detail/pnc_map__rosidl_typesupport_introspection_cpp.hpp\n'}
[0.423980] (base_msgs) StdoutLine: {'line': b'-- Up-to-date: /home/abc/planning_with_ros2/install/base_msgs/include/base_msgs/base_msgs/msg/detail/plot_info__rosidl_typesupport_introspection_cpp.hpp\n'}
[0.424079] (base_msgs) StdoutLine: {'line': b'-- Up-to-date: /home/abc/planning_with_ros2/install/base_msgs/include/base_msgs/base_msgs/msg/detail/local_trajectory__rosidl_typesupport_introspection_cpp.hpp\n'}
[0.424183] (base_msgs) StdoutLine: {'line': b'-- Up-to-date: /home/abc/planning_with_ros2/install/base_msgs/include/base_msgs/base_msgs/msg/detail/referline_point__type_support.cpp\n'}
[0.424283] (base_msgs) StdoutLine: {'line': b'-- Up-to-date: /home/abc/planning_with_ros2/install/base_msgs/include/base_msgs/base_msgs/msg/detail/obs_info__type_support.cpp\n'}
[0.424380] (base_msgs) StdoutLine: {'line': b'-- Up-to-date: /home/abc/planning_with_ros2/install/base_msgs/include/base_msgs/base_msgs/msg/detail/referline_point__rosidl_typesupport_introspection_cpp.hpp\n'}
[0.424481] (base_msgs) StdoutLine: {'line': b'-- Up-to-date: /home/abc/planning_with_ros2/install/base_msgs/include/base_msgs/base_msgs/msg/detail/local_speeds__rosidl_typesupport_introspection_cpp.hpp\n'}
[0.424590] (base_msgs) StdoutLine: {'line': b'-- Up-to-date: /home/abc/planning_with_ros2/install/base_msgs/include/base_msgs/base_msgs/msg/detail/local_path__type_support.cpp\n'}
[0.424689] (base_msgs) StdoutLine: {'line': b'-- Up-to-date: /home/abc/planning_with_ros2/install/base_msgs/include/base_msgs/base_msgs/msg/detail/local_trajectory_point__type_support.cpp\n'}
[0.424793] (base_msgs) StdoutLine: {'line': b'-- Up-to-date: /home/abc/planning_with_ros2/install/base_msgs/include/base_msgs/base_msgs/msg/detail/local_path_point__rosidl_typesupport_introspection_cpp.hpp\n'}
[0.424905] (base_msgs) StdoutLine: {'line': b'-- Up-to-date: /home/abc/planning_with_ros2/install/base_msgs/include/base_msgs/base_msgs/srv\n'}
[0.425003] (base_msgs) StdoutLine: {'line': b'-- Up-to-date: /home/abc/planning_with_ros2/install/base_msgs/include/base_msgs/base_msgs/srv/detail\n'}
[0.425099] (base_msgs) StdoutLine: {'line': b'-- Up-to-date: /home/abc/planning_with_ros2/install/base_msgs/include/base_msgs/base_msgs/srv/detail/pnc_map_service__rosidl_typesupport_introspection_cpp.hpp\n'}
[0.425193] (base_msgs) StdoutLine: {'line': b'-- Up-to-date: /home/abc/planning_with_ros2/install/base_msgs/include/base_msgs/base_msgs/srv/detail/pnc_map_service__type_support.cpp\n'}
[0.425287] (base_msgs) StdoutLine: {'line': b'-- Up-to-date: /home/abc/planning_with_ros2/install/base_msgs/include/base_msgs/base_msgs/srv/detail/global_path_service__type_support.cpp\n'}
[0.425386] (base_msgs) StdoutLine: {'line': b'-- Up-to-date: /home/abc/planning_with_ros2/install/base_msgs/include/base_msgs/base_msgs/srv/detail/global_path_service__rosidl_typesupport_introspection_cpp.hpp\n'}
[0.425483] (base_msgs) StdoutLine: {'line': b'-- Up-to-date: /home/abc/planning_with_ros2/install/base_msgs/lib/libbase_msgs__rosidl_typesupport_introspection_cpp.so\n'}
[0.425578] (base_msgs) StdoutLine: {'line': b'-- Up-to-date: /home/abc/planning_with_ros2/install/base_msgs/lib/libbase_msgs__rosidl_typesupport_cpp.so\n'}
[0.425672] (base_msgs) StdoutLine: {'line': b'-- Up-to-date: /home/abc/planning_with_ros2/install/base_msgs/share/base_msgs/environment/pythonpath.sh\n'}
[0.425771] (base_msgs) StdoutLine: {'line': b'-- Up-to-date: /home/abc/planning_with_ros2/install/base_msgs/share/base_msgs/environment/pythonpath.dsv\n'}
[0.425878] (base_msgs) StdoutLine: {'line': b'-- Up-to-date: /home/abc/planning_with_ros2/install/base_msgs/local/lib/python3.10/dist-packages/base_msgs-0.0.0-py3.10.egg-info\n'}
[0.425979] (base_msgs) StdoutLine: {'line': b'-- Installing: /home/abc/planning_with_ros2/install/base_msgs/local/lib/python3.10/dist-packages/base_msgs-0.0.0-py3.10.egg-info/dependency_links.txt\n'}
[0.426080] (base_msgs) StdoutLine: {'line': b'-- Installing: /home/abc/planning_with_ros2/install/base_msgs/local/lib/python3.10/dist-packages/base_msgs-0.0.0-py3.10.egg-info/SOURCES.txt\n'}
[0.426182] (base_msgs) StdoutLine: {'line': b'-- Installing: /home/abc/planning_with_ros2/install/base_msgs/local/lib/python3.10/dist-packages/base_msgs-0.0.0-py3.10.egg-info/top_level.txt\n'}
[0.426283] (base_msgs) StdoutLine: {'line': b'-- Installing: /home/abc/planning_with_ros2/install/base_msgs/local/lib/python3.10/dist-packages/base_msgs-0.0.0-py3.10.egg-info/PKG-INFO\n'}
[0.426384] (base_msgs) StdoutLine: {'line': b'-- Up-to-date: /home/abc/planning_with_ros2/install/base_msgs/local/lib/python3.10/dist-packages/base_msgs\n'}
[0.426485] (base_msgs) StdoutLine: {'line': b'-- Up-to-date: /home/abc/planning_with_ros2/install/base_msgs/local/lib/python3.10/dist-packages/base_msgs/base_msgs_s__rosidl_typesupport_c.cpython-310-x86_64-linux-gnu.so\n'}
[0.426588] (base_msgs) StdoutLine: {'line': b'-- Up-to-date: /home/abc/planning_with_ros2/install/base_msgs/local/lib/python3.10/dist-packages/base_msgs/_base_msgs_s.ep.rosidl_typesupport_c.c\n'}
[0.426692] (base_msgs) StdoutLine: {'line': b'-- Up-to-date: /home/abc/planning_with_ros2/install/base_msgs/local/lib/python3.10/dist-packages/base_msgs/libbase_msgs__rosidl_generator_py.so\n'}
[0.426804] (base_msgs) StdoutLine: {'line': b'-- Up-to-date: /home/abc/planning_with_ros2/install/base_msgs/local/lib/python3.10/dist-packages/base_msgs/_base_msgs_s.ep.rosidl_typesupport_introspection_c.c\n'}
[0.426923] (base_msgs) StdoutLine: {'line': b'-- Up-to-date: /home/abc/planning_with_ros2/install/base_msgs/local/lib/python3.10/dist-packages/base_msgs/msg\n'}
[0.427026] (base_msgs) StdoutLine: {'line': b'-- Up-to-date: /home/abc/planning_with_ros2/install/base_msgs/local/lib/python3.10/dist-packages/base_msgs/msg/_obs_info.py\n'}
[0.427127] (base_msgs) StdoutLine: {'line': b'-- Up-to-date: /home/abc/planning_with_ros2/install/base_msgs/local/lib/python3.10/dist-packages/base_msgs/msg/_referline_s.c\n'}
[0.427227] (base_msgs) StdoutLine: {'line': b'-- Up-to-date: /home/abc/planning_with_ros2/install/base_msgs/local/lib/python3.10/dist-packages/base_msgs/msg/_local_path_s.c\n'}
[0.427329] (base_msgs) StdoutLine: {'line': b'-- Up-to-date: /home/abc/planning_with_ros2/install/base_msgs/local/lib/python3.10/dist-packages/base_msgs/msg/_local_speeds.py\n'}
[0.427428] (base_msgs) StdoutLine: {'line': b'-- Up-to-date: /home/abc/planning_with_ros2/install/base_msgs/local/lib/python3.10/dist-packages/base_msgs/msg/_local_path_point_s.c\n'}
[0.427527] (base_msgs) StdoutLine: {'line': b'-- Up-to-date: /home/abc/planning_with_ros2/install/base_msgs/local/lib/python3.10/dist-packages/base_msgs/msg/_referline_point_s.c\n'}
[0.427627] (base_msgs) StdoutLine: {'line': b'-- Up-to-date: /home/abc/planning_with_ros2/install/base_msgs/local/lib/python3.10/dist-packages/base_msgs/msg/_local_path.py\n'}
[0.427726] (base_msgs) StdoutLine: {'line': b'-- Up-to-date: /home/abc/planning_with_ros2/install/base_msgs/local/lib/python3.10/dist-packages/base_msgs/msg/_local_trajectory_point.py\n'}
[0.427842] (base_msgs) StdoutLine: {'line': b'-- Up-to-date: /home/abc/planning_with_ros2/install/base_msgs/local/lib/python3.10/dist-packages/base_msgs/msg/_local_speeds_s.c\n'}
[0.427947] (base_msgs) StdoutLine: {'line': b'-- Up-to-date: /home/abc/planning_with_ros2/install/base_msgs/local/lib/python3.10/dist-packages/base_msgs/msg/_referline.py\n'}
[0.428059] (base_msgs) StdoutLine: {'line': b'-- Up-to-date: /home/abc/planning_with_ros2/install/base_msgs/local/lib/python3.10/dist-packages/base_msgs/msg/_local_speeds_point.py\n'}
[0.428158] (base_msgs) StdoutLine: {'line': b'-- Up-to-date: /home/abc/planning_with_ros2/install/base_msgs/local/lib/python3.10/dist-packages/base_msgs/msg/_pnc_map.py\n'}
[0.428252] (base_msgs) StdoutLine: {'line': b'-- Up-to-date: /home/abc/planning_with_ros2/install/base_msgs/local/lib/python3.10/dist-packages/base_msgs/msg/__init__.py\n'}
[0.428346] (base_msgs) StdoutLine: {'line': b'-- Up-to-date: /home/abc/planning_with_ros2/install/base_msgs/local/lib/python3.10/dist-packages/base_msgs/msg/_plot_info_s.c\n'}
[0.428431] (base_msgs) StdoutLine: {'line': b'-- Up-to-date: /home/abc/planning_with_ros2/install/base_msgs/local/lib/python3.10/dist-packages/base_msgs/msg/_local_trajectory_s.c\n'}
[0.428525] (base_msgs) StdoutLine: {'line': b'-- Up-to-date: /home/abc/planning_with_ros2/install/base_msgs/local/lib/python3.10/dist-packages/base_msgs/msg/_referline_point.py\n'}
[0.428624] (base_msgs) StdoutLine: {'line': b'-- Up-to-date: /home/abc/planning_with_ros2/install/base_msgs/local/lib/python3.10/dist-packages/base_msgs/msg/_local_speeds_point_s.c\n'}
[0.428723] (base_msgs) StdoutLine: {'line': b'-- Up-to-date: /home/abc/planning_with_ros2/install/base_msgs/local/lib/python3.10/dist-packages/base_msgs/msg/_local_path_point.py\n'}
[0.428838] (base_msgs) StdoutLine: {'line': b'-- Up-to-date: /home/abc/planning_with_ros2/install/base_msgs/local/lib/python3.10/dist-packages/base_msgs/msg/_pnc_map_s.c\n'}
[0.428941] (base_msgs) StdoutLine: {'line': b'-- Up-to-date: /home/abc/planning_with_ros2/install/base_msgs/local/lib/python3.10/dist-packages/base_msgs/msg/_local_trajectory.py\n'}
[0.429041] (base_msgs) StdoutLine: {'line': b'-- Up-to-date: /home/abc/planning_with_ros2/install/base_msgs/local/lib/python3.10/dist-packages/base_msgs/msg/_local_trajectory_point_s.c\n'}
[0.429149] (base_msgs) StdoutLine: {'line': b'-- Up-to-date: /home/abc/planning_with_ros2/install/base_msgs/local/lib/python3.10/dist-packages/base_msgs/msg/_plot_info.py\n'}
[0.429249] (base_msgs) StdoutLine: {'line': b'-- Up-to-date: /home/abc/planning_with_ros2/install/base_msgs/local/lib/python3.10/dist-packages/base_msgs/msg/_obs_info_s.c\n'}
[0.429349] (base_msgs) StdoutLine: {'line': b'-- Up-to-date: /home/abc/planning_with_ros2/install/base_msgs/local/lib/python3.10/dist-packages/base_msgs/__init__.py\n'}
[0.429447] (base_msgs) StdoutLine: {'line': b'-- Up-to-date: /home/abc/planning_with_ros2/install/base_msgs/local/lib/python3.10/dist-packages/base_msgs/base_msgs_s__rosidl_typesupport_introspection_c.cpython-310-x86_64-linux-gnu.so\n'}
[0.429546] (base_msgs) StdoutLine: {'line': b'-- Up-to-date: /home/abc/planning_with_ros2/install/base_msgs/local/lib/python3.10/dist-packages/base_msgs/_base_msgs_s.ep.rosidl_typesupport_fastrtps_c.c\n'}
[0.429645] (base_msgs) StdoutLine: {'line': b'-- Up-to-date: /home/abc/planning_with_ros2/install/base_msgs/local/lib/python3.10/dist-packages/base_msgs/srv\n'}
[0.429745] (base_msgs) StdoutLine: {'line': b'-- Up-to-date: /home/abc/planning_with_ros2/install/base_msgs/local/lib/python3.10/dist-packages/base_msgs/srv/_pnc_map_service.py\n'}
[0.429863] (base_msgs) StdoutLine: {'line': b'-- Up-to-date: /home/abc/planning_with_ros2/install/base_msgs/local/lib/python3.10/dist-packages/base_msgs/srv/_global_path_service_s.c\n'}
[0.429966] (base_msgs) StdoutLine: {'line': b'-- Up-to-date: /home/abc/planning_with_ros2/install/base_msgs/local/lib/python3.10/dist-packages/base_msgs/srv/__init__.py\n'}
[0.430066] (base_msgs) StdoutLine: {'line': b'-- Up-to-date: /home/abc/planning_with_ros2/install/base_msgs/local/lib/python3.10/dist-packages/base_msgs/srv/_global_path_service.py\n'}
[0.430168] (base_msgs) StdoutLine: {'line': b'-- Up-to-date: /home/abc/planning_with_ros2/install/base_msgs/local/lib/python3.10/dist-packages/base_msgs/srv/_pnc_map_service_s.c\n'}
[0.430262] (base_msgs) StdoutLine: {'line': b'-- Up-to-date: /home/abc/planning_with_ros2/install/base_msgs/local/lib/python3.10/dist-packages/base_msgs/base_msgs_s__rosidl_typesupport_fastrtps_c.cpython-310-x86_64-linux-gnu.so\n'}
[0.464601] (base_msgs) StdoutLine: {'line': b"Listing '/home/abc/planning_with_ros2/install/base_msgs/local/lib/python3.10/dist-packages/base_msgs'...\n"}
[0.464837] (base_msgs) StdoutLine: {'line': b"Listing '/home/abc/planning_with_ros2/install/base_msgs/local/lib/python3.10/dist-packages/base_msgs/msg'...\n"}
[0.464964] (base_msgs) StdoutLine: {'line': b"Listing '/home/abc/planning_with_ros2/install/base_msgs/local/lib/python3.10/dist-packages/base_msgs/srv'...\n"}
[0.467123] (base_msgs) StdoutLine: {'line': b'-- Up-to-date: /home/abc/planning_with_ros2/install/base_msgs/local/lib/python3.10/dist-packages/base_msgs/base_msgs_s__rosidl_typesupport_fastrtps_c.cpython-310-x86_64-linux-gnu.so\n'}
[0.467489] (base_msgs) StdoutLine: {'line': b'-- Up-to-date: /home/abc/planning_with_ros2/install/base_msgs/local/lib/python3.10/dist-packages/base_msgs/base_msgs_s__rosidl_typesupport_introspection_c.cpython-310-x86_64-linux-gnu.so\n'}
[0.467861] (base_msgs) StdoutLine: {'line': b'-- Up-to-date: /home/abc/planning_with_ros2/install/base_msgs/local/lib/python3.10/dist-packages/base_msgs/base_msgs_s__rosidl_typesupport_c.cpython-310-x86_64-linux-gnu.so\n'}
[0.468150] (base_msgs) StdoutLine: {'line': b'-- Up-to-date: /home/abc/planning_with_ros2/install/base_msgs/lib/libbase_msgs__rosidl_generator_py.so\n'}
[0.468371] (base_msgs) StdoutLine: {'line': b'-- Up-to-date: /home/abc/planning_with_ros2/install/base_msgs/share/base_msgs/srv/GlobalPathService.idl\n'}
[0.468473] (base_msgs) StdoutLine: {'line': b'-- Up-to-date: /home/abc/planning_with_ros2/install/base_msgs/share/base_msgs/srv/PNCMapService.idl\n'}
[0.468565] (base_msgs) StdoutLine: {'line': b'-- Up-to-date: /home/abc/planning_with_ros2/install/base_msgs/share/base_msgs/msg/PNCMap.idl\n'}
[0.468633] (base_msgs) StdoutLine: {'line': b'-- Up-to-date: /home/abc/planning_with_ros2/install/base_msgs/share/base_msgs/msg/ReferlinePoint.idl\n'}
[0.468721] (base_msgs) StdoutLine: {'line': b'-- Up-to-date: /home/abc/planning_with_ros2/install/base_msgs/share/base_msgs/msg/Referline.idl\n'}
[0.468823] (base_msgs) StdoutLine: {'line': b'-- Up-to-date: /home/abc/planning_with_ros2/install/base_msgs/share/base_msgs/msg/LocalPathPoint.idl\n'}
[0.468907] (base_msgs) StdoutLine: {'line': b'-- Up-to-date: /home/abc/planning_with_ros2/install/base_msgs/share/base_msgs/msg/LocalPath.idl\n'}
[0.468975] (base_msgs) StdoutLine: {'line': b'-- Up-to-date: /home/abc/planning_with_ros2/install/base_msgs/share/base_msgs/msg/LocalSpeedsPoint.idl\n'}
[0.469040] (base_msgs) StdoutLine: {'line': b'-- Up-to-date: /home/abc/planning_with_ros2/install/base_msgs/share/base_msgs/msg/LocalSpeeds.idl\n'}
[0.469136] (base_msgs) StdoutLine: {'line': b'-- Up-to-date: /home/abc/planning_with_ros2/install/base_msgs/share/base_msgs/msg/LocalTrajectoryPoint.idl\n'}
[0.469204] (base_msgs) StdoutLine: {'line': b'-- Up-to-date: /home/abc/planning_with_ros2/install/base_msgs/share/base_msgs/msg/LocalTrajectory.idl\n'}
[0.469268] (base_msgs) StdoutLine: {'line': b'-- Up-to-date: /home/abc/planning_with_ros2/install/base_msgs/share/base_msgs/msg/ObsInfo.idl\n'}
[0.469332] (base_msgs) StdoutLine: {'line': b'-- Up-to-date: /home/abc/planning_with_ros2/install/base_msgs/share/base_msgs/msg/PlotInfo.idl\n'}
[0.469438] (base_msgs) StdoutLine: {'line': b'-- Up-to-date: /home/abc/planning_with_ros2/install/base_msgs/share/base_msgs/srv/GlobalPathService.srv\n'}
[0.469519] (base_msgs) StdoutLine: {'line': b'-- Up-to-date: /home/abc/planning_with_ros2/install/base_msgs/share/base_msgs/srv/GlobalPathService_Request.msg\n'}
[0.469584] (base_msgs) StdoutLine: {'line': b'-- Up-to-date: /home/abc/planning_with_ros2/install/base_msgs/share/base_msgs/srv/GlobalPathService_Response.msg\n'}
[0.469648] (base_msgs) StdoutLine: {'line': b'-- Up-to-date: /home/abc/planning_with_ros2/install/base_msgs/share/base_msgs/srv/PNCMapService.srv\n'}
[0.469710] (base_msgs) StdoutLine: {'line': b'-- Up-to-date: /home/abc/planning_with_ros2/install/base_msgs/share/base_msgs/srv/PNCMapService_Request.msg\n'}
[0.469811] (base_msgs) StdoutLine: {'line': b'-- Up-to-date: /home/abc/planning_with_ros2/install/base_msgs/share/base_msgs/srv/PNCMapService_Response.msg\n'}
[0.469897] (base_msgs) StdoutLine: {'line': b'-- Up-to-date: /home/abc/planning_with_ros2/install/base_msgs/share/base_msgs/msg/PNCMap.msg\n'}
[0.469961] (base_msgs) StdoutLine: {'line': b'-- Up-to-date: /home/abc/planning_with_ros2/install/base_msgs/share/base_msgs/msg/ReferlinePoint.msg\n'}
[0.470024] (base_msgs) StdoutLine: {'line': b'-- Up-to-date: /home/abc/planning_with_ros2/install/base_msgs/share/base_msgs/msg/Referline.msg\n'}
[0.470087] (base_msgs) StdoutLine: {'line': b'-- Up-to-date: /home/abc/planning_with_ros2/install/base_msgs/share/base_msgs/msg/LocalPathPoint.msg\n'}
[0.470149] (base_msgs) StdoutLine: {'line': b'-- Up-to-date: /home/abc/planning_with_ros2/install/base_msgs/share/base_msgs/msg/LocalPath.msg\n'}
[0.470212] (base_msgs) StdoutLine: {'line': b'-- Up-to-date: /home/abc/planning_with_ros2/install/base_msgs/share/base_msgs/msg/LocalSpeedsPoint.msg\n'}
[0.470276] (base_msgs) StdoutLine: {'line': b'-- Up-to-date: /home/abc/planning_with_ros2/install/base_msgs/share/base_msgs/msg/LocalSpeeds.msg\n'}
[0.470360] (base_msgs) StdoutLine: {'line': b'-- Up-to-date: /home/abc/planning_with_ros2/install/base_msgs/share/base_msgs/msg/LocalTrajectoryPoint.msg\n'}
[0.470476] (base_msgs) StdoutLine: {'line': b'-- Up-to-date: /home/abc/planning_with_ros2/install/base_msgs/share/base_msgs/msg/LocalTrajectory.msg\n'}
[0.470562] (base_msgs) StdoutLine: {'line': b'-- Up-to-date: /home/abc/planning_with_ros2/install/base_msgs/share/base_msgs/msg/ObsInfo.msg\n'}
[0.470627] (base_msgs) StdoutLine: {'line': b'-- Up-to-date: /home/abc/planning_with_ros2/install/base_msgs/share/base_msgs/msg/PlotInfo.msg\n'}
[0.470692] (base_msgs) StdoutLine: {'line': b'-- Up-to-date: /home/abc/planning_with_ros2/install/base_msgs/share/ament_index/resource_index/package_run_dependencies/base_msgs\n'}
[0.470796] (base_msgs) StdoutLine: {'line': b'-- Up-to-date: /home/abc/planning_with_ros2/install/base_msgs/share/ament_index/resource_index/parent_prefix_path/base_msgs\n'}
[0.470862] (base_msgs) StdoutLine: {'line': b'-- Up-to-date: /home/abc/planning_with_ros2/install/base_msgs/share/base_msgs/environment/ament_prefix_path.sh\n'}
[0.470923] (base_msgs) StdoutLine: {'line': b'-- Up-to-date: /home/abc/planning_with_ros2/install/base_msgs/share/base_msgs/environment/ament_prefix_path.dsv\n'}
[0.470987] (base_msgs) StdoutLine: {'line': b'-- Up-to-date: /home/abc/planning_with_ros2/install/base_msgs/share/base_msgs/environment/path.sh\n'}
[0.471050] (base_msgs) StdoutLine: {'line': b'-- Up-to-date: /home/abc/planning_with_ros2/install/base_msgs/share/base_msgs/environment/path.dsv\n'}
[0.471114] (base_msgs) StdoutLine: {'line': b'-- Up-to-date: /home/abc/planning_with_ros2/install/base_msgs/share/base_msgs/local_setup.bash\n'}
[0.471177] (base_msgs) StdoutLine: {'line': b'-- Up-to-date: /home/abc/planning_with_ros2/install/base_msgs/share/base_msgs/local_setup.sh\n'}
[0.471240] (base_msgs) StdoutLine: {'line': b'-- Up-to-date: /home/abc/planning_with_ros2/install/base_msgs/share/base_msgs/local_setup.zsh\n'}
[0.471329] (base_msgs) StdoutLine: {'line': b'-- Up-to-date: /home/abc/planning_with_ros2/install/base_msgs/share/base_msgs/local_setup.dsv\n'}
[0.471396] (base_msgs) StdoutLine: {'line': b'-- Installing: /home/abc/planning_with_ros2/install/base_msgs/share/base_msgs/package.dsv\n'}
[0.471491] (base_msgs) StdoutLine: {'line': b'-- Up-to-date: /home/abc/planning_with_ros2/install/base_msgs/share/ament_index/resource_index/packages/base_msgs\n'}
[0.471554] (base_msgs) StdoutLine: {'line': b'-- Up-to-date: /home/abc/planning_with_ros2/install/base_msgs/share/base_msgs/cmake/export_base_msgs__rosidl_generator_cExport.cmake\n'}
[0.471616] (base_msgs) StdoutLine: {'line': b'-- Up-to-date: /home/abc/planning_with_ros2/install/base_msgs/share/base_msgs/cmake/export_base_msgs__rosidl_generator_cExport-noconfig.cmake\n'}
[0.471679] (base_msgs) StdoutLine: {'line': b'-- Up-to-date: /home/abc/planning_with_ros2/install/base_msgs/share/base_msgs/cmake/export_base_msgs__rosidl_typesupport_fastrtps_cExport.cmake\n'}
[0.471741] (base_msgs) StdoutLine: {'line': b'-- Up-to-date: /home/abc/planning_with_ros2/install/base_msgs/share/base_msgs/cmake/export_base_msgs__rosidl_typesupport_fastrtps_cExport-noconfig.cmake\n'}
[0.471852] (base_msgs) StdoutLine: {'line': b'-- Up-to-date: /home/abc/planning_with_ros2/install/base_msgs/share/base_msgs/cmake/base_msgs__rosidl_typesupport_introspection_cExport.cmake\n'}
[0.471918] (base_msgs) StdoutLine: {'line': b'-- Up-to-date: /home/abc/planning_with_ros2/install/base_msgs/share/base_msgs/cmake/base_msgs__rosidl_typesupport_introspection_cExport-noconfig.cmake\n'}
[0.472046] (base_msgs) StdoutLine: {'line': b'-- Up-to-date: /home/abc/planning_with_ros2/install/base_msgs/share/base_msgs/cmake/base_msgs__rosidl_typesupport_cExport.cmake\n'}
[0.472119] (base_msgs) StdoutLine: {'line': b'-- Up-to-date: /home/abc/planning_with_ros2/install/base_msgs/share/base_msgs/cmake/base_msgs__rosidl_typesupport_cExport-noconfig.cmake\n'}
[0.472184] (base_msgs) StdoutLine: {'line': b'-- Up-to-date: /home/abc/planning_with_ros2/install/base_msgs/share/base_msgs/cmake/export_base_msgs__rosidl_generator_cppExport.cmake\n'}
[0.472277] (base_msgs) StdoutLine: {'line': b'-- Up-to-date: /home/abc/planning_with_ros2/install/base_msgs/share/base_msgs/cmake/export_base_msgs__rosidl_typesupport_fastrtps_cppExport.cmake\n'}
[0.472353] (base_msgs) StdoutLine: {'line': b'-- Up-to-date: /home/abc/planning_with_ros2/install/base_msgs/share/base_msgs/cmake/export_base_msgs__rosidl_typesupport_fastrtps_cppExport-noconfig.cmake\n'}
[0.472417] (base_msgs) StdoutLine: {'line': b'-- Up-to-date: /home/abc/planning_with_ros2/install/base_msgs/share/base_msgs/cmake/base_msgs__rosidl_typesupport_introspection_cppExport.cmake\n'}
[0.472516] (base_msgs) StdoutLine: {'line': b'-- Up-to-date: /home/abc/planning_with_ros2/install/base_msgs/share/base_msgs/cmake/base_msgs__rosidl_typesupport_introspection_cppExport-noconfig.cmake\n'}
[0.472580] (base_msgs) StdoutLine: {'line': b'-- Up-to-date: /home/abc/planning_with_ros2/install/base_msgs/share/base_msgs/cmake/base_msgs__rosidl_typesupport_cppExport.cmake\n'}
[0.472644] (base_msgs) StdoutLine: {'line': b'-- Up-to-date: /home/abc/planning_with_ros2/install/base_msgs/share/base_msgs/cmake/base_msgs__rosidl_typesupport_cppExport-noconfig.cmake\n'}
[0.472726] (base_msgs) StdoutLine: {'line': b'-- Up-to-date: /home/abc/planning_with_ros2/install/base_msgs/share/base_msgs/cmake/export_base_msgs__rosidl_generator_pyExport.cmake\n'}
[0.472833] (base_msgs) StdoutLine: {'line': b'-- Up-to-date: /home/abc/planning_with_ros2/install/base_msgs/share/base_msgs/cmake/export_base_msgs__rosidl_generator_pyExport-noconfig.cmake\n'}
[0.472920] (base_msgs) StdoutLine: {'line': b'-- Up-to-date: /home/abc/planning_with_ros2/install/base_msgs/share/base_msgs/cmake/rosidl_cmake-extras.cmake\n'}
[0.472983] (base_msgs) StdoutLine: {'line': b'-- Up-to-date: /home/abc/planning_with_ros2/install/base_msgs/share/base_msgs/cmake/ament_cmake_export_dependencies-extras.cmake\n'}
[0.473046] (base_msgs) StdoutLine: {'line': b'-- Up-to-date: /home/abc/planning_with_ros2/install/base_msgs/share/base_msgs/cmake/ament_cmake_export_include_directories-extras.cmake\n'}
[0.473108] (base_msgs) StdoutLine: {'line': b'-- Up-to-date: /home/abc/planning_with_ros2/install/base_msgs/share/base_msgs/cmake/ament_cmake_export_libraries-extras.cmake\n'}
[0.473170] (base_msgs) StdoutLine: {'line': b'-- Up-to-date: /home/abc/planning_with_ros2/install/base_msgs/share/base_msgs/cmake/ament_cmake_export_targets-extras.cmake\n'}
[0.473233] (base_msgs) StdoutLine: {'line': b'-- Up-to-date: /home/abc/planning_with_ros2/install/base_msgs/share/base_msgs/cmake/rosidl_cmake_export_typesupport_targets-extras.cmake\n'}
[0.473295] (base_msgs) StdoutLine: {'line': b'-- Up-to-date: /home/abc/planning_with_ros2/install/base_msgs/share/base_msgs/cmake/rosidl_cmake_export_typesupport_libraries-extras.cmake\n'}
[0.473380] (base_msgs) StdoutLine: {'line': b'-- Up-to-date: /home/abc/planning_with_ros2/install/base_msgs/share/base_msgs/cmake/base_msgsConfig.cmake\n'}
[0.473482] (base_msgs) StdoutLine: {'line': b'-- Up-to-date: /home/abc/planning_with_ros2/install/base_msgs/share/base_msgs/cmake/base_msgsConfig-version.cmake\n'}
[0.473553] (base_msgs) StdoutLine: {'line': b'-- Up-to-date: /home/abc/planning_with_ros2/install/base_msgs/share/base_msgs/package.xml\n'}
[0.474728] (base_msgs) CommandEnded: {'returncode': 0}
[0.500643] (-) TimerEvent: {}
[0.505474] (base_msgs) JobEnded: {'identifier': 'base_msgs', 'rc': 0}
[0.506666] (data_plot) JobStarted: {'identifier': 'data_plot'}
[0.511222] (planning) JobStarted: {'identifier': 'planning'}
[0.600773] (-) TimerEvent: {}
[0.700997] (-) TimerEvent: {}
[0.772389] (planning) JobProgress: {'identifier': 'planning', 'progress': 'cmake'}
[0.772981] (planning) JobProgress: {'identifier': 'planning', 'progress': 'build'}
[0.773257] (planning) Command: {'cmd': ['/usr/local/bin/cmake', '--build', '/home/abc/planning_with_ros2/build/planning', '--', '-j12', '-l12'], 'cwd': '/home/abc/planning_with_ros2/build/planning', 'env': OrderedDict([('GJS_DEBUG_TOPICS', 'JS ERROR;JS LOG'), ('PYTHON_BASIC_REPL', '1'), ('LESSOPEN', '| /usr/bin/lesspipe %s'), ('LANGUAGE', 'en_US:en'), ('TENSORRT_DIR', '/home/abc/TensorRT-8.6'), ('USER', 'abc'), ('LC_TIME', 'zh_CN.UTF-8'), ('XDG_SESSION_TYPE', 'x11'), ('GIT_ASKPASS', '/usr/share/code/resources/app/extensions/git/dist/askpass.sh'), ('SHLVL', '1'), ('LD_LIBRARY_PATH', '/home/abc/planning_with_ros2/install/base_msgs/lib:/usr/local/cuda-11.8/lib64:/home/abc/planning_with_ros2/install/planning/lib:/usr/local/cuda-11.8/lib64:/home/abc/planning_with_ros2/install/planning/lib:/home/abc/planning_with_ros2/install/planning/lib:/home/abc/perception_with_ros2/install/perception/lib:/home/abc/perception_with_ros2/install/base_msgs_per/lib:/usr/lib/x86_64-linux-gnu/gazebo-11/plugins:/opt/ros/humble/opt/rviz_ogre_vendor/lib:/opt/ros/humble/lib/x86_64-linux-gnu:/opt/ros/humble/lib:/home/abc/TensorRT-8.6/lib:/home/abc/TensorRT-8.6/lib'), ('HOME', '/home/abc'), ('CHROME_DESKTOP', 'code.desktop'), ('TERM_PROGRAM_VERSION', '1.109.5'), ('DESKTOP_SESSION', 'ubuntu'), ('GIO_LAUNCHED_DESKTOP_FILE', '/usr/share/applications/code.desktop'), ('ROS_PYTHON_VERSION', '3'), ('GNOME_SHELL_SESSION_MODE', 'ubuntu'), ('GTK_MODULES', 'gail:atk-bridge'), ('VSCODE_GIT_ASKPASS_MAIN', '/usr/share/code/resources/app/extensions/git/dist/askpass-main.js'), ('LC_MONETARY', 'zh_CN.UTF-8'), ('VSCODE_GIT_ASKPASS_NODE', '/usr/share/code/code'), ('MANAGERPID', '1130'), ('PYDEVD_DISABLE_FILE_VALIDATION', '1'), ('SYSTEMD_EXEC_PID', '1595'), ('BUNDLED_DEBUGPY_PATH', '/home/abc/.vscode/extensions/ms-python.debugpy-2025.18.0-linux-x64/bundled/libs/debugpy'), ('VSCODE_PYTHON_AUTOACTIVATE_GUARD', '1'), ('DBUS_SESSION_BUS_ADDRESS', 'unix:path=/run/user/1000/bus'), ('COLORTERM', 'truecolor'), ('GIO_LAUNCHED_DESKTOP_FILE_PID', '364490'), ('COLCON_PREFIX_PATH', '/home/abc/planning_with_ros2/install:/home/abc/perception_with_ros2/install'), ('ROS_DISTRO', 'humble'), ('GTK_IM_MODULE', 'ibus'), ('LOGNAME', 'abc'), ('JOURNAL_STREAM', '8:6989'), ('_', '/usr/bin/colcon'), ('ROS_VERSION', '2'), ('XDG_SESSION_CLASS', 'user'), ('USERNAME', 'abc'), ('TERM', 'xterm-256color'), ('GNOME_DESKTOP_SESSION_ID', 'this-is-deprecated'), ('ROS2_PLANNING_COURSE_INSTALL', '/home/abc/planning_with_ros2/install'), ('FC_FONTATIONS', '1'), ('ROS_LOCALHOST_ONLY', '0'), ('WINDOWPATH', '2'), ('PATH', '/usr/local/cuda-11.8/bin:/home/abc/.config/Code/User/globalStorage/github.copilot-chat/debugCommand:/home/abc/.config/Code/User/globalStorage/github.copilot-chat/copilotCli:/usr/local/cuda-11.8/bin:/opt/ros/humble/bin:/usr/local/sbin:/usr/local/bin:/usr/sbin:/usr/bin:/sbin:/bin:/usr/games:/usr/local/games:/snap/bin:/snap/bin:/home/abc/.vscode/extensions/ms-python.debugpy-2025.18.0-linux-x64/bundled/scripts/noConfigScripts'), ('SESSION_MANAGER', 'local/abc-G3-3500:@/tmp/.ICE-unix/1554,unix/abc-G3-3500:/tmp/.ICE-unix/1554'), ('INVOCATION_ID', 'f3a9f1252eb845459ae16b5ad8fdee6d'), ('PAPERSIZE', 'a4'), ('XDG_MENU_PREFIX', 'gnome-'), ('LC_ADDRESS', 'zh_CN.UTF-8'), ('XDG_RUNTIME_DIR', '/run/user/1000'), ('GDK_BACKEND', 'x11'), ('DISPLAY', ':0'), ('VSCODE_DEBUGPY_ADAPTER_ENDPOINTS', '/home/abc/.vscode/extensions/ms-python.debugpy-2025.18.0-linux-x64/.noConfigDebugAdapterEndpoints/endpoint-73f3b4a0a422bf73.txt'), ('LANG', 'en_US.UTF-8'), ('XDG_CURRENT_DESKTOP', 'ubuntu:GNOME'), ('PYTHONSTARTUP', '/home/abc/.config/Code/User/workspaceStorage/4efd6db52f1c03b4cb1fb614d5084a17/ms-python.python/pythonrc.py'), ('LC_TELEPHONE', 'zh_CN.UTF-8'), ('XMODIFIERS', '@im=ibus'), ('XDG_SESSION_DESKTOP', 'ubuntu'), ('XAUTHORITY', '/run/user/1000/gdm/Xauthority'), ('LS_COLORS', 'rs=0:di=01;34:ln=01;36:mh=00:pi=40;33:so=01;35:do=01;35:bd=40;33;01:cd=40;33;01:or=40;31;01:mi=00:su=37;41:sg=30;43:ca=30;41:tw=30;42:ow=34;42:st=37;44:ex=01;32:*.tar=01;31:*.tgz=01;31:*.arc=01;31:*.arj=01;31:*.taz=01;31:*.lha=01;31:*.lz4=01;31:*.lzh=01;31:*.lzma=01;31:*.tlz=01;31:*.txz=01;31:*.tzo=01;31:*.t7z=01;31:*.zip=01;31:*.z=01;31:*.dz=01;31:*.gz=01;31:*.lrz=01;31:*.lz=01;31:*.lzo=01;31:*.xz=01;31:*.zst=01;31:*.tzst=01;31:*.bz2=01;31:*.bz=01;31:*.tbz=01;31:*.tbz2=01;31:*.tz=01;31:*.deb=01;31:*.rpm=01;31:*.jar=01;31:*.war=01;31:*.ear=01;31:*.sar=01;31:*.rar=01;31:*.alz=01;31:*.ace=01;31:*.zoo=01;31:*.cpio=01;31:*.7z=01;31:*.rz=01;31:*.cab=01;31:*.wim=01;31:*.swm=01;31:*.dwm=01;31:*.esd=01;31:*.jpg=01;35:*.jpeg=01;35:*.mjpg=01;35:*.mjpeg=01;35:*.gif=01;35:*.bmp=01;35:*.pbm=01;35:*.pgm=01;35:*.ppm=01;35:*.tga=01;35:*.xbm=01;35:*.xpm=01;35:*.tif=01;35:*.tiff=01;35:*.png=01;35:*.svg=01;35:*.svgz=01;35:*.mng=01;35:*.pcx=01;35:*.mov=01;35:*.mpg=01;35:*.mpeg=01;35:*.m2v=01;35:*.mkv=01;35:*.webm=01;35:*.webp=01;35:*.ogm=01;35:*.mp4=01;35:*.m4v=01;35:*.mp4v=01;35:*.vob=01;35:*.qt=01;35:*.nuv=01;35:*.wmv=01;35:*.asf=01;35:*.rm=01;35:*.rmvb=01;35:*.flc=01;35:*.avi=01;35:*.fli=01;35:*.flv=01;35:*.gl=01;35:*.dl=01;35:*.xcf=01;35:*.xwd=01;35:*.yuv=01;35:*.cgm=01;35:*.emf=01;35:*.ogv=01;35:*.ogx=01;35:*.aac=00;36:*.au=00;36:*.flac=00;36:*.m4a=00;36:*.mid=00;36:*.midi=00;36:*.mka=00;36:*.mp3=00;36:*.mpc=00;36:*.ogg=00;36:*.ra=00;36:*.wav=00;36:*.oga=00;36:*.opus=00;36:*.spx=00;36:*.xspf=00;36:'), ('VSCODE_GIT_IPC_HANDLE', '/run/user/1000/vscode-git-c59a044dc2.sock'), ('TERM_PROGRAM', 'vscode'), ('SSH_AGENT_LAUNCHER', 'gnome-keyring'), ('SSH_AUTH_SOCK', '/run/user/1000/keyring/ssh'), ('ROS_DOMAIN_ID', '2'), ('AMENT_PREFIX_PATH', '/home/abc/planning_with_ros2/install/planning:/home/abc/planning_with_ros2/install/data_plot:/home/abc/planning_with_ros2/install/base_msgs:/home/abc/perception_with_ros2/install/perception:/home/abc/perception_with_ros2/install/data_plot_per:/home/abc/perception_with_ros2/install/base_msgs_per:/opt/ros/humble'), ('SHELL', '/bin/bash'), ('LC_NAME', 'zh_CN.UTF-8'), ('QT_ACCESSIBILITY', '1'), ('GDMSESSION', 'ubuntu'), ('LESSCLOSE', '/usr/bin/lesspipe %s %s'), ('LC_MEASUREMENT', 'zh_CN.UTF-8'), ('GPG_AGENT_INFO', '/run/user/1000/gnupg/S.gpg-agent:0:1'), ('GJS_DEBUG_OUTPUT', 'stderr'), ('LC_IDENTIFICATION', 'zh_CN.UTF-8'), ('VSCODE_GIT_ASKPASS_EXTRA_ARGS', ''), ('QT_IM_MODULE', 'ibus'), ('PWD', '/home/abc/planning_with_ros2/build/planning'), ('LC_ALL', 'en_US.UTF-8'), ('XDG_CONFIG_DIRS', '/etc/xdg/xdg-ubuntu:/etc/xdg'), ('XDG_DATA_DIRS', '/usr/share/ubuntu:/usr/share/gnome:/usr/local/share/:/usr/share/:/var/lib/snapd/desktop'), ('PYTHONPATH', '/home/abc/planning_with_ros2/install/data_plot/lib/python3.10/site-packages:/home/abc/planning_with_ros2/install/base_msgs/local/lib/python3.10/dist-packages:/home/abc/perception_with_ros2/install/data_plot_per/lib/python3.10/site-packages:/home/abc/perception_with_ros2/install/base_msgs_per/local/lib/python3.10/dist-packages:/opt/ros/humble/lib/python3.10/site-packages:/opt/ros/humble/local/lib/python3.10/dist-packages'), ('LC_NUMERIC', 'zh_CN.UTF-8'), ('LC_PAPER', 'zh_CN.UTF-8'), ('COLCON', '1'), ('CMAKE_PREFIX_PATH', '/home/abc/planning_with_ros2/install/base_msgs:/home/abc/planning_with_ros2/install/planning:/home/abc/perception_with_ros2/install/perception:/home/abc/perception_with_ros2/install/base_msgs_per:/home/abc/planning_with_ros2/install/data_plot:/home/abc/perception_with_ros2/install/data_plot_per:/opt/ros/humble')]), 'shell': False}
[0.799339] (planning) StdoutLine: {'line': b'[  5%] Built target config_reader\n'}
[0.801079] (-) TimerEvent: {}
[0.801704] (planning) StdoutLine: {'line': b'[ 10%] Built target newton_test\n'}
[0.802076] (planning) StdoutLine: {'line': b'[ 23%] Built target mathlibs\n'}
[0.802210] (planning) StdoutLine: {'line': b'[ 23%] Built target osqp_test\n'}
[0.812919] (planning) StdoutLine: {'line': b'[ 28%] Built target global_planner\n'}
[0.814135] (planning) StdoutLine: {'line': b'[ 35%] Built target pnc_map_creator\n'}
[0.817583] (planning) StdoutLine: {'line': b'[ 43%] Built target vehicle_info\n'}
[0.823178] (planning) StdoutLine: {'line': b'[ 51%] Built target reference_line\n'}
[0.828460] (planning) StdoutLine: {'line': b'[ 56%] Built target global_path_server\n'}
[0.829940] (planning) StdoutLine: {'line': b'[ 61%] Built target pnc_map_server\n'}
[0.833327] (planning) StdoutLine: {'line': b'[ 66%] Built target decision_center\n'}
[0.834108] (planning) StdoutLine: {'line': b'[ 71%] Built target obs_move_cmd\n'}
[0.836785] (planning) StdoutLine: {'line': b'[ 74%] \x1b[32mBuilding CXX object src/move_cmd/CMakeFiles/car_move_cmd.dir/car_move_cmd.cpp.o\x1b[0m\n'}
[0.853440] (planning) StdoutLine: {'line': b'[ 89%] Built target local_planner\n'}
[0.871710] (planning) StdoutLine: {'line': b'[ 97%] Built target planning_process\n'}
[0.901164] (-) TimerEvent: {}
[1.001425] (-) TimerEvent: {}
[1.101656] (-) TimerEvent: {}
[1.143448] (data_plot) Command: {'cmd': ['/usr/bin/python3', '-W', 'ignore:setup.py install is deprecated', '-W', 'ignore:easy_install command is deprecated', 'setup.py', 'egg_info', '--egg-base', '../../build/data_plot', 'build', '--build-base', '/home/abc/planning_with_ros2/build/data_plot/build', 'install', '--record', '/home/abc/planning_with_ros2/build/data_plot/install.log', '--single-version-externally-managed', 'install_data'], 'cwd': '/home/abc/planning_with_ros2/src/data_plot', 'env': {'GJS_DEBUG_TOPICS': 'JS ERROR;JS LOG', 'PYTHON_BASIC_REPL': '1', 'LESSOPEN': '| /usr/bin/lesspipe %s', 'LANGUAGE': 'en_US:en', 'TENSORRT_DIR': '/home/abc/TensorRT-8.6', 'USER': 'abc', 'LC_TIME': 'zh_CN.UTF-8', 'XDG_SESSION_TYPE': 'x11', 'GIT_ASKPASS': '/usr/share/code/resources/app/extensions/git/dist/askpass.sh', 'SHLVL': '1', 'LD_LIBRARY_PATH': '/home/abc/planning_with_ros2/install/base_msgs/lib:/usr/local/cuda-11.8/lib64:/home/abc/planning_with_ros2/install/planning/lib:/usr/local/cuda-11.8/lib64:/home/abc/planning_with_ros2/install/planning/lib:/home/abc/planning_with_ros2/install/planning/lib:/home/abc/perception_with_ros2/install/perception/lib:/home/abc/perception_with_ros2/install/base_msgs_per/lib:/usr/lib/x86_64-linux-gnu/gazebo-11/plugins:/opt/ros/humble/opt/rviz_ogre_vendor/lib:/opt/ros/humble/lib/x86_64-linux-gnu:/opt/ros/humble/lib:/home/abc/TensorRT-8.6/lib:/home/abc/TensorRT-8.6/lib', 'HOME': '/home/abc', 'CHROME_DESKTOP': 'code.desktop', 'TERM_PROGRAM_VERSION': '1.109.5', 'DESKTOP_SESSION': 'ubuntu', 'GIO_LAUNCHED_DESKTOP_FILE': '/usr/share/applications/code.desktop', 'ROS_PYTHON_VERSION': '3', 'GNOME_SHELL_SESSION_MODE': 'ubuntu', 'GTK_MODULES': 'gail:atk-bridge', 'VSCODE_GIT_ASKPASS_MAIN': '/usr/share/code/resources/app/extensions/git/dist/askpass-main.js', 'LC_MONETARY': 'zh_CN.UTF-8', 'VSCODE_GIT_ASKPASS_NODE': '/usr/share/code/code', 'MANAGERPID': '1130', 'PYDEVD_DISABLE_FILE_VALIDATION': '1', 'SYSTEMD_EXEC_PID': '1595', 'BUNDLED_DEBUGPY_PATH': '/home/abc/.vscode/extensions/ms-python.debugpy-2025.18.0-linux-x64/bundled/libs/debugpy', 'VSCODE_PYTHON_AUTOACTIVATE_GUARD': '1', 'DBUS_SESSION_BUS_ADDRESS': 'unix:path=/run/user/1000/bus', 'COLORTERM': 'truecolor', 'GIO_LAUNCHED_DESKTOP_FILE_PID': '364490', 'COLCON_PREFIX_PATH': '/home/abc/planning_with_ros2/install:/home/abc/perception_with_ros2/install', 'ROS_DISTRO': 'humble', 'GTK_IM_MODULE': 'ibus', 'LOGNAME': 'abc', 'JOURNAL_STREAM': '8:6989', '_': '/usr/bin/colcon', 'ROS_VERSION': '2', 'XDG_SESSION_CLASS': 'user', 'USERNAME': 'abc', 'TERM': 'xterm-256color', 'GNOME_DESKTOP_SESSION_ID': 'this-is-deprecated', 'ROS2_PLANNING_COURSE_INSTALL': '/home/abc/planning_with_ros2/install', 'FC_FONTATIONS': '1', 'ROS_LOCALHOST_ONLY': '0', 'WINDOWPATH': '2', 'PATH': '/usr/local/cuda-11.8/bin:/home/abc/.config/Code/User/globalStorage/github.copilot-chat/debugCommand:/home/abc/.config/Code/User/globalStorage/github.copilot-chat/copilotCli:/usr/local/cuda-11.8/bin:/opt/ros/humble/bin:/usr/local/sbin:/usr/local/bin:/usr/sbin:/usr/bin:/sbin:/bin:/usr/games:/usr/local/games:/snap/bin:/snap/bin:/home/abc/.vscode/extensions/ms-python.debugpy-2025.18.0-linux-x64/bundled/scripts/noConfigScripts', 'SESSION_MANAGER': 'local/abc-G3-3500:@/tmp/.ICE-unix/1554,unix/abc-G3-3500:/tmp/.ICE-unix/1554', 'INVOCATION_ID': 'f3a9f1252eb845459ae16b5ad8fdee6d', 'PAPERSIZE': 'a4', 'XDG_MENU_PREFIX': 'gnome-', 'LC_ADDRESS': 'zh_CN.UTF-8', 'XDG_RUNTIME_DIR': '/run/user/1000', 'GDK_BACKEND': 'x11', 'DISPLAY': ':0', 'VSCODE_DEBUGPY_ADAPTER_ENDPOINTS': '/home/abc/.vscode/extensions/ms-python.debugpy-2025.18.0-linux-x64/.noConfigDebugAdapterEndpoints/endpoint-73f3b4a0a422bf73.txt', 'LANG': 'en_US.UTF-8', 'XDG_CURRENT_DESKTOP': 'ubuntu:GNOME', 'PYTHONSTARTUP': '/home/abc/.config/Code/User/workspaceStorage/4efd6db52f1c03b4cb1fb614d5084a17/ms-python.python/pythonrc.py', 'LC_TELEPHONE': 'zh_CN.UTF-8', 'XMODIFIERS': '@im=ibus', 'XDG_SESSION_DESKTOP': 'ubuntu', 'XAUTHORITY': '/run/user/1000/gdm/Xauthority', 'LS_COLORS': 'rs=0:di=01;34:ln=01;36:mh=00:pi=40;33:so=01;35:do=01;35:bd=40;33;01:cd=40;33;01:or=40;31;01:mi=00:su=37;41:sg=30;43:ca=30;41:tw=30;42:ow=34;42:st=37;44:ex=01;32:*.tar=01;31:*.tgz=01;31:*.arc=01;31:*.arj=01;31:*.taz=01;31:*.lha=01;31:*.lz4=01;31:*.lzh=01;31:*.lzma=01;31:*.tlz=01;31:*.txz=01;31:*.tzo=01;31:*.t7z=01;31:*.zip=01;31:*.z=01;31:*.dz=01;31:*.gz=01;31:*.lrz=01;31:*.lz=01;31:*.lzo=01;31:*.xz=01;31:*.zst=01;31:*.tzst=01;31:*.bz2=01;31:*.bz=01;31:*.tbz=01;31:*.tbz2=01;31:*.tz=01;31:*.deb=01;31:*.rpm=01;31:*.jar=01;31:*.war=01;31:*.ear=01;31:*.sar=01;31:*.rar=01;31:*.alz=01;31:*.ace=01;31:*.zoo=01;31:*.cpio=01;31:*.7z=01;31:*.rz=01;31:*.cab=01;31:*.wim=01;31:*.swm=01;31:*.dwm=01;31:*.esd=01;31:*.jpg=01;35:*.jpeg=01;35:*.mjpg=01;35:*.mjpeg=01;35:*.gif=01;35:*.bmp=01;35:*.pbm=01;35:*.pgm=01;35:*.ppm=01;35:*.tga=01;35:*.xbm=01;35:*.xpm=01;35:*.tif=01;35:*.tiff=01;35:*.png=01;35:*.svg=01;35:*.svgz=01;35:*.mng=01;35:*.pcx=01;35:*.mov=01;35:*.mpg=01;35:*.mpeg=01;35:*.m2v=01;35:*.mkv=01;35:*.webm=01;35:*.webp=01;35:*.ogm=01;35:*.mp4=01;35:*.m4v=01;35:*.mp4v=01;35:*.vob=01;35:*.qt=01;35:*.nuv=01;35:*.wmv=01;35:*.asf=01;35:*.rm=01;35:*.rmvb=01;35:*.flc=01;35:*.avi=01;35:*.fli=01;35:*.flv=01;35:*.gl=01;35:*.dl=01;35:*.xcf=01;35:*.xwd=01;35:*.yuv=01;35:*.cgm=01;35:*.emf=01;35:*.ogv=01;35:*.ogx=01;35:*.aac=00;36:*.au=00;36:*.flac=00;36:*.m4a=00;36:*.mid=00;36:*.midi=00;36:*.mka=00;36:*.mp3=00;36:*.mpc=00;36:*.ogg=00;36:*.ra=00;36:*.wav=00;36:*.oga=00;36:*.opus=00;36:*.spx=00;36:*.xspf=00;36:', 'VSCODE_GIT_IPC_HANDLE': '/run/user/1000/vscode-git-c59a044dc2.sock', 'TERM_PROGRAM': 'vscode', 'SSH_AGENT_LAUNCHER': 'gnome-keyring', 'SSH_AUTH_SOCK': '/run/user/1000/keyring/ssh', 'ROS_DOMAIN_ID': '2', 'AMENT_PREFIX_PATH': '/home/abc/planning_with_ros2/install/planning:/home/abc/planning_with_ros2/install/data_plot:/home/abc/planning_with_ros2/install/base_msgs:/home/abc/perception_with_ros2/install/perception:/home/abc/perception_with_ros2/install/data_plot_per:/home/abc/perception_with_ros2/install/base_msgs_per:/opt/ros/humble', 'SHELL': '/bin/bash', 'LC_NAME': 'zh_CN.UTF-8', 'QT_ACCESSIBILITY': '1', 'GDMSESSION': 'ubuntu', 'LESSCLOSE': '/usr/bin/lesspipe %s %s', 'LC_MEASUREMENT': 'zh_CN.UTF-8', 'GPG_AGENT_INFO': '/run/user/1000/gnupg/S.gpg-agent:0:1', 'GJS_DEBUG_OUTPUT': 'stderr', 'LC_IDENTIFICATION': 'zh_CN.UTF-8', 'VSCODE_GIT_ASKPASS_EXTRA_ARGS': '', 'QT_IM_MODULE': 'ibus', 'PWD': '/home/abc/planning_with_ros2/build/data_plot', 'LC_ALL': 'en_US.UTF-8', 'XDG_CONFIG_DIRS': '/etc/xdg/xdg-ubuntu:/etc/xdg', 'XDG_DATA_DIRS': '/usr/share/ubuntu:/usr/share/gnome:/usr/local/share/:/usr/share/:/var/lib/snapd/desktop', 'PYTHONPATH': '/home/abc/planning_with_ros2/build/data_plot/prefix_override:/usr/lib/python3/dist-packages/colcon_core/task/python/colcon_distutils_commands:/home/abc/planning_with_ros2/install/data_plot/lib/python3.10/site-packages:/home/abc/planning_with_ros2/install/data_plot/lib/python3.10/site-packages:/home/abc/planning_with_ros2/install/base_msgs/local/lib/python3.10/dist-packages:/home/abc/perception_with_ros2/install/data_plot_per/lib/python3.10/site-packages:/home/abc/perception_with_ros2/install/base_msgs_per/local/lib/python3.10/dist-packages:/opt/ros/humble/lib/python3.10/site-packages:/opt/ros/humble/local/lib/python3.10/dist-packages', 'LC_NUMERIC': 'zh_CN.UTF-8', 'LC_PAPER': 'zh_CN.UTF-8', 'COLCON': '1', 'CMAKE_PREFIX_PATH': '/home/abc/planning_with_ros2/install/base_msgs:/home/abc/planning_with_ros2/install/planning:/home/abc/perception_with_ros2/install/perception:/home/abc/perception_with_ros2/install/base_msgs_per'}, 'shell': False}
[1.201746] (-) TimerEvent: {}
[1.302004] (-) TimerEvent: {}
[1.394605] (data_plot) StdoutLine: {'line': b'running egg_info\n'}
[1.395286] (data_plot) StdoutLine: {'line': b'writing ../../build/data_plot/data_plot.egg-info/PKG-INFO\n'}
[1.395473] (data_plot) StdoutLine: {'line': b'writing dependency_links to ../../build/data_plot/data_plot.egg-info/dependency_links.txt\n'}
[1.395605] (data_plot) StdoutLine: {'line': b'writing entry points to ../../build/data_plot/data_plot.egg-info/entry_points.txt\n'}
[1.395725] (data_plot) StdoutLine: {'line': b'writing requirements to ../../build/data_plot/data_plot.egg-info/requires.txt\n'}
[1.395855] (data_plot) StdoutLine: {'line': b'writing top-level names to ../../build/data_plot/data_plot.egg-info/top_level.txt\n'}
[1.397436] (data_plot) StdoutLine: {'line': b"reading manifest file '../../build/data_plot/data_plot.egg-info/SOURCES.txt'\n"}
[1.398171] (data_plot) StdoutLine: {'line': b"writing manifest file '../../build/data_plot/data_plot.egg-info/SOURCES.txt'\n"}
[1.398270] (data_plot) StdoutLine: {'line': b'running build\n'}
[1.398327] (data_plot) StdoutLine: {'line': b'running build_py\n'}
[1.398464] (data_plot) StdoutLine: {'line': b'running install\n'}
[1.398763] (data_plot) StdoutLine: {'line': b'running install_lib\n'}
[1.400647] (data_plot) StdoutLine: {'line': b'running install_data\n'}
[1.400750] (data_plot) StdoutLine: {'line': b'running install_egg_info\n'}
[1.402069] (-) TimerEvent: {}
[1.402359] (data_plot) StdoutLine: {'line': b"removing '/home/abc/planning_with_ros2/install/data_plot/lib/python3.10/site-packages/data_plot-0.0.0-py3.10.egg-info' (and everything under it)\n"}
[1.402563] (data_plot) StdoutLine: {'line': b'Copying ../../build/data_plot/data_plot.egg-info to /home/abc/planning_with_ros2/install/data_plot/lib/python3.10/site-packages/data_plot-0.0.0-py3.10.egg-info\n'}
[1.403319] (data_plot) StdoutLine: {'line': b'running install_scripts\n'}
[1.424595] (data_plot) StdoutLine: {'line': b'Installing data_plot script to /home/abc/planning_with_ros2/install/data_plot/lib/data_plot\n'}
[1.424947] (data_plot) StdoutLine: {'line': b"writing list of installed files to '/home/abc/planning_with_ros2/build/data_plot/install.log'\n"}
[1.449929] (data_plot) CommandEnded: {'returncode': 0}
[1.456475] (data_plot) JobEnded: {'identifier': 'data_plot', 'rc': 0}
[1.502168] (-) TimerEvent: {}
[1.602406] (-) TimerEvent: {}
[1.702681] (-) TimerEvent: {}
[1.802942] (-) TimerEvent: {}
[1.903239] (-) TimerEvent: {}
[2.003507] (-) TimerEvent: {}
[2.103769] (-) TimerEvent: {}
[2.204031] (-) TimerEvent: {}
[2.304297] (-) TimerEvent: {}
[2.404566] (-) TimerEvent: {}
[2.504805] (-) TimerEvent: {}
[2.605059] (-) TimerEvent: {}
[2.705308] (-) TimerEvent: {}
[2.805582] (-) TimerEvent: {}
[2.905842] (-) TimerEvent: {}
[3.006114] (-) TimerEvent: {}
[3.106399] (-) TimerEvent: {}
[3.206678] (-) TimerEvent: {}
[3.306951] (-) TimerEvent: {}
[3.407186] (-) TimerEvent: {}
[3.507418] (-) TimerEvent: {}
[3.607701] (-) TimerEvent: {}
[3.707937] (-) TimerEvent: {}
[3.808238] (-) TimerEvent: {}
[3.908508] (-) TimerEvent: {}
[4.008795] (-) TimerEvent: {}
[4.109054] (-) TimerEvent: {}
[4.209344] (-) TimerEvent: {}
[4.309608] (-) TimerEvent: {}
[4.409846] (-) TimerEvent: {}
[4.510090] (-) TimerEvent: {}
[4.610355] (-) TimerEvent: {}
[4.710632] (-) TimerEvent: {}
[4.810839] (-) TimerEvent: {}
[4.911071] (-) TimerEvent: {}
[5.011304] (-) TimerEvent: {}
[5.111580] (-) TimerEvent: {}
[5.211849] (-) TimerEvent: {}
[5.312082] (-) TimerEvent: {}
[5.412320] (-) TimerEvent: {}
[5.512586] (-) TimerEvent: {}
[5.612838] (-) TimerEvent: {}
[5.713071] (-) TimerEvent: {}
[5.813312] (-) TimerEvent: {}
[5.913578] (-) TimerEvent: {}
[6.013844] (-) TimerEvent: {}
[6.114079] (-) TimerEvent: {}
[6.214319] (-) TimerEvent: {}
[6.314586] (-) TimerEvent: {}
[6.414844] (-) TimerEvent: {}
[6.515076] (-) TimerEvent: {}
[6.615310] (-) TimerEvent: {}
[6.715571] (-) TimerEvent: {}
[6.815855] (-) TimerEvent: {}
[6.916103] (-) TimerEvent: {}
[7.016390] (-) TimerEvent: {}
[7.116644] (-) TimerEvent: {}
[7.216926] (-) TimerEvent: {}
[7.317198] (-) TimerEvent: {}
[7.417487] (-) TimerEvent: {}
[7.517778] (-) TimerEvent: {}
[7.618023] (-) TimerEvent: {}
[7.718272] (-) TimerEvent: {}
[7.818495] (-) TimerEvent: {}
[7.918715] (-) TimerEvent: {}
[8.018937] (-) TimerEvent: {}
[8.119155] (-) TimerEvent: {}
[8.219377] (-) TimerEvent: {}
[8.319630] (-) TimerEvent: {}
[8.419837] (-) TimerEvent: {}
[8.520059] (-) TimerEvent: {}
[8.620281] (-) TimerEvent: {}
[8.720541] (-) TimerEvent: {}
[8.820806] (-) TimerEvent: {}
[8.921026] (-) TimerEvent: {}
[9.021246] (-) TimerEvent: {}
[9.121501] (-) TimerEvent: {}
[9.221765] (-) TimerEvent: {}
[9.321998] (-) TimerEvent: {}
[9.422218] (-) TimerEvent: {}
[9.522484] (-) TimerEvent: {}
[9.622709] (-) TimerEvent: {}
[9.722943] (-) TimerEvent: {}
[9.823163] (-) TimerEvent: {}
[9.923381] (-) TimerEvent: {}
[10.023641] (-) TimerEvent: {}
[10.123835] (-) TimerEvent: {}
[10.224066] (-) TimerEvent: {}
[10.324286] (-) TimerEvent: {}
[10.424503] (-) TimerEvent: {}
[10.524765] (-) TimerEvent: {}
[10.624994] (-) TimerEvent: {}
[10.725223] (-) TimerEvent: {}
[10.825494] (-) TimerEvent: {}
[10.925766] (-) TimerEvent: {}
[11.026005] (-) TimerEvent: {}
[11.126272] (-) TimerEvent: {}
[11.226554] (-) TimerEvent: {}
[11.226760] (planning) StdoutLine: {'line': b'[100%] \x1b[32m\x1b[1mLinking CXX executable car_move_cmd\x1b[0m\n'}
[11.326676] (-) TimerEvent: {}
[11.426920] (-) TimerEvent: {}
[11.527161] (-) TimerEvent: {}
[11.627408] (-) TimerEvent: {}
[11.722629] (planning) StdoutLine: {'line': b'[100%] Built target car_move_cmd\n'}
[11.726511] (planning) CommandEnded: {'returncode': 0}
[11.727224] (planning) JobProgress: {'identifier': 'planning', 'progress': 'install'}
[11.727586] (planning) Command: {'cmd': ['/usr/local/bin/cmake', '--install', '/home/abc/planning_with_ros2/build/planning'], 'cwd': '/home/abc/planning_with_ros2/build/planning', 'env': OrderedDict([('GJS_DEBUG_TOPICS', 'JS ERROR;JS LOG'), ('PYTHON_BASIC_REPL', '1'), ('LESSOPEN', '| /usr/bin/lesspipe %s'), ('LANGUAGE', 'en_US:en'), ('TENSORRT_DIR', '/home/abc/TensorRT-8.6'), ('USER', 'abc'), ('LC_TIME', 'zh_CN.UTF-8'), ('XDG_SESSION_TYPE', 'x11'), ('GIT_ASKPASS', '/usr/share/code/resources/app/extensions/git/dist/askpass.sh'), ('SHLVL', '1'), ('LD_LIBRARY_PATH', '/home/abc/planning_with_ros2/install/base_msgs/lib:/usr/local/cuda-11.8/lib64:/home/abc/planning_with_ros2/install/planning/lib:/usr/local/cuda-11.8/lib64:/home/abc/planning_with_ros2/install/planning/lib:/home/abc/planning_with_ros2/install/planning/lib:/home/abc/perception_with_ros2/install/perception/lib:/home/abc/perception_with_ros2/install/base_msgs_per/lib:/usr/lib/x86_64-linux-gnu/gazebo-11/plugins:/opt/ros/humble/opt/rviz_ogre_vendor/lib:/opt/ros/humble/lib/x86_64-linux-gnu:/opt/ros/humble/lib:/home/abc/TensorRT-8.6/lib:/home/abc/TensorRT-8.6/lib'), ('HOME', '/home/abc'), ('CHROME_DESKTOP', 'code.desktop'), ('TERM_PROGRAM_VERSION', '1.109.5'), ('DESKTOP_SESSION', 'ubuntu'), ('GIO_LAUNCHED_DESKTOP_FILE', '/usr/share/applications/code.desktop'), ('ROS_PYTHON_VERSION', '3'), ('GNOME_SHELL_SESSION_MODE', 'ubuntu'), ('GTK_MODULES', 'gail:atk-bridge'), ('VSCODE_GIT_ASKPASS_MAIN', '/usr/share/code/resources/app/extensions/git/dist/askpass-main.js'), ('LC_MONETARY', 'zh_CN.UTF-8'), ('VSCODE_GIT_ASKPASS_NODE', '/usr/share/code/code'), ('MANAGERPID', '1130'), ('PYDEVD_DISABLE_FILE_VALIDATION', '1'), ('SYSTEMD_EXEC_PID', '1595'), ('BUNDLED_DEBUGPY_PATH', '/home/abc/.vscode/extensions/ms-python.debugpy-2025.18.0-linux-x64/bundled/libs/debugpy'), ('VSCODE_PYTHON_AUTOACTIVATE_GUARD', '1'), ('DBUS_SESSION_BUS_ADDRESS', 'unix:path=/run/user/1000/bus'), ('COLORTERM', 'truecolor'), ('GIO_LAUNCHED_DESKTOP_FILE_PID', '364490'), ('COLCON_PREFIX_PATH', '/home/abc/planning_with_ros2/install:/home/abc/perception_with_ros2/install'), ('ROS_DISTRO', 'humble'), ('GTK_IM_MODULE', 'ibus'), ('LOGNAME', 'abc'), ('JOURNAL_STREAM', '8:6989'), ('_', '/usr/bin/colcon'), ('ROS_VERSION', '2'), ('XDG_SESSION_CLASS', 'user'), ('USERNAME', 'abc'), ('TERM', 'xterm-256color'), ('GNOME_DESKTOP_SESSION_ID', 'this-is-deprecated'), ('ROS2_PLANNING_COURSE_INSTALL', '/home/abc/planning_with_ros2/install'), ('FC_FONTATIONS', '1'), ('ROS_LOCALHOST_ONLY', '0'), ('WINDOWPATH', '2'), ('PATH', '/usr/local/cuda-11.8/bin:/home/abc/.config/Code/User/globalStorage/github.copilot-chat/debugCommand:/home/abc/.config/Code/User/globalStorage/github.copilot-chat/copilotCli:/usr/local/cuda-11.8/bin:/opt/ros/humble/bin:/usr/local/sbin:/usr/local/bin:/usr/sbin:/usr/bin:/sbin:/bin:/usr/games:/usr/local/games:/snap/bin:/snap/bin:/home/abc/.vscode/extensions/ms-python.debugpy-2025.18.0-linux-x64/bundled/scripts/noConfigScripts'), ('SESSION_MANAGER', 'local/abc-G3-3500:@/tmp/.ICE-unix/1554,unix/abc-G3-3500:/tmp/.ICE-unix/1554'), ('INVOCATION_ID', 'f3a9f1252eb845459ae16b5ad8fdee6d'), ('PAPERSIZE', 'a4'), ('XDG_MENU_PREFIX', 'gnome-'), ('LC_ADDRESS', 'zh_CN.UTF-8'), ('XDG_RUNTIME_DIR', '/run/user/1000'), ('GDK_BACKEND', 'x11'), ('DISPLAY', ':0'), ('VSCODE_DEBUGPY_ADAPTER_ENDPOINTS', '/home/abc/.vscode/extensions/ms-python.debugpy-2025.18.0-linux-x64/.noConfigDebugAdapterEndpoints/endpoint-73f3b4a0a422bf73.txt'), ('LANG', 'en_US.UTF-8'), ('XDG_CURRENT_DESKTOP', 'ubuntu:GNOME'), ('PYTHONSTARTUP', '/home/abc/.config/Code/User/workspaceStorage/4efd6db52f1c03b4cb1fb614d5084a17/ms-python.python/pythonrc.py'), ('LC_TELEPHONE', 'zh_CN.UTF-8'), ('XMODIFIERS', '@im=ibus'), ('XDG_SESSION_DESKTOP', 'ubuntu'), ('XAUTHORITY', '/run/user/1000/gdm/Xauthority'), ('LS_COLORS', 'rs=0:di=01;34:ln=01;36:mh=00:pi=40;33:so=01;35:do=01;35:bd=40;33;01:cd=40;33;01:or=40;31;01:mi=00:su=37;41:sg=30;43:ca=30;41:tw=30;42:ow=34;42:st=37;44:ex=01;32:*.tar=01;31:*.tgz=01;31:*.arc=01;31:*.arj=01;31:*.taz=01;31:*.lha=01;31:*.lz4=01;31:*.lzh=01;31:*.lzma=01;31:*.tlz=01;31:*.txz=01;31:*.tzo=01;31:*.t7z=01;31:*.zip=01;31:*.z=01;31:*.dz=01;31:*.gz=01;31:*.lrz=01;31:*.lz=01;31:*.lzo=01;31:*.xz=01;31:*.zst=01;31:*.tzst=01;31:*.bz2=01;31:*.bz=01;31:*.tbz=01;31:*.tbz2=01;31:*.tz=01;31:*.deb=01;31:*.rpm=01;31:*.jar=01;31:*.war=01;31:*.ear=01;31:*.sar=01;31:*.rar=01;31:*.alz=01;31:*.ace=01;31:*.zoo=01;31:*.cpio=01;31:*.7z=01;31:*.rz=01;31:*.cab=01;31:*.wim=01;31:*.swm=01;31:*.dwm=01;31:*.esd=01;31:*.jpg=01;35:*.jpeg=01;35:*.mjpg=01;35:*.mjpeg=01;35:*.gif=01;35:*.bmp=01;35:*.pbm=01;35:*.pgm=01;35:*.ppm=01;35:*.tga=01;35:*.xbm=01;35:*.xpm=01;35:*.tif=01;35:*.tiff=01;35:*.png=01;35:*.svg=01;35:*.svgz=01;35:*.mng=01;35:*.pcx=01;35:*.mov=01;35:*.mpg=01;35:*.mpeg=01;35:*.m2v=01;35:*.mkv=01;35:*.webm=01;35:*.webp=01;35:*.ogm=01;35:*.mp4=01;35:*.m4v=01;35:*.mp4v=01;35:*.vob=01;35:*.qt=01;35:*.nuv=01;35:*.wmv=01;35:*.asf=01;35:*.rm=01;35:*.rmvb=01;35:*.flc=01;35:*.avi=01;35:*.fli=01;35:*.flv=01;35:*.gl=01;35:*.dl=01;35:*.xcf=01;35:*.xwd=01;35:*.yuv=01;35:*.cgm=01;35:*.emf=01;35:*.ogv=01;35:*.ogx=01;35:*.aac=00;36:*.au=00;36:*.flac=00;36:*.m4a=00;36:*.mid=00;36:*.midi=00;36:*.mka=00;36:*.mp3=00;36:*.mpc=00;36:*.ogg=00;36:*.ra=00;36:*.wav=00;36:*.oga=00;36:*.opus=00;36:*.spx=00;36:*.xspf=00;36:'), ('VSCODE_GIT_IPC_HANDLE', '/run/user/1000/vscode-git-c59a044dc2.sock'), ('TERM_PROGRAM', 'vscode'), ('SSH_AGENT_LAUNCHER', 'gnome-keyring'), ('SSH_AUTH_SOCK', '/run/user/1000/keyring/ssh'), ('ROS_DOMAIN_ID', '2'), ('AMENT_PREFIX_PATH', '/home/abc/planning_with_ros2/install/planning:/home/abc/planning_with_ros2/install/data_plot:/home/abc/planning_with_ros2/install/base_msgs:/home/abc/perception_with_ros2/install/perception:/home/abc/perception_with_ros2/install/data_plot_per:/home/abc/perception_with_ros2/install/base_msgs_per:/opt/ros/humble'), ('SHELL', '/bin/bash'), ('LC_NAME', 'zh_CN.UTF-8'), ('QT_ACCESSIBILITY', '1'), ('GDMSESSION', 'ubuntu'), ('LESSCLOSE', '/usr/bin/lesspipe %s %s'), ('LC_MEASUREMENT', 'zh_CN.UTF-8'), ('GPG_AGENT_INFO', '/run/user/1000/gnupg/S.gpg-agent:0:1'), ('GJS_DEBUG_OUTPUT', 'stderr'), ('LC_IDENTIFICATION', 'zh_CN.UTF-8'), ('VSCODE_GIT_ASKPASS_EXTRA_ARGS', ''), ('QT_IM_MODULE', 'ibus'), ('PWD', '/home/abc/planning_with_ros2/build/planning'), ('LC_ALL', 'en_US.UTF-8'), ('XDG_CONFIG_DIRS', '/etc/xdg/xdg-ubuntu:/etc/xdg'), ('XDG_DATA_DIRS', '/usr/share/ubuntu:/usr/share/gnome:/usr/local/share/:/usr/share/:/var/lib/snapd/desktop'), ('PYTHONPATH', '/home/abc/planning_with_ros2/install/data_plot/lib/python3.10/site-packages:/home/abc/planning_with_ros2/install/base_msgs/local/lib/python3.10/dist-packages:/home/abc/perception_with_ros2/install/data_plot_per/lib/python3.10/site-packages:/home/abc/perception_with_ros2/install/base_msgs_per/local/lib/python3.10/dist-packages:/opt/ros/humble/lib/python3.10/site-packages:/opt/ros/humble/local/lib/python3.10/dist-packages'), ('LC_NUMERIC', 'zh_CN.UTF-8'), ('LC_PAPER', 'zh_CN.UTF-8'), ('COLCON', '1'), ('CMAKE_PREFIX_PATH', '/home/abc/planning_with_ros2/install/base_msgs:/home/abc/planning_with_ros2/install/planning:/home/abc/perception_with_ros2/install/perception:/home/abc/perception_with_ros2/install/base_msgs_per:/home/abc/planning_with_ros2/install/data_plot:/home/abc/perception_with_ros2/install/data_plot_per:/opt/ros/humble')]), 'shell': False}
[11.728555] (-) TimerEvent: {}
[11.729715] (planning) StdoutLine: {'line': b'-- Install configuration: ""\n'}
[11.730072] (planning) StdoutLine: {'line': b'-- Up-to-date: /home/abc/planning_with_ros2/install/planning/lib/libconfig_reader.so\n'}
[11.730305] (planning) StdoutLine: {'line': b'-- Up-to-date: /home/abc/planning_with_ros2/install/planning/lib/libmathlibs.so\n'}
[11.730684] (planning) StdoutLine: {'line': b'-- Up-to-date: /home/abc/planning_with_ros2/install/planning/lib/libdecision_center.so\n'}
[11.731097] (planning) StdoutLine: {'line': b'-- Up-to-date: /home/abc/planning_with_ros2/install/planning/lib/libpnc_map_creator.so\n'}
[11.731327] (planning) StdoutLine: {'line': b'-- Up-to-date: /home/abc/planning_with_ros2/install/planning/lib/planning/pnc_map_server\n'}
[11.731742] (planning) StdoutLine: {'line': b'-- Up-to-date: /home/abc/planning_with_ros2/install/planning/lib/libglobal_planner.so\n'}
[11.732002] (planning) StdoutLine: {'line': b'-- Up-to-date: /home/abc/planning_with_ros2/install/planning/lib/planning/global_path_server\n'}
[11.732391] (planning) StdoutLine: {'line': b'-- Up-to-date: /home/abc/planning_with_ros2/install/planning/lib/liblocal_planner.so\n'}
[11.732782] (planning) StdoutLine: {'line': b'-- Up-to-date: /home/abc/planning_with_ros2/install/planning/lib/libreference_line.so\n'}
[11.733194] (planning) StdoutLine: {'line': b'-- Up-to-date: /home/abc/planning_with_ros2/install/planning/lib/planning/osqp_test\n'}
[11.733418] (planning) StdoutLine: {'line': b'-- Up-to-date: /home/abc/planning_with_ros2/install/planning/lib/planning/newton_test\n'}
[11.733818] (planning) StdoutLine: {'line': b'-- Up-to-date: /home/abc/planning_with_ros2/install/planning/lib/libvehicle_info.so\n'}
[11.734213] (planning) StdoutLine: {'line': b'-- Up-to-date: /home/abc/planning_with_ros2/install/planning/lib/planning/planning_process\n'}
[11.734642] (planning) StdoutLine: {'line': b'-- Installing: /home/abc/planning_with_ros2/install/planning/lib/planning/car_move_cmd\n'}
[11.738058] (planning) StdoutLine: {'line': b'-- Set non-toolchain portion of runtime path of "/home/abc/planning_with_ros2/install/planning/lib/planning/car_move_cmd" to ""\n'}
[11.738224] (planning) StdoutLine: {'line': b'-- Up-to-date: /home/abc/planning_with_ros2/install/planning/lib/planning/obs_move_cmd\n'}
[11.738366] (planning) StdoutLine: {'line': b'-- Up-to-date: /home/abc/planning_with_ros2/install/planning/share/planning/config\n'}
[11.738485] (planning) StdoutLine: {'line': b'-- Up-to-date: /home/abc/planning_with_ros2/install/planning/share/planning/config/planning_static_obs_config.yaml\n'}
[11.738642] (planning) StdoutLine: {'line': b'-- Up-to-date: /home/abc/planning_with_ros2/install/planning/share/planning/config/scenario_config.yaml\n'}
[11.738786] (planning) StdoutLine: {'line': b'-- Up-to-date: /home/abc/planning_with_ros2/install/planning/share/planning/config/planning_dynamic_obs_config.yaml\n'}
[11.738901] (planning) StdoutLine: {'line': b'-- Up-to-date: /home/abc/planning_with_ros2/install/planning/share/planning/config/planning_onlane_obs_config.yaml\n'}
[11.739010] (planning) StdoutLine: {'line': b'-- Up-to-date: /home/abc/planning_with_ros2/install/planning/share/planning/launch\n'}
[11.739110] (planning) StdoutLine: {'line': b'-- Up-to-date: /home/abc/planning_with_ros2/install/planning/share/planning/launch/planning_launch.py\n'}
[11.739196] (planning) StdoutLine: {'line': b'-- Up-to-date: /home/abc/planning_with_ros2/install/planning/share/planning/launch/move_cmd_launch.py\n'}
[11.739263] (planning) StdoutLine: {'line': b'-- Up-to-date: /home/abc/planning_with_ros2/install/planning/share/planning/urdf\n'}
[11.739406] (planning) StdoutLine: {'line': b'-- Up-to-date: /home/abc/planning_with_ros2/install/planning/share/planning/urdf/main_car\n'}
[11.739502] (planning) StdoutLine: {'line': b'-- Up-to-date: /home/abc/planning_with_ros2/install/planning/share/planning/urdf/main_car/car_camera.xacro\n'}
[11.739570] (planning) StdoutLine: {'line': b'-- Up-to-date: /home/abc/planning_with_ros2/install/planning/share/planning/urdf/main_car/car_base.xacro\n'}
[11.739644] (planning) StdoutLine: {'line': b'-- Up-to-date: /home/abc/planning_with_ros2/install/planning/share/planning/urdf/main_car/car_radar.xacro\n'}
[11.739710] (planning) StdoutLine: {'line': b'-- Up-to-date: /home/abc/planning_with_ros2/install/planning/share/planning/urdf/main_car/car.xacro\n'}
[11.739798] (planning) StdoutLine: {'line': b'-- Up-to-date: /home/abc/planning_with_ros2/install/planning/share/planning/urdf/main_car/car_wheels.xacro\n'}
[11.739902] (planning) StdoutLine: {'line': b'-- Up-to-date: /home/abc/planning_with_ros2/install/planning/share/planning/urdf/obs_car\n'}
[11.740000] (planning) StdoutLine: {'line': b'-- Up-to-date: /home/abc/planning_with_ros2/install/planning/share/planning/urdf/obs_car/obs_car.xacro\n'}
[11.740310] (planning) StdoutLine: {'line': b'-- Up-to-date: /home/abc/planning_with_ros2/install/planning/share/planning/rviz\n'}
[11.740699] (planning) StdoutLine: {'line': b'-- Up-to-date: /home/abc/planning_with_ros2/install/planning/share/planning/rviz/planning.rviz\n'}
[11.740796] (planning) StdoutLine: {'line': b'-- Up-to-date: /home/abc/planning_with_ros2/install/planning/share/ament_index/resource_index/package_run_dependencies/planning\n'}
[11.741443] (planning) StdoutLine: {'line': b'-- Up-to-date: /home/abc/planning_with_ros2/install/planning/share/ament_index/resource_index/parent_prefix_path/planning\n'}
[11.741518] (planning) StdoutLine: {'line': b'-- Up-to-date: /home/abc/planning_with_ros2/install/planning/share/planning/environment/ament_prefix_path.sh\n'}
[11.741603] (planning) StdoutLine: {'line': b'-- Up-to-date: /home/abc/planning_with_ros2/install/planning/share/planning/environment/ament_prefix_path.dsv\n'}
[11.741828] (planning) StdoutLine: {'line': b'-- Up-to-date: /home/abc/planning_with_ros2/install/planning/share/planning/environment/path.sh\n'}
[11.741985] (planning) StdoutLine: {'line': b'-- Up-to-date: /home/abc/planning_with_ros2/install/planning/share/planning/environment/path.dsv\n'}
[11.742053] (planning) StdoutLine: {'line': b'-- Up-to-date: /home/abc/planning_with_ros2/install/planning/share/planning/local_setup.bash\n'}
[11.742119] (planning) StdoutLine: {'line': b'-- Up-to-date: /home/abc/planning_with_ros2/install/planning/share/planning/local_setup.sh\n'}
[11.742183] (planning) StdoutLine: {'line': b'-- Up-to-date: /home/abc/planning_with_ros2/install/planning/share/planning/local_setup.zsh\n'}
[11.742248] (planning) StdoutLine: {'line': b'-- Up-to-date: /home/abc/planning_with_ros2/install/planning/share/planning/local_setup.dsv\n'}
[11.742311] (planning) StdoutLine: {'line': b'-- Installing: /home/abc/planning_with_ros2/install/planning/share/planning/package.dsv\n'}
[11.742375] (planning) StdoutLine: {'line': b'-- Up-to-date: /home/abc/planning_with_ros2/install/planning/share/ament_index/resource_index/packages/planning\n'}
[11.742439] (planning) StdoutLine: {'line': b'-- Up-to-date: /home/abc/planning_with_ros2/install/planning/share/planning/cmake/planningConfig.cmake\n'}
[11.742501] (planning) StdoutLine: {'line': b'-- Up-to-date: /home/abc/planning_with_ros2/install/planning/share/planning/cmake/planningConfig-version.cmake\n'}
[11.742577] (planning) StdoutLine: {'line': b'-- Up-to-date: /home/abc/planning_with_ros2/install/planning/share/planning/package.xml\n'}
[11.742642] (planning) CommandEnded: {'returncode': 0}
[11.756643] (planning) JobEnded: {'identifier': 'planning', 'rc': 0}
[11.757250] (-) EventReactorShutdown: {}
