[0.000000] (-) TimerEvent: {}
[0.000345] (base_msgs) JobQueued: {'identifier': 'base_msgs', 'dependencies': OrderedDict()}
[0.000376] (data_plot) JobQueued: {'identifier': 'data_plot', 'dependencies': OrderedDict([('base_msgs', '/home/abc/planning_with_ros2/install/base_msgs')])}
[0.000399] (planning) JobQueued: {'identifier': 'planning', 'dependencies': OrderedDict([('base_msgs', '/home/abc/planning_with_ros2/install/base_msgs')])}
[0.000419] (base_msgs) JobStarted: {'identifier': 'base_msgs'}
[0.007669] (base_msgs) JobProgress: {'identifier': 'base_msgs', 'progress': 'cmake'}
[0.008164] (base_msgs) JobProgress: {'identifier': 'base_msgs', 'progress': 'build'}
[0.008861] (base_msgs) Command: {'cmd': ['/usr/local/bin/cmake', '--build', '/home/abc/planning_with_ros2/build/base_msgs', '--', '-j12', '-l12'], 'cwd': '/home/abc/planning_with_ros2/build/base_msgs', 'env': OrderedDict([('GJS_DEBUG_TOPICS', 'JS ERROR;JS LOG'), ('PYTHON_BASIC_REPL', '1'), ('LESSOPEN', '| /usr/bin/lesspipe %s'), ('LANGUAGE', 'en_US:en'), ('TENSORRT_DIR', '/home/abc/TensorRT-8.6'), ('USER', 'abc'), ('LC_TIME', 'zh_CN.UTF-8'), ('XDG_SESSION_TYPE', 'x11'), ('GIT_ASKPASS', '/usr/share/code/resources/app/extensions/git/dist/askpass.sh'), ('SHLVL', '1'), ('LD_LIBRARY_PATH', '/usr/local/cuda-11.8/lib64:/home/abc/planning_with_ros2/install/planning/lib:/usr/local/cuda-11.8/lib64:/home/abc/planning_with_ros2/install/planning/lib:/home/abc/planning_with_ros2/install/planning/lib:/home/abc/planning_with_ros2/install/base_msgs/lib:/home/abc/perception_with_ros2/install/perception/lib:/home/abc/perception_with_ros2/install/base_msgs_per/lib:/usr/lib/x86_64-linux-gnu/gazebo-11/plugins:/opt/ros/humble/opt/rviz_ogre_vendor/lib:/opt/ros/humble/lib/x86_64-linux-gnu:/opt/ros/humble/lib:/home/abc/TensorRT-8.6/lib:/home/abc/TensorRT-8.6/lib'), ('HOME', '/home/abc'), ('CHROME_DESKTOP', 'code.desktop'), ('TERM_PROGRAM_VERSION', '1.108.2'), ('DESKTOP_SESSION', 'ubuntu'), ('GIO_LAUNCHED_DESKTOP_FILE', '/usr/share/applications/code.desktop'), ('ROS_PYTHON_VERSION', '3'), ('GNOME_SHELL_SESSION_MODE', 'ubuntu'), ('GTK_MODULES', 'gail:atk-bridge'), ('VSCODE_GIT_ASKPASS_MAIN', '/usr/share/code/resources/app/extensions/git/dist/askpass-main.js'), ('LC_MONETARY', 'zh_CN.UTF-8'), ('VSCODE_GIT_ASKPASS_NODE', '/usr/share/code/code'), ('MANAGERPID', '1130'), ('PYDEVD_DISABLE_FILE_VALIDATION', '1'), ('SYSTEMD_EXEC_PID', '1595'), ('BUNDLED_DEBUGPY_PATH', '/home/abc/.vscode/extensions/ms-python.debugpy-2025.18.0-linux-x64/bundled/libs/debugpy'), ('VSCODE_PYTHON_AUTOACTIVATE_GUARD', '1'), ('DBUS_SESSION_BUS_ADDRESS', 'unix:path=/run/user/1000/bus'), ('COLORTERM', 'truecolor'), ('GIO_LAUNCHED_DESKTOP_FILE_PID', '7523'), ('COLCON_PREFIX_PATH', '/home/abc/planning_with_ros2/install:/home/abc/perception_with_ros2/install'), ('ROS_DISTRO', 'humble'), ('GTK_IM_MODULE', 'ibus'), ('LOGNAME', 'abc'), ('JOURNAL_STREAM', '8:6989'), ('_', '/usr/bin/colcon'), ('ROS_VERSION', '2'), ('XDG_SESSION_CLASS', 'user'), ('USERNAME', 'abc'), ('TERM', 'xterm-256color'), ('GNOME_DESKTOP_SESSION_ID', 'this-is-deprecated'), ('ROS2_PLANNING_COURSE_INSTALL', '/home/abc/planning_with_ros2/install'), ('FC_FONTATIONS', '1'), ('ROS_LOCALHOST_ONLY', '0'), ('WINDOWPATH', '2'), ('PATH', '/usr/local/cuda-11.8/bin:/home/abc/.config/Code/User/globalStorage/github.copilot-chat/debugCommand:/home/abc/.config/Code/User/globalStorage/github.copilot-chat/copilotCli:/usr/local/cuda-11.8/bin:/opt/ros/humble/bin:/usr/local/sbin:/usr/local/bin:/usr/sbin:/usr/bin:/sbin:/bin:/usr/games:/usr/local/games:/snap/bin:/snap/bin:/home/abc/.vscode/extensions/ms-python.debugpy-2025.18.0-linux-x64/bundled/scripts/noConfigScripts'), ('SESSION_MANAGER', 'local/abc-G3-3500:@/tmp/.ICE-unix/1554,unix/abc-G3-3500:/tmp/.ICE-unix/1554'), ('INVOCATION_ID', 'f3a9f1252eb845459ae16b5ad8fdee6d'), ('PAPERSIZE', 'a4'), ('XDG_MENU_PREFIX', 'gnome-'), ('LC_ADDRESS', 'zh_CN.UTF-8'), ('XDG_RUNTIME_DIR', '/run/user/1000'), ('GDK_BACKEND', 'x11'), ('DISPLAY', ':0'), ('VSCODE_DEBUGPY_ADAPTER_ENDPOINTS', '/home/abc/.vscode/extensions/ms-python.debugpy-2025.18.0-linux-x64/.noConfigDebugAdapterEndpoints/endpoint-73f3b4a0a422bf73.txt'), ('LANG', 'en_US.UTF-8'), ('XDG_CURRENT_DESKTOP', 'ubuntu:GNOME'), ('PYTHONSTARTUP', '/home/abc/.config/Code/User/workspaceStorage/4efd6db52f1c03b4cb1fb614d5084a17/ms-python.python/pythonrc.py'), ('LC_TELEPHONE', 'zh_CN.UTF-8'), ('XMODIFIERS', '@im=ibus'), ('XDG_SESSION_DESKTOP', 'ubuntu'), ('XAUTHORITY', '/run/user/1000/gdm/Xauthority'), ('LS_COLORS', 'rs=0:di=01;34:ln=01;36:mh=00:pi=40;33:so=01;35:do=01;35:bd=40;33;01:cd=40;33;01:or=40;31;01:mi=00:su=37;41:sg=30;43:ca=30;41:tw=30;42:ow=34;42:st=37;44:ex=01;32:*.tar=01;31:*.tgz=01;31:*.arc=01;31:*.arj=01;31:*.taz=01;31:*.lha=01;31:*.lz4=01;31:*.lzh=01;31:*.lzma=01;31:*.tlz=01;31:*.txz=01;31:*.tzo=01;31:*.t7z=01;31:*.zip=01;31:*.z=01;31:*.dz=01;31:*.gz=01;31:*.lrz=01;31:*.lz=01;31:*.lzo=01;31:*.xz=01;31:*.zst=01;31:*.tzst=01;31:*.bz2=01;31:*.bz=01;31:*.tbz=01;31:*.tbz2=01;31:*.tz=01;31:*.deb=01;31:*.rpm=01;31:*.jar=01;31:*.war=01;31:*.ear=01;31:*.sar=01;31:*.rar=01;31:*.alz=01;31:*.ace=01;31:*.zoo=01;31:*.cpio=01;31:*.7z=01;31:*.rz=01;31:*.cab=01;31:*.wim=01;31:*.swm=01;31:*.dwm=01;31:*.esd=01;31:*.jpg=01;35:*.jpeg=01;35:*.mjpg=01;35:*.mjpeg=01;35:*.gif=01;35:*.bmp=01;35:*.pbm=01;35:*.pgm=01;35:*.ppm=01;35:*.tga=01;35:*.xbm=01;35:*.xpm=01;35:*.tif=01;35:*.tiff=01;35:*.png=01;35:*.svg=01;35:*.svgz=01;35:*.mng=01;35:*.pcx=01;35:*.mov=01;35:*.mpg=01;35:*.mpeg=01;35:*.m2v=01;35:*.mkv=01;35:*.webm=01;35:*.webp=01;35:*.ogm=01;35:*.mp4=01;35:*.m4v=01;35:*.mp4v=01;35:*.vob=01;35:*.qt=01;35:*.nuv=01;35:*.wmv=01;35:*.asf=01;35:*.rm=01;35:*.rmvb=01;35:*.flc=01;35:*.avi=01;35:*.fli=01;35:*.flv=01;35:*.gl=01;35:*.dl=01;35:*.xcf=01;35:*.xwd=01;35:*.yuv=01;35:*.cgm=01;35:*.emf=01;35:*.ogv=01;35:*.ogx=01;35:*.aac=00;36:*.au=00;36:*.flac=00;36:*.m4a=00;36:*.mid=00;36:*.midi=00;36:*.mka=00;36:*.mp3=00;36:*.mpc=00;36:*.ogg=00;36:*.ra=00;36:*.wav=00;36:*.oga=00;36:*.opus=00;36:*.spx=00;36:*.xspf=00;36:'), ('VSCODE_GIT_IPC_HANDLE', '/run/user/1000/vscode-git-c59a044dc2.sock'), ('TERM_PROGRAM', 'vscode'), ('SSH_AGENT_LAUNCHER', 'gnome-keyring'), ('SSH_AUTH_SOCK', '/run/user/1000/keyring/ssh'), ('ROS_DOMAIN_ID', '2'), ('AMENT_PREFIX_PATH', '/home/abc/planning_with_ros2/install/planning:/home/abc/planning_with_ros2/install/data_plot:/home/abc/planning_with_ros2/install/base_msgs:/home/abc/perception_with_ros2/install/perception:/home/abc/perception_with_ros2/install/data_plot_per:/home/abc/perception_with_ros2/install/base_msgs_per:/opt/ros/humble'), ('SHELL', '/bin/bash'), ('LC_NAME', 'zh_CN.UTF-8'), ('QT_ACCESSIBILITY', '1'), ('GDMSESSION', 'ubuntu'), ('LESSCLOSE', '/usr/bin/lesspipe %s %s'), ('LC_MEASUREMENT', 'zh_CN.UTF-8'), ('GPG_AGENT_INFO', '/run/user/1000/gnupg/S.gpg-agent:0:1'), ('GJS_DEBUG_OUTPUT', 'stderr'), ('LC_IDENTIFICATION', 'zh_CN.UTF-8'), ('VSCODE_GIT_ASKPASS_EXTRA_ARGS', ''), ('QT_IM_MODULE', 'ibus'), ('PWD', '/home/abc/planning_with_ros2/build/base_msgs'), ('LC_ALL', 'en_US.UTF-8'), ('XDG_CONFIG_DIRS', '/etc/xdg/xdg-ubuntu:/etc/xdg'), ('XDG_DATA_DIRS', '/usr/share/ubuntu:/usr/share/gnome:/usr/local/share/:/usr/share/:/var/lib/snapd/desktop'), ('PYTHONPATH', '/home/abc/planning_with_ros2/install/data_plot/lib/python3.10/site-packages:/home/abc/planning_with_ros2/install/base_msgs/local/lib/python3.10/dist-packages:/home/abc/perception_with_ros2/install/data_plot_per/lib/python3.10/site-packages:/home/abc/perception_with_ros2/install/base_msgs_per/local/lib/python3.10/dist-packages:/opt/ros/humble/lib/python3.10/site-packages:/opt/ros/humble/local/lib/python3.10/dist-packages'), ('LC_NUMERIC', 'zh_CN.UTF-8'), ('LC_PAPER', 'zh_CN.UTF-8'), ('COLCON', '1'), ('CMAKE_PREFIX_PATH', '/home/abc/planning_with_ros2/install/planning:/home/abc/planning_with_ros2/install/base_msgs:/home/abc/perception_with_ros2/install/perception:/home/abc/perception_with_ros2/install/base_msgs_per:/home/abc/planning_with_ros2/install/data_plot:/home/abc/perception_with_ros2/install/data_plot_per:/opt/ros/humble')]), 'shell': False}
[0.032619] (base_msgs) StdoutLine: {'line': b'[  0%] Built target base_msgs__cpp\n'}
[0.035266] (base_msgs) StdoutLine: {'line': b'[  0%] Built target ament_cmake_python_copy_base_msgs\n'}
[0.035622] (base_msgs) StdoutLine: {'line': b'[ 12%] Built target base_msgs__rosidl_generator_c\n'}
[0.045655] (base_msgs) StdoutLine: {'line': b'[ 24%] Built target base_msgs__rosidl_typesupport_cpp\n'}
[0.048137] (base_msgs) StdoutLine: {'line': b'[ 45%] Built target base_msgs__rosidl_typesupport_c\n'}
[0.048329] (base_msgs) StdoutLine: {'line': b'[ 48%] Built target base_msgs__rosidl_typesupport_introspection_c\n'}
[0.050000] (base_msgs) StdoutLine: {'line': b'[ 60%] Built target base_msgs__rosidl_typesupport_introspection_cpp\n'}
[0.051005] (base_msgs) StdoutLine: {'line': b'[ 80%] Built target base_msgs__rosidl_typesupport_fastrtps_c\n'}
[0.051178] (base_msgs) StdoutLine: {'line': b'[ 84%] Built target base_msgs__rosidl_typesupport_fastrtps_cpp\n'}
[0.058216] (base_msgs) StdoutLine: {'line': b'[ 84%] Built target base_msgs\n'}
[0.066235] (base_msgs) StdoutLine: {'line': b'[ 85%] Built target base_msgs__py\n'}
[0.079050] (base_msgs) StdoutLine: {'line': b'[ 96%] Built target base_msgs__rosidl_generator_py\n'}
[0.087821] (base_msgs) StdoutLine: {'line': b'[ 97%] Built target base_msgs__rosidl_typesupport_fastrtps_c__pyext\n'}
[0.088045] (base_msgs) StdoutLine: {'line': b'[ 99%] Built target base_msgs__rosidl_typesupport_introspection_c__pyext\n'}
[0.088195] (base_msgs) StdoutLine: {'line': b'[100%] Built target base_msgs__rosidl_typesupport_c__pyext\n'}
[0.099802] (-) TimerEvent: {}
[0.199954] (-) TimerEvent: {}
[0.283297] (base_msgs) StdoutLine: {'line': b'running egg_info\n'}
[0.283884] (base_msgs) StdoutLine: {'line': b'writing base_msgs.egg-info/PKG-INFO\n'}
[0.284095] (base_msgs) StdoutLine: {'line': b'writing dependency_links to base_msgs.egg-info/dependency_links.txt\n'}
[0.284226] (base_msgs) StdoutLine: {'line': b'writing top-level names to base_msgs.egg-info/top_level.txt\n'}
[0.286343] (base_msgs) StdoutLine: {'line': b"reading manifest file 'base_msgs.egg-info/SOURCES.txt'\n"}
[0.287064] (base_msgs) StdoutLine: {'line': b"writing manifest file 'base_msgs.egg-info/SOURCES.txt'\n"}
[0.300040] (-) TimerEvent: {}
[0.306318] (base_msgs) StdoutLine: {'line': b'[100%] Built target ament_cmake_python_build_base_msgs_egg\n'}
[0.310981] (base_msgs) CommandEnded: {'returncode': 0}
[0.311694] (base_msgs) JobProgress: {'identifier': 'base_msgs', 'progress': 'install'}
[0.314338] (base_msgs) Command: {'cmd': ['/usr/local/bin/cmake', '--install', '/home/abc/planning_with_ros2/build/base_msgs'], 'cwd': '/home/abc/planning_with_ros2/build/base_msgs', 'env': OrderedDict([('GJS_DEBUG_TOPICS', 'JS ERROR;JS LOG'), ('PYTHON_BASIC_REPL', '1'), ('LESSOPEN', '| /usr/bin/lesspipe %s'), ('LANGUAGE', 'en_US:en'), ('TENSORRT_DIR', '/home/abc/TensorRT-8.6'), ('USER', 'abc'), ('LC_TIME', 'zh_CN.UTF-8'), ('XDG_SESSION_TYPE', 'x11'), ('GIT_ASKPASS', '/usr/share/code/resources/app/extensions/git/dist/askpass.sh'), ('SHLVL', '1'), ('LD_LIBRARY_PATH', '/usr/local/cuda-11.8/lib64:/home/abc/planning_with_ros2/install/planning/lib:/usr/local/cuda-11.8/lib64:/home/abc/planning_with_ros2/install/planning/lib:/home/abc/planning_with_ros2/install/planning/lib:/home/abc/planning_with_ros2/install/base_msgs/lib:/home/abc/perception_with_ros2/install/perception/lib:/home/abc/perception_with_ros2/install/base_msgs_per/lib:/usr/lib/x86_64-linux-gnu/gazebo-11/plugins:/opt/ros/humble/opt/rviz_ogre_vendor/lib:/opt/ros/humble/lib/x86_64-linux-gnu:/opt/ros/humble/lib:/home/abc/TensorRT-8.6/lib:/home/abc/TensorRT-8.6/lib'), ('HOME', '/home/abc'), ('CHROME_DESKTOP', 'code.desktop'), ('TERM_PROGRAM_VERSION', '1.108.2'), ('DESKTOP_SESSION', 'ubuntu'), ('GIO_LAUNCHED_DESKTOP_FILE', '/usr/share/applications/code.desktop'), ('ROS_PYTHON_VERSION', '3'), ('GNOME_SHELL_SESSION_MODE', 'ubuntu'), ('GTK_MODULES', 'gail:atk-bridge'), ('VSCODE_GIT_ASKPASS_MAIN', '/usr/share/code/resources/app/extensions/git/dist/askpass-main.js'), ('LC_MONETARY', 'zh_CN.UTF-8'), ('VSCODE_GIT_ASKPASS_NODE', '/usr/share/code/code'), ('MANAGERPID', '1130'), ('PYDEVD_DISABLE_FILE_VALIDATION', '1'), ('SYSTEMD_EXEC_PID', '1595'), ('BUNDLED_DEBUGPY_PATH', '/home/abc/.vscode/extensions/ms-python.debugpy-2025.18.0-linux-x64/bundled/libs/debugpy'), ('VSCODE_PYTHON_AUTOACTIVATE_GUARD', '1'), ('DBUS_SESSION_BUS_ADDRESS', 'unix:path=/run/user/1000/bus'), ('COLORTERM', 'truecolor'), ('GIO_LAUNCHED_DESKTOP_FILE_PID', '7523'), ('COLCON_PREFIX_PATH', '/home/abc/planning_with_ros2/install:/home/abc/perception_with_ros2/install'), ('ROS_DISTRO', 'humble'), ('GTK_IM_MODULE', 'ibus'), ('LOGNAME', 'abc'), ('JOURNAL_STREAM', '8:6989'), ('_', '/usr/bin/colcon'), ('ROS_VERSION', '2'), ('XDG_SESSION_CLASS', 'user'), ('USERNAME', 'abc'), ('TERM', 'xterm-256color'), ('GNOME_DESKTOP_SESSION_ID', 'this-is-deprecated'), ('ROS2_PLANNING_COURSE_INSTALL', '/home/abc/planning_with_ros2/install'), ('FC_FONTATIONS', '1'), ('ROS_LOCALHOST_ONLY', '0'), ('WINDOWPATH', '2'), ('PATH', '/usr/local/cuda-11.8/bin:/home/abc/.config/Code/User/globalStorage/github.copilot-chat/debugCommand:/home/abc/.config/Code/User/globalStorage/github.copilot-chat/copilotCli:/usr/local/cuda-11.8/bin:/opt/ros/humble/bin:/usr/local/sbin:/usr/local/bin:/usr/sbin:/usr/bin:/sbin:/bin:/usr/games:/usr/local/games:/snap/bin:/snap/bin:/home/abc/.vscode/extensions/ms-python.debugpy-2025.18.0-linux-x64/bundled/scripts/noConfigScripts'), ('SESSION_MANAGER', 'local/abc-G3-3500:@/tmp/.ICE-unix/1554,unix/abc-G3-3500:/tmp/.ICE-unix/1554'), ('INVOCATION_ID', 'f3a9f1252eb845459ae16b5ad8fdee6d'), ('PAPERSIZE', 'a4'), ('XDG_MENU_PREFIX', 'gnome-'), ('LC_ADDRESS', 'zh_CN.UTF-8'), ('XDG_RUNTIME_DIR', '/run/user/1000'), ('GDK_BACKEND', 'x11'), ('DISPLAY', ':0'), ('VSCODE_DEBUGPY_ADAPTER_ENDPOINTS', '/home/abc/.vscode/extensions/ms-python.debugpy-2025.18.0-linux-x64/.noConfigDebugAdapterEndpoints/endpoint-73f3b4a0a422bf73.txt'), ('LANG', 'en_US.UTF-8'), ('XDG_CURRENT_DESKTOP', 'ubuntu:GNOME'), ('PYTHONSTARTUP', '/home/abc/.config/Code/User/workspaceStorage/4efd6db52f1c03b4cb1fb614d5084a17/ms-python.python/pythonrc.py'), ('LC_TELEPHONE', 'zh_CN.UTF-8'), ('XMODIFIERS', '@im=ibus'), ('XDG_SESSION_DESKTOP', 'ubuntu'), ('XAUTHORITY', '/run/user/1000/gdm/Xauthority'), ('LS_COLORS', 'rs=0:di=01;34:ln=01;36:mh=00:pi=40;33:so=01;35:do=01;35:bd=40;33;01:cd=40;33;01:or=40;31;01:mi=00:su=37;41:sg=30;43:ca=30;41:tw=30;42:ow=34;42:st=37;44:ex=01;32:*.tar=01;31:*.tgz=01;31:*.arc=01;31:*.arj=01;31:*.taz=01;31:*.lha=01;31:*.lz4=01;31:*.lzh=01;31:*.lzma=01;31:*.tlz=01;31:*.txz=01;31:*.tzo=01;31:*.t7z=01;31:*.zip=01;31:*.z=01;31:*.dz=01;31:*.gz=01;31:*.lrz=01;31:*.lz=01;31:*.lzo=01;31:*.xz=01;31:*.zst=01;31:*.tzst=01;31:*.bz2=01;31:*.bz=01;31:*.tbz=01;31:*.tbz2=01;31:*.tz=01;31:*.deb=01;31:*.rpm=01;31:*.jar=01;31:*.war=01;31:*.ear=01;31:*.sar=01;31:*.rar=01;31:*.alz=01;31:*.ace=01;31:*.zoo=01;31:*.cpio=01;31:*.7z=01;31:*.rz=01;31:*.cab=01;31:*.wim=01;31:*.swm=01;31:*.dwm=01;31:*.esd=01;31:*.jpg=01;35:*.jpeg=01;35:*.mjpg=01;35:*.mjpeg=01;35:*.gif=01;35:*.bmp=01;35:*.pbm=01;35:*.pgm=01;35:*.ppm=01;35:*.tga=01;35:*.xbm=01;35:*.xpm=01;35:*.tif=01;35:*.tiff=01;35:*.png=01;35:*.svg=01;35:*.svgz=01;35:*.mng=01;35:*.pcx=01;35:*.mov=01;35:*.mpg=01;35:*.mpeg=01;35:*.m2v=01;35:*.mkv=01;35:*.webm=01;35:*.webp=01;35:*.ogm=01;35:*.mp4=01;35:*.m4v=01;35:*.mp4v=01;35:*.vob=01;35:*.qt=01;35:*.nuv=01;35:*.wmv=01;35:*.asf=01;35:*.rm=01;35:*.rmvb=01;35:*.flc=01;35:*.avi=01;35:*.fli=01;35:*.flv=01;35:*.gl=01;35:*.dl=01;35:*.xcf=01;35:*.xwd=01;35:*.yuv=01;35:*.cgm=01;35:*.emf=01;35:*.ogv=01;35:*.ogx=01;35:*.aac=00;36:*.au=00;36:*.flac=00;36:*.m4a=00;36:*.mid=00;36:*.midi=00;36:*.mka=00;36:*.mp3=00;36:*.mpc=00;36:*.ogg=00;36:*.ra=00;36:*.wav=00;36:*.oga=00;36:*.opus=00;36:*.spx=00;36:*.xspf=00;36:'), ('VSCODE_GIT_IPC_HANDLE', '/run/user/1000/vscode-git-c59a044dc2.sock'), ('TERM_PROGRAM', 'vscode'), ('SSH_AGENT_LAUNCHER', 'gnome-keyring'), ('SSH_AUTH_SOCK', '/run/user/1000/keyring/ssh'), ('ROS_DOMAIN_ID', '2'), ('AMENT_PREFIX_PATH', '/home/abc/planning_with_ros2/install/planning:/home/abc/planning_with_ros2/install/data_plot:/home/abc/planning_with_ros2/install/base_msgs:/home/abc/perception_with_ros2/install/perception:/home/abc/perception_with_ros2/install/data_plot_per:/home/abc/perception_with_ros2/install/base_msgs_per:/opt/ros/humble'), ('SHELL', '/bin/bash'), ('LC_NAME', 'zh_CN.UTF-8'), ('QT_ACCESSIBILITY', '1'), ('GDMSESSION', 'ubuntu'), ('LESSCLOSE', '/usr/bin/lesspipe %s %s'), ('LC_MEASUREMENT', 'zh_CN.UTF-8'), ('GPG_AGENT_INFO', '/run/user/1000/gnupg/S.gpg-agent:0:1'), ('GJS_DEBUG_OUTPUT', 'stderr'), ('LC_IDENTIFICATION', 'zh_CN.UTF-8'), ('VSCODE_GIT_ASKPASS_EXTRA_ARGS', ''), ('QT_IM_MODULE', 'ibus'), ('PWD', '/home/abc/planning_with_ros2/build/base_msgs'), ('LC_ALL', 'en_US.UTF-8'), ('XDG_CONFIG_DIRS', '/etc/xdg/xdg-ubuntu:/etc/xdg'), ('XDG_DATA_DIRS', '/usr/share/ubuntu:/usr/share/gnome:/usr/local/share/:/usr/share/:/var/lib/snapd/desktop'), ('PYTHONPATH', '/home/abc/planning_with_ros2/install/data_plot/lib/python3.10/site-packages:/home/abc/planning_with_ros2/install/base_msgs/local/lib/python3.10/dist-packages:/home/abc/perception_with_ros2/install/data_plot_per/lib/python3.10/site-packages:/home/abc/perception_with_ros2/install/base_msgs_per/local/lib/python3.10/dist-packages:/opt/ros/humble/lib/python3.10/site-packages:/opt/ros/humble/local/lib/python3.10/dist-packages'), ('LC_NUMERIC', 'zh_CN.UTF-8'), ('LC_PAPER', 'zh_CN.UTF-8'), ('COLCON', '1'), ('CMAKE_PREFIX_PATH', '/home/abc/planning_with_ros2/install/planning:/home/abc/planning_with_ros2/install/base_msgs:/home/abc/perception_with_ros2/install/perception:/home/abc/perception_with_ros2/install/base_msgs_per:/home/abc/planning_with_ros2/install/data_plot:/home/abc/perception_with_ros2/install/data_plot_per:/opt/ros/humble')]), 'shell': False}
[0.317578] (base_msgs) StdoutLine: {'line': b'-- Install configuration: ""\n'}
[0.317795] (base_msgs) StdoutLine: {'line': b'-- Up-to-date: /home/abc/planning_with_ros2/install/base_msgs/share/ament_index/resource_index/rosidl_interfaces/base_msgs\n'}
[0.317983] (base_msgs) StdoutLine: {'line': b'-- Up-to-date: /home/abc/planning_with_ros2/install/base_msgs/include/base_msgs/base_msgs\n'}
[0.318159] (base_msgs) StdoutLine: {'line': b'-- Up-to-date: /home/abc/planning_with_ros2/install/base_msgs/include/base_msgs/base_msgs/msg\n'}
[0.318338] (base_msgs) StdoutLine: {'line': b'-- Up-to-date: /home/abc/planning_with_ros2/install/base_msgs/include/base_msgs/base_msgs/msg/pnc_map.h\n'}
[0.318510] (base_msgs) StdoutLine: {'line': b'-- Up-to-date: /home/abc/planning_with_ros2/install/base_msgs/include/base_msgs/base_msgs/msg/local_trajectory_point.h\n'}
[0.318691] (base_msgs) StdoutLine: {'line': b'-- Up-to-date: /home/abc/planning_with_ros2/install/base_msgs/include/base_msgs/base_msgs/msg/plot_info.h\n'}
[0.318876] (base_msgs) StdoutLine: {'line': b'-- Up-to-date: /home/abc/planning_with_ros2/install/base_msgs/include/base_msgs/base_msgs/msg/rosidl_generator_c__visibility_control.h\n'}
[0.319061] (base_msgs) StdoutLine: {'line': b'-- Up-to-date: /home/abc/planning_with_ros2/install/base_msgs/include/base_msgs/base_msgs/msg/local_path.h\n'}
[0.319216] (base_msgs) StdoutLine: {'line': b'-- Up-to-date: /home/abc/planning_with_ros2/install/base_msgs/include/base_msgs/base_msgs/msg/detail\n'}
[0.319399] (base_msgs) StdoutLine: {'line': b'-- Up-to-date: /home/abc/planning_with_ros2/install/base_msgs/include/base_msgs/base_msgs/msg/detail/obs_info__type_support.h\n'}
[0.319569] (base_msgs) StdoutLine: {'line': b'-- Up-to-date: /home/abc/planning_with_ros2/install/base_msgs/include/base_msgs/base_msgs/msg/detail/local_speeds__functions.c\n'}
[0.319726] (base_msgs) StdoutLine: {'line': b'-- Up-to-date: /home/abc/planning_with_ros2/install/base_msgs/include/base_msgs/base_msgs/msg/detail/local_speeds_point__struct.h\n'}
[0.319898] (base_msgs) StdoutLine: {'line': b'-- Up-to-date: /home/abc/planning_with_ros2/install/base_msgs/include/base_msgs/base_msgs/msg/detail/referline_point__type_support.h\n'}
[0.320053] (base_msgs) StdoutLine: {'line': b'-- Up-to-date: /home/abc/planning_with_ros2/install/base_msgs/include/base_msgs/base_msgs/msg/detail/obs_info__struct.h\n'}
[0.320196] (base_msgs) StdoutLine: {'line': b'-- Up-to-date: /home/abc/planning_with_ros2/install/base_msgs/include/base_msgs/base_msgs/msg/detail/referline__struct.h\n'}
[0.320312] (base_msgs) StdoutLine: {'line': b'-- Up-to-date: /home/abc/planning_with_ros2/install/base_msgs/include/base_msgs/base_msgs/msg/detail/local_speeds__functions.h\n'}
[0.320441] (base_msgs) StdoutLine: {'line': b'-- Up-to-date: /home/abc/planning_with_ros2/install/base_msgs/include/base_msgs/base_msgs/msg/detail/local_path_point__functions.h\n'}
[0.320551] (base_msgs) StdoutLine: {'line': b'-- Up-to-date: /home/abc/planning_with_ros2/install/base_msgs/include/base_msgs/base_msgs/msg/detail/pnc_map__struct.h\n'}
[0.320729] (base_msgs) StdoutLine: {'line': b'-- Up-to-date: /home/abc/planning_with_ros2/install/base_msgs/include/base_msgs/base_msgs/msg/detail/plot_info__struct.h\n'}
[0.320886] (base_msgs) StdoutLine: {'line': b'-- Up-to-date: /home/abc/planning_with_ros2/install/base_msgs/include/base_msgs/base_msgs/msg/detail/local_path_point__struct.h\n'}
[0.321056] (base_msgs) StdoutLine: {'line': b'-- Up-to-date: /home/abc/planning_with_ros2/install/base_msgs/include/base_msgs/base_msgs/msg/detail/local_path__struct.h\n'}
[0.321378] (base_msgs) StdoutLine: {'line': b'-- Up-to-date: /home/abc/planning_with_ros2/install/base_msgs/include/base_msgs/base_msgs/msg/detail/obs_info__functions.h\n'}
[0.321502] (base_msgs) StdoutLine: {'line': b'-- Up-to-date: /home/abc/planning_with_ros2/install/base_msgs/include/base_msgs/base_msgs/msg/detail/obs_info__functions.c\n'}
[0.321624] (base_msgs) StdoutLine: {'line': b'-- Up-to-date: /home/abc/planning_with_ros2/install/base_msgs/include/base_msgs/base_msgs/msg/detail/local_speeds__struct.h\n'}
[0.321791] (base_msgs) StdoutLine: {'line': b'-- Up-to-date: /home/abc/planning_with_ros2/install/base_msgs/include/base_msgs/base_msgs/msg/detail/referline__functions.h\n'}
[0.321999] (base_msgs) StdoutLine: {'line': b'-- Up-to-date: /home/abc/planning_with_ros2/install/base_msgs/include/base_msgs/base_msgs/msg/detail/local_trajectory__type_support.h\n'}
[0.322199] (base_msgs) StdoutLine: {'line': b'-- Up-to-date: /home/abc/planning_with_ros2/install/base_msgs/include/base_msgs/base_msgs/msg/detail/local_trajectory__functions.h\n'}
[0.322378] (base_msgs) StdoutLine: {'line': b'-- Up-to-date: /home/abc/planning_with_ros2/install/base_msgs/include/base_msgs/base_msgs/msg/detail/local_path_point__type_support.h\n'}
[0.322556] (base_msgs) StdoutLine: {'line': b'-- Up-to-date: /home/abc/planning_with_ros2/install/base_msgs/include/base_msgs/base_msgs/msg/detail/local_path_point__functions.c\n'}
[0.322729] (base_msgs) StdoutLine: {'line': b'-- Up-to-date: /home/abc/planning_with_ros2/install/base_msgs/include/base_msgs/base_msgs/msg/detail/referline__type_support.h\n'}
[0.322847] (base_msgs) StdoutLine: {'line': b'-- Up-to-date: /home/abc/planning_with_ros2/install/base_msgs/include/base_msgs/base_msgs/msg/detail/local_trajectory_point__functions.c\n'}
[0.323024] (base_msgs) StdoutLine: {'line': b'-- Up-to-date: /home/abc/planning_with_ros2/install/base_msgs/include/base_msgs/base_msgs/msg/detail/local_trajectory_point__functions.h\n'}
[0.323145] (base_msgs) StdoutLine: {'line': b'-- Up-to-date: /home/abc/planning_with_ros2/install/base_msgs/include/base_msgs/base_msgs/msg/detail/local_path__functions.h\n'}
[0.323256] (base_msgs) StdoutLine: {'line': b'-- Up-to-date: /home/abc/planning_with_ros2/install/base_msgs/include/base_msgs/base_msgs/msg/detail/pnc_map__functions.c\n'}
[0.323387] (base_msgs) StdoutLine: {'line': b'-- Up-to-date: /home/abc/planning_with_ros2/install/base_msgs/include/base_msgs/base_msgs/msg/detail/referline__functions.c\n'}
[0.323496] (base_msgs) StdoutLine: {'line': b'-- Up-to-date: /home/abc/planning_with_ros2/install/base_msgs/include/base_msgs/base_msgs/msg/detail/referline_point__struct.h\n'}
[0.323643] (base_msgs) StdoutLine: {'line': b'-- Up-to-date: /home/abc/planning_with_ros2/install/base_msgs/include/base_msgs/base_msgs/msg/detail/local_trajectory__struct.h\n'}
[0.323793] (base_msgs) StdoutLine: {'line': b'-- Up-to-date: /home/abc/planning_with_ros2/install/base_msgs/include/base_msgs/base_msgs/msg/detail/local_speeds_point__type_support.h\n'}
[0.323979] (base_msgs) StdoutLine: {'line': b'-- Up-to-date: /home/abc/planning_with_ros2/install/base_msgs/include/base_msgs/base_msgs/msg/detail/local_speeds_point__functions.h\n'}
[0.324154] (base_msgs) StdoutLine: {'line': b'-- Up-to-date: /home/abc/planning_with_ros2/install/base_msgs/include/base_msgs/base_msgs/msg/detail/local_trajectory_point__struct.h\n'}
[0.324334] (base_msgs) StdoutLine: {'line': b'-- Up-to-date: /home/abc/planning_with_ros2/install/base_msgs/include/base_msgs/base_msgs/msg/detail/local_path__functions.c\n'}
[0.324513] (base_msgs) StdoutLine: {'line': b'-- Up-to-date: /home/abc/planning_with_ros2/install/base_msgs/include/base_msgs/base_msgs/msg/detail/plot_info__functions.c\n'}
[0.324689] (base_msgs) StdoutLine: {'line': b'-- Up-to-date: /home/abc/planning_with_ros2/install/base_msgs/include/base_msgs/base_msgs/msg/detail/local_trajectory__functions.c\n'}
[0.324881] (base_msgs) StdoutLine: {'line': b'-- Up-to-date: /home/abc/planning_with_ros2/install/base_msgs/include/base_msgs/base_msgs/msg/detail/local_speeds__type_support.h\n'}
[0.325059] (base_msgs) StdoutLine: {'line': b'-- Up-to-date: /home/abc/planning_with_ros2/install/base_msgs/include/base_msgs/base_msgs/msg/detail/plot_info__type_support.h\n'}
[0.325218] (base_msgs) StdoutLine: {'line': b'-- Up-to-date: /home/abc/planning_with_ros2/install/base_msgs/include/base_msgs/base_msgs/msg/detail/referline_point__functions.c\n'}
[0.325383] (base_msgs) StdoutLine: {'line': b'-- Up-to-date: /home/abc/planning_with_ros2/install/base_msgs/include/base_msgs/base_msgs/msg/detail/local_path__type_support.h\n'}
[0.325547] (base_msgs) StdoutLine: {'line': b'-- Up-to-date: /home/abc/planning_with_ros2/install/base_msgs/include/base_msgs/base_msgs/msg/detail/plot_info__functions.h\n'}
[0.325688] (base_msgs) StdoutLine: {'line': b'-- Up-to-date: /home/abc/planning_with_ros2/install/base_msgs/include/base_msgs/base_msgs/msg/detail/pnc_map__type_support.h\n'}
[0.325834] (base_msgs) StdoutLine: {'line': b'-- Up-to-date: /home/abc/planning_with_ros2/install/base_msgs/include/base_msgs/base_msgs/msg/detail/pnc_map__functions.h\n'}
[0.326020] (base_msgs) StdoutLine: {'line': b'-- Up-to-date: /home/abc/planning_with_ros2/install/base_msgs/include/base_msgs/base_msgs/msg/detail/local_trajectory_point__type_support.h\n'}
[0.326173] (base_msgs) StdoutLine: {'line': b'-- Up-to-date: /home/abc/planning_with_ros2/install/base_msgs/include/base_msgs/base_msgs/msg/detail/local_speeds_point__functions.c\n'}
[0.326322] (base_msgs) StdoutLine: {'line': b'-- Up-to-date: /home/abc/planning_with_ros2/install/base_msgs/include/base_msgs/base_msgs/msg/detail/referline_point__functions.h\n'}
[0.326474] (base_msgs) StdoutLine: {'line': b'-- Up-to-date: /home/abc/planning_with_ros2/install/base_msgs/include/base_msgs/base_msgs/msg/referline_point.h\n'}
[0.326585] (base_msgs) StdoutLine: {'line': b'-- Up-to-date: /home/abc/planning_with_ros2/install/base_msgs/include/base_msgs/base_msgs/msg/obs_info.h\n'}
[0.326692] (base_msgs) StdoutLine: {'line': b'-- Up-to-date: /home/abc/planning_with_ros2/install/base_msgs/include/base_msgs/base_msgs/msg/referline.h\n'}
[0.326819] (base_msgs) StdoutLine: {'line': b'-- Up-to-date: /home/abc/planning_with_ros2/install/base_msgs/include/base_msgs/base_msgs/msg/local_speeds_point.h\n'}
[0.326946] (base_msgs) StdoutLine: {'line': b'-- Up-to-date: /home/abc/planning_with_ros2/install/base_msgs/include/base_msgs/base_msgs/msg/local_speeds.h\n'}
[0.327111] (base_msgs) StdoutLine: {'line': b'-- Up-to-date: /home/abc/planning_with_ros2/install/base_msgs/include/base_msgs/base_msgs/msg/local_trajectory.h\n'}
[0.327281] (base_msgs) StdoutLine: {'line': b'-- Up-to-date: /home/abc/planning_with_ros2/install/base_msgs/include/base_msgs/base_msgs/msg/local_path_point.h\n'}
[0.327447] (base_msgs) StdoutLine: {'line': b'-- Up-to-date: /home/abc/planning_with_ros2/install/base_msgs/include/base_msgs/base_msgs/srv\n'}
[0.327613] (base_msgs) StdoutLine: {'line': b'-- Up-to-date: /home/abc/planning_with_ros2/install/base_msgs/include/base_msgs/base_msgs/srv/detail\n'}
[0.327774] (base_msgs) StdoutLine: {'line': b'-- Up-to-date: /home/abc/planning_with_ros2/install/base_msgs/include/base_msgs/base_msgs/srv/detail/global_path_service__functions.h\n'}
[0.327935] (base_msgs) StdoutLine: {'line': b'-- Up-to-date: /home/abc/planning_with_ros2/install/base_msgs/include/base_msgs/base_msgs/srv/detail/pnc_map_service__struct.h\n'}
[0.328053] (base_msgs) StdoutLine: {'line': b'-- Up-to-date: /home/abc/planning_with_ros2/install/base_msgs/include/base_msgs/base_msgs/srv/detail/pnc_map_service__functions.c\n'}
[0.328163] (base_msgs) StdoutLine: {'line': b'-- Up-to-date: /home/abc/planning_with_ros2/install/base_msgs/include/base_msgs/base_msgs/srv/detail/global_path_service__type_support.h\n'}
[0.328288] (base_msgs) StdoutLine: {'line': b'-- Up-to-date: /home/abc/planning_with_ros2/install/base_msgs/include/base_msgs/base_msgs/srv/detail/global_path_service__struct.h\n'}
[0.328394] (base_msgs) StdoutLine: {'line': b'-- Up-to-date: /home/abc/planning_with_ros2/install/base_msgs/include/base_msgs/base_msgs/srv/detail/pnc_map_service__type_support.h\n'}
[0.328498] (base_msgs) StdoutLine: {'line': b'-- Up-to-date: /home/abc/planning_with_ros2/install/base_msgs/include/base_msgs/base_msgs/srv/detail/global_path_service__functions.c\n'}
[0.328630] (base_msgs) StdoutLine: {'line': b'-- Up-to-date: /home/abc/planning_with_ros2/install/base_msgs/include/base_msgs/base_msgs/srv/detail/pnc_map_service__functions.h\n'}
[0.328735] (base_msgs) StdoutLine: {'line': b'-- Up-to-date: /home/abc/planning_with_ros2/install/base_msgs/include/base_msgs/base_msgs/srv/pnc_map_service.h\n'}
[0.328886] (base_msgs) StdoutLine: {'line': b'-- Up-to-date: /home/abc/planning_with_ros2/install/base_msgs/include/base_msgs/base_msgs/srv/global_path_service.h\n'}
[0.329039] (base_msgs) StdoutLine: {'line': b'-- Up-to-date: /home/abc/planning_with_ros2/install/base_msgs/share/base_msgs/environment/library_path.sh\n'}
[0.329150] (base_msgs) StdoutLine: {'line': b'-- Up-to-date: /home/abc/planning_with_ros2/install/base_msgs/share/base_msgs/environment/library_path.dsv\n'}
[0.329283] (base_msgs) StdoutLine: {'line': b'-- Up-to-date: /home/abc/planning_with_ros2/install/base_msgs/lib/libbase_msgs__rosidl_generator_c.so\n'}
[0.329412] (base_msgs) StdoutLine: {'line': b'-- Up-to-date: /home/abc/planning_with_ros2/install/base_msgs/include/base_msgs/base_msgs\n'}
[0.329542] (base_msgs) StdoutLine: {'line': b'-- Up-to-date: /home/abc/planning_with_ros2/install/base_msgs/include/base_msgs/base_msgs/msg\n'}
[0.329648] (base_msgs) StdoutLine: {'line': b'-- Up-to-date: /home/abc/planning_with_ros2/install/base_msgs/include/base_msgs/base_msgs/msg/rosidl_typesupport_fastrtps_c__visibility_control.h\n'}
[0.329797] (base_msgs) StdoutLine: {'line': b'-- Up-to-date: /home/abc/planning_with_ros2/install/base_msgs/include/base_msgs/base_msgs/msg/detail\n'}
[0.329958] (base_msgs) StdoutLine: {'line': b'-- Up-to-date: /home/abc/planning_with_ros2/install/base_msgs/include/base_msgs/base_msgs/msg/detail/obs_info__rosidl_typesupport_fastrtps_c.h\n'}
[0.330118] (base_msgs) StdoutLine: {'line': b'-- Up-to-date: /home/abc/planning_with_ros2/install/base_msgs/include/base_msgs/base_msgs/msg/detail/local_trajectory_point__rosidl_typesupport_fastrtps_c.h\n'}
[0.330273] (base_msgs) StdoutLine: {'line': b'-- Up-to-date: /home/abc/planning_with_ros2/install/base_msgs/include/base_msgs/base_msgs/msg/detail/local_speeds__rosidl_typesupport_fastrtps_c.h\n'}
[0.330449] (base_msgs) StdoutLine: {'line': b'-- Up-to-date: /home/abc/planning_with_ros2/install/base_msgs/include/base_msgs/base_msgs/msg/detail/local_speeds_point__rosidl_typesupport_fastrtps_c.h\n'}
[0.330611] (base_msgs) StdoutLine: {'line': b'-- Up-to-date: /home/abc/planning_with_ros2/install/base_msgs/include/base_msgs/base_msgs/msg/detail/plot_info__rosidl_typesupport_fastrtps_c.h\n'}
[0.330770] (base_msgs) StdoutLine: {'line': b'-- Up-to-date: /home/abc/planning_with_ros2/install/base_msgs/include/base_msgs/base_msgs/msg/detail/local_trajectory__rosidl_typesupport_fastrtps_c.h\n'}
[0.330884] (base_msgs) StdoutLine: {'line': b'-- Up-to-date: /home/abc/planning_with_ros2/install/base_msgs/include/base_msgs/base_msgs/msg/detail/local_path_point__rosidl_typesupport_fastrtps_c.h\n'}
[0.330995] (base_msgs) StdoutLine: {'line': b'-- Up-to-date: /home/abc/planning_with_ros2/install/base_msgs/include/base_msgs/base_msgs/msg/detail/referline_point__rosidl_typesupport_fastrtps_c.h\n'}
[0.331085] (base_msgs) StdoutLine: {'line': b'-- Up-to-date: /home/abc/planning_with_ros2/install/base_msgs/include/base_msgs/base_msgs/msg/detail/pnc_map__rosidl_typesupport_fastrtps_c.h\n'}
[0.331145] (base_msgs) StdoutLine: {'line': b'-- Up-to-date: /home/abc/planning_with_ros2/install/base_msgs/include/base_msgs/base_msgs/msg/detail/referline__rosidl_typesupport_fastrtps_c.h\n'}
[0.331203] (base_msgs) StdoutLine: {'line': b'-- Up-to-date: /home/abc/planning_with_ros2/install/base_msgs/include/base_msgs/base_msgs/msg/detail/local_path__rosidl_typesupport_fastrtps_c.h\n'}
[0.331267] (base_msgs) StdoutLine: {'line': b'-- Up-to-date: /home/abc/planning_with_ros2/install/base_msgs/include/base_msgs/base_msgs/srv\n'}
[0.331333] (base_msgs) StdoutLine: {'line': b'-- Up-to-date: /home/abc/planning_with_ros2/install/base_msgs/include/base_msgs/base_msgs/srv/detail\n'}
[0.331404] (base_msgs) StdoutLine: {'line': b'-- Up-to-date: /home/abc/planning_with_ros2/install/base_msgs/include/base_msgs/base_msgs/srv/detail/pnc_map_service__rosidl_typesupport_fastrtps_c.h\n'}
[0.331461] (base_msgs) StdoutLine: {'line': b'-- Up-to-date: /home/abc/planning_with_ros2/install/base_msgs/include/base_msgs/base_msgs/srv/detail/global_path_service__rosidl_typesupport_fastrtps_c.h\n'}
[0.331518] (base_msgs) StdoutLine: {'line': b'-- Up-to-date: /home/abc/planning_with_ros2/install/base_msgs/lib/libbase_msgs__rosidl_typesupport_fastrtps_c.so\n'}
[0.331574] (base_msgs) StdoutLine: {'line': b'-- Up-to-date: /home/abc/planning_with_ros2/install/base_msgs/include/base_msgs/base_msgs\n'}
[0.331631] (base_msgs) StdoutLine: {'line': b'-- Up-to-date: /home/abc/planning_with_ros2/install/base_msgs/include/base_msgs/base_msgs/msg\n'}
[0.331687] (base_msgs) StdoutLine: {'line': b'-- Up-to-date: /home/abc/planning_with_ros2/install/base_msgs/include/base_msgs/base_msgs/msg/rosidl_typesupport_introspection_c__visibility_control.h\n'}
[0.331744] (base_msgs) StdoutLine: {'line': b'-- Up-to-date: /home/abc/planning_with_ros2/install/base_msgs/include/base_msgs/base_msgs/msg/detail\n'}
[0.331816] (base_msgs) StdoutLine: {'line': b'-- Up-to-date: /home/abc/planning_with_ros2/install/base_msgs/include/base_msgs/base_msgs/msg/detail/local_trajectory__type_support.c\n'}
[0.331870] (base_msgs) StdoutLine: {'line': b'-- Up-to-date: /home/abc/planning_with_ros2/install/base_msgs/include/base_msgs/base_msgs/msg/detail/local_path_point__rosidl_typesupport_introspection_c.h\n'}
[0.331933] (base_msgs) StdoutLine: {'line': b'-- Up-to-date: /home/abc/planning_with_ros2/install/base_msgs/include/base_msgs/base_msgs/msg/detail/local_speeds_point__type_support.c\n'}
[0.331997] (base_msgs) StdoutLine: {'line': b'-- Up-to-date: /home/abc/planning_with_ros2/install/base_msgs/include/base_msgs/base_msgs/msg/detail/referline__type_support.c\n'}
[0.332051] (base_msgs) StdoutLine: {'line': b'-- Up-to-date: /home/abc/planning_with_ros2/install/base_msgs/include/base_msgs/base_msgs/msg/detail/pnc_map__rosidl_typesupport_introspection_c.h\n'}
[0.332106] (base_msgs) StdoutLine: {'line': b'-- Up-to-date: /home/abc/planning_with_ros2/install/base_msgs/include/base_msgs/base_msgs/msg/detail/local_speeds_point__rosidl_typesupport_introspection_c.h\n'}
[0.332164] (base_msgs) StdoutLine: {'line': b'-- Up-to-date: /home/abc/planning_with_ros2/install/base_msgs/include/base_msgs/base_msgs/msg/detail/local_trajectory__rosidl_typesupport_introspection_c.h\n'}
[0.332220] (base_msgs) StdoutLine: {'line': b'-- Up-to-date: /home/abc/planning_with_ros2/install/base_msgs/include/base_msgs/base_msgs/msg/detail/local_speeds__type_support.c\n'}
[0.332274] (base_msgs) StdoutLine: {'line': b'-- Up-to-date: /home/abc/planning_with_ros2/install/base_msgs/include/base_msgs/base_msgs/msg/detail/referline_point__type_support.c\n'}
[0.332332] (base_msgs) StdoutLine: {'line': b'-- Up-to-date: /home/abc/planning_with_ros2/install/base_msgs/include/base_msgs/base_msgs/msg/detail/referline_point__rosidl_typesupport_introspection_c.h\n'}
[0.332386] (base_msgs) StdoutLine: {'line': b'-- Up-to-date: /home/abc/planning_with_ros2/install/base_msgs/include/base_msgs/base_msgs/msg/detail/pnc_map__type_support.c\n'}
[0.332441] (base_msgs) StdoutLine: {'line': b'-- Up-to-date: /home/abc/planning_with_ros2/install/base_msgs/include/base_msgs/base_msgs/msg/detail/referline__rosidl_typesupport_introspection_c.h\n'}
[0.332494] (base_msgs) StdoutLine: {'line': b'-- Up-to-date: /home/abc/planning_with_ros2/install/base_msgs/include/base_msgs/base_msgs/msg/detail/local_trajectory_point__rosidl_typesupport_introspection_c.h\n'}
[0.332549] (base_msgs) StdoutLine: {'line': b'-- Up-to-date: /home/abc/planning_with_ros2/install/base_msgs/include/base_msgs/base_msgs/msg/detail/obs_info__rosidl_typesupport_introspection_c.h\n'}
[0.332602] (base_msgs) StdoutLine: {'line': b'-- Up-to-date: /home/abc/planning_with_ros2/install/base_msgs/include/base_msgs/base_msgs/msg/detail/obs_info__type_support.c\n'}
[0.332655] (base_msgs) StdoutLine: {'line': b'-- Up-to-date: /home/abc/planning_with_ros2/install/base_msgs/include/base_msgs/base_msgs/msg/detail/local_path__type_support.c\n'}
[0.332708] (base_msgs) StdoutLine: {'line': b'-- Up-to-date: /home/abc/planning_with_ros2/install/base_msgs/include/base_msgs/base_msgs/msg/detail/local_path_point__type_support.c\n'}
[0.332761] (base_msgs) StdoutLine: {'line': b'-- Up-to-date: /home/abc/planning_with_ros2/install/base_msgs/include/base_msgs/base_msgs/msg/detail/local_trajectory_point__type_support.c\n'}
[0.332813] (base_msgs) StdoutLine: {'line': b'-- Up-to-date: /home/abc/planning_with_ros2/install/base_msgs/include/base_msgs/base_msgs/msg/detail/plot_info__type_support.c\n'}
[0.332865] (base_msgs) StdoutLine: {'line': b'-- Up-to-date: /home/abc/planning_with_ros2/install/base_msgs/include/base_msgs/base_msgs/msg/detail/local_speeds__rosidl_typesupport_introspection_c.h\n'}
[0.332924] (base_msgs) StdoutLine: {'line': b'-- Up-to-date: /home/abc/planning_with_ros2/install/base_msgs/include/base_msgs/base_msgs/msg/detail/local_path__rosidl_typesupport_introspection_c.h\n'}
[0.332993] (base_msgs) StdoutLine: {'line': b'-- Up-to-date: /home/abc/planning_with_ros2/install/base_msgs/include/base_msgs/base_msgs/msg/detail/plot_info__rosidl_typesupport_introspection_c.h\n'}
[0.333047] (base_msgs) StdoutLine: {'line': b'-- Up-to-date: /home/abc/planning_with_ros2/install/base_msgs/include/base_msgs/base_msgs/srv\n'}
[0.333100] (base_msgs) StdoutLine: {'line': b'-- Up-to-date: /home/abc/planning_with_ros2/install/base_msgs/include/base_msgs/base_msgs/srv/detail\n'}
[0.333153] (base_msgs) StdoutLine: {'line': b'-- Up-to-date: /home/abc/planning_with_ros2/install/base_msgs/include/base_msgs/base_msgs/srv/detail/global_path_service__type_support.c\n'}
[0.333206] (base_msgs) StdoutLine: {'line': b'-- Up-to-date: /home/abc/planning_with_ros2/install/base_msgs/include/base_msgs/base_msgs/srv/detail/global_path_service__rosidl_typesupport_introspection_c.h\n'}
[0.333260] (base_msgs) StdoutLine: {'line': b'-- Up-to-date: /home/abc/planning_with_ros2/install/base_msgs/include/base_msgs/base_msgs/srv/detail/pnc_map_service__rosidl_typesupport_introspection_c.h\n'}
[0.333313] (base_msgs) StdoutLine: {'line': b'-- Up-to-date: /home/abc/planning_with_ros2/install/base_msgs/include/base_msgs/base_msgs/srv/detail/pnc_map_service__type_support.c\n'}
[0.333366] (base_msgs) StdoutLine: {'line': b'-- Up-to-date: /home/abc/planning_with_ros2/install/base_msgs/lib/libbase_msgs__rosidl_typesupport_introspection_c.so\n'}
[0.333420] (base_msgs) StdoutLine: {'line': b'-- Up-to-date: /home/abc/planning_with_ros2/install/base_msgs/lib/libbase_msgs__rosidl_typesupport_c.so\n'}
[0.333474] (base_msgs) StdoutLine: {'line': b'-- Up-to-date: /home/abc/planning_with_ros2/install/base_msgs/include/base_msgs/base_msgs\n'}
[0.333532] (base_msgs) StdoutLine: {'line': b'-- Up-to-date: /home/abc/planning_with_ros2/install/base_msgs/include/base_msgs/base_msgs/msg\n'}
[0.333585] (base_msgs) StdoutLine: {'line': b'-- Up-to-date: /home/abc/planning_with_ros2/install/base_msgs/include/base_msgs/base_msgs/msg/local_speeds.hpp\n'}
[0.333639] (base_msgs) StdoutLine: {'line': b'-- Up-to-date: /home/abc/planning_with_ros2/install/base_msgs/include/base_msgs/base_msgs/msg/local_path_point.hpp\n'}
[0.333692] (base_msgs) StdoutLine: {'line': b'-- Up-to-date: /home/abc/planning_with_ros2/install/base_msgs/include/base_msgs/base_msgs/msg/detail\n'}
[0.333766] (base_msgs) StdoutLine: {'line': b'-- Up-to-date: /home/abc/planning_with_ros2/install/base_msgs/include/base_msgs/base_msgs/msg/detail/pnc_map__traits.hpp\n'}
[0.333822] (base_msgs) StdoutLine: {'line': b'-- Up-to-date: /home/abc/planning_with_ros2/install/base_msgs/include/base_msgs/base_msgs/msg/detail/local_trajectory_point__type_support.hpp\n'}
[0.333877] (base_msgs) StdoutLine: {'line': b'-- Up-to-date: /home/abc/planning_with_ros2/install/base_msgs/include/base_msgs/base_msgs/msg/detail/obs_info__builder.hpp\n'}
[0.333942] (base_msgs) StdoutLine: {'line': b'-- Up-to-date: /home/abc/planning_with_ros2/install/base_msgs/include/base_msgs/base_msgs/msg/detail/referline_point__type_support.hpp\n'}
[0.334003] (base_msgs) StdoutLine: {'line': b'-- Up-to-date: /home/abc/planning_with_ros2/install/base_msgs/include/base_msgs/base_msgs/msg/detail/local_path__struct.hpp\n'}
[0.334059] (base_msgs) StdoutLine: {'line': b'-- Up-to-date: /home/abc/planning_with_ros2/install/base_msgs/include/base_msgs/base_msgs/msg/detail/plot_info__struct.hpp\n'}
[0.334114] (base_msgs) StdoutLine: {'line': b'-- Up-to-date: /home/abc/planning_with_ros2/install/base_msgs/include/base_msgs/base_msgs/msg/detail/pnc_map__builder.hpp\n'}
[0.334170] (base_msgs) StdoutLine: {'line': b'-- Up-to-date: /home/abc/planning_with_ros2/install/base_msgs/include/base_msgs/base_msgs/msg/detail/plot_info__builder.hpp\n'}
[0.334225] (base_msgs) StdoutLine: {'line': b'-- Up-to-date: /home/abc/planning_with_ros2/install/base_msgs/include/base_msgs/base_msgs/msg/detail/referline__traits.hpp\n'}
[0.334282] (base_msgs) StdoutLine: {'line': b'-- Up-to-date: /home/abc/planning_with_ros2/install/base_msgs/include/base_msgs/base_msgs/msg/detail/local_speeds_point__struct.hpp\n'}
[0.334337] (base_msgs) StdoutLine: {'line': b'-- Up-to-date: /home/abc/planning_with_ros2/install/base_msgs/include/base_msgs/base_msgs/msg/detail/local_trajectory__type_support.hpp\n'}
[0.334392] (base_msgs) StdoutLine: {'line': b'-- Up-to-date: /home/abc/planning_with_ros2/install/base_msgs/include/base_msgs/base_msgs/msg/detail/local_path_point__struct.hpp\n'}
[0.334448] (base_msgs) StdoutLine: {'line': b'-- Up-to-date: /home/abc/planning_with_ros2/install/base_msgs/include/base_msgs/base_msgs/msg/detail/local_speeds__builder.hpp\n'}
[0.334503] (base_msgs) StdoutLine: {'line': b'-- Up-to-date: /home/abc/planning_with_ros2/install/base_msgs/include/base_msgs/base_msgs/msg/detail/local_path__traits.hpp\n'}
[0.334557] (base_msgs) StdoutLine: {'line': b'-- Up-to-date: /home/abc/planning_with_ros2/install/base_msgs/include/base_msgs/base_msgs/msg/detail/local_trajectory__struct.hpp\n'}
[0.334620] (base_msgs) StdoutLine: {'line': b'-- Up-to-date: /home/abc/planning_with_ros2/install/base_msgs/include/base_msgs/base_msgs/msg/detail/local_speeds_point__traits.hpp\n'}
[0.334675] (base_msgs) StdoutLine: {'line': b'-- Up-to-date: /home/abc/planning_with_ros2/install/base_msgs/include/base_msgs/base_msgs/msg/detail/local_speeds_point__type_support.hpp\n'}
[0.334729] (base_msgs) StdoutLine: {'line': b'-- Up-to-date: /home/abc/planning_with_ros2/install/base_msgs/include/base_msgs/base_msgs/msg/detail/local_path__builder.hpp\n'}
[0.334784] (base_msgs) StdoutLine: {'line': b'-- Up-to-date: /home/abc/planning_with_ros2/install/base_msgs/include/base_msgs/base_msgs/msg/detail/plot_info__type_support.hpp\n'}
[0.334867] (base_msgs) StdoutLine: {'line': b'-- Up-to-date: /home/abc/planning_with_ros2/install/base_msgs/include/base_msgs/base_msgs/msg/detail/referline_point__builder.hpp\n'}
[0.334929] (base_msgs) StdoutLine: {'line': b'-- Up-to-date: /home/abc/planning_with_ros2/install/base_msgs/include/base_msgs/base_msgs/msg/detail/obs_info__type_support.hpp\n'}
[0.334991] (base_msgs) StdoutLine: {'line': b'-- Up-to-date: /home/abc/planning_with_ros2/install/base_msgs/include/base_msgs/base_msgs/msg/detail/referline__builder.hpp\n'}
[0.335046] (base_msgs) StdoutLine: {'line': b'-- Up-to-date: /home/abc/planning_with_ros2/install/base_msgs/include/base_msgs/base_msgs/msg/detail/pnc_map__struct.hpp\n'}
[0.335100] (base_msgs) StdoutLine: {'line': b'-- Up-to-date: /home/abc/planning_with_ros2/install/base_msgs/include/base_msgs/base_msgs/msg/detail/local_path_point__traits.hpp\n'}
[0.335154] (base_msgs) StdoutLine: {'line': b'-- Up-to-date: /home/abc/planning_with_ros2/install/base_msgs/include/base_msgs/base_msgs/msg/detail/local_speeds__type_support.hpp\n'}
[0.335207] (base_msgs) StdoutLine: {'line': b'-- Up-to-date: /home/abc/planning_with_ros2/install/base_msgs/include/base_msgs/base_msgs/msg/detail/obs_info__traits.hpp\n'}
[0.335260] (base_msgs) StdoutLine: {'line': b'-- Up-to-date: /home/abc/planning_with_ros2/install/base_msgs/include/base_msgs/base_msgs/msg/detail/local_trajectory__builder.hpp\n'}
[0.335314] (base_msgs) StdoutLine: {'line': b'-- Up-to-date: /home/abc/planning_with_ros2/install/base_msgs/include/base_msgs/base_msgs/msg/detail/local_trajectory__traits.hpp\n'}
[0.335368] (base_msgs) StdoutLine: {'line': b'-- Up-to-date: /home/abc/planning_with_ros2/install/base_msgs/include/base_msgs/base_msgs/msg/detail/referline__struct.hpp\n'}
[0.335421] (base_msgs) StdoutLine: {'line': b'-- Up-to-date: /home/abc/planning_with_ros2/install/base_msgs/include/base_msgs/base_msgs/msg/detail/referline__type_support.hpp\n'}
[0.335478] (base_msgs) StdoutLine: {'line': b'-- Up-to-date: /home/abc/planning_with_ros2/install/base_msgs/include/base_msgs/base_msgs/msg/detail/referline_point__struct.hpp\n'}
[0.335532] (base_msgs) StdoutLine: {'line': b'-- Up-to-date: /home/abc/planning_with_ros2/install/base_msgs/include/base_msgs/base_msgs/msg/detail/plot_info__traits.hpp\n'}
[0.335584] (base_msgs) StdoutLine: {'line': b'-- Up-to-date: /home/abc/planning_with_ros2/install/base_msgs/include/base_msgs/base_msgs/msg/detail/local_trajectory_point__builder.hpp\n'}
[0.335636] (base_msgs) StdoutLine: {'line': b'-- Up-to-date: /home/abc/planning_with_ros2/install/base_msgs/include/base_msgs/base_msgs/msg/detail/local_speeds__traits.hpp\n'}
[0.335689] (base_msgs) StdoutLine: {'line': b'-- Up-to-date: /home/abc/planning_with_ros2/install/base_msgs/include/base_msgs/base_msgs/msg/detail/local_trajectory_point__traits.hpp\n'}
[0.335741] (base_msgs) StdoutLine: {'line': b'-- Up-to-date: /home/abc/planning_with_ros2/install/base_msgs/include/base_msgs/base_msgs/msg/detail/local_path__type_support.hpp\n'}
[0.335794] (base_msgs) StdoutLine: {'line': b'-- Up-to-date: /home/abc/planning_with_ros2/install/base_msgs/include/base_msgs/base_msgs/msg/detail/local_path_point__type_support.hpp\n'}
[0.335846] (base_msgs) StdoutLine: {'line': b'-- Up-to-date: /home/abc/planning_with_ros2/install/base_msgs/include/base_msgs/base_msgs/msg/detail/local_trajectory_point__struct.hpp\n'}
[0.335899] (base_msgs) StdoutLine: {'line': b'-- Up-to-date: /home/abc/planning_with_ros2/install/base_msgs/include/base_msgs/base_msgs/msg/detail/obs_info__struct.hpp\n'}
[0.335965] (base_msgs) StdoutLine: {'line': b'-- Up-to-date: /home/abc/planning_with_ros2/install/base_msgs/include/base_msgs/base_msgs/msg/detail/referline_point__traits.hpp\n'}
[0.336020] (base_msgs) StdoutLine: {'line': b'-- Up-to-date: /home/abc/planning_with_ros2/install/base_msgs/include/base_msgs/base_msgs/msg/detail/local_speeds_point__builder.hpp\n'}
[0.336074] (base_msgs) StdoutLine: {'line': b'-- Up-to-date: /home/abc/planning_with_ros2/install/base_msgs/include/base_msgs/base_msgs/msg/detail/pnc_map__type_support.hpp\n'}
[0.336132] (base_msgs) StdoutLine: {'line': b'-- Up-to-date: /home/abc/planning_with_ros2/install/base_msgs/include/base_msgs/base_msgs/msg/detail/local_speeds__struct.hpp\n'}
[0.336185] (base_msgs) StdoutLine: {'line': b'-- Up-to-date: /home/abc/planning_with_ros2/install/base_msgs/include/base_msgs/base_msgs/msg/detail/local_path_point__builder.hpp\n'}
[0.336238] (base_msgs) StdoutLine: {'line': b'-- Up-to-date: /home/abc/planning_with_ros2/install/base_msgs/include/base_msgs/base_msgs/msg/local_path.hpp\n'}
[0.336291] (base_msgs) StdoutLine: {'line': b'-- Up-to-date: /home/abc/planning_with_ros2/install/base_msgs/include/base_msgs/base_msgs/msg/rosidl_generator_cpp__visibility_control.hpp\n'}
[0.336346] (base_msgs) StdoutLine: {'line': b'-- Up-to-date: /home/abc/planning_with_ros2/install/base_msgs/include/base_msgs/base_msgs/msg/referline.hpp\n'}
[0.336401] (base_msgs) StdoutLine: {'line': b'-- Up-to-date: /home/abc/planning_with_ros2/install/base_msgs/include/base_msgs/base_msgs/msg/local_trajectory_point.hpp\n'}
[0.336454] (base_msgs) StdoutLine: {'line': b'-- Up-to-date: /home/abc/planning_with_ros2/install/base_msgs/include/base_msgs/base_msgs/msg/obs_info.hpp\n'}
[0.336508] (base_msgs) StdoutLine: {'line': b'-- Up-to-date: /home/abc/planning_with_ros2/install/base_msgs/include/base_msgs/base_msgs/msg/plot_info.hpp\n'}
[0.336562] (base_msgs) StdoutLine: {'line': b'-- Up-to-date: /home/abc/planning_with_ros2/install/base_msgs/include/base_msgs/base_msgs/msg/local_trajectory.hpp\n'}
[0.336622] (base_msgs) StdoutLine: {'line': b'-- Up-to-date: /home/abc/planning_with_ros2/install/base_msgs/include/base_msgs/base_msgs/msg/local_speeds_point.hpp\n'}
[0.336676] (base_msgs) StdoutLine: {'line': b'-- Up-to-date: /home/abc/planning_with_ros2/install/base_msgs/include/base_msgs/base_msgs/msg/pnc_map.hpp\n'}
[0.336730] (base_msgs) StdoutLine: {'line': b'-- Up-to-date: /home/abc/planning_with_ros2/install/base_msgs/include/base_msgs/base_msgs/msg/referline_point.hpp\n'}
[0.336784] (base_msgs) StdoutLine: {'line': b'-- Up-to-date: /home/abc/planning_with_ros2/install/base_msgs/include/base_msgs/base_msgs/srv\n'}
[0.336838] (base_msgs) StdoutLine: {'line': b'-- Up-to-date: /home/abc/planning_with_ros2/install/base_msgs/include/base_msgs/base_msgs/srv/pnc_map_service.hpp\n'}
[0.336892] (base_msgs) StdoutLine: {'line': b'-- Up-to-date: /home/abc/planning_with_ros2/install/base_msgs/include/base_msgs/base_msgs/srv/detail\n'}
[0.336958] (base_msgs) StdoutLine: {'line': b'-- Up-to-date: /home/abc/planning_with_ros2/install/base_msgs/include/base_msgs/base_msgs/srv/detail/global_path_service__builder.hpp\n'}
[0.337014] (base_msgs) StdoutLine: {'line': b'-- Up-to-date: /home/abc/planning_with_ros2/install/base_msgs/include/base_msgs/base_msgs/srv/detail/pnc_map_service__traits.hpp\n'}
[0.337068] (base_msgs) StdoutLine: {'line': b'-- Up-to-date: /home/abc/planning_with_ros2/install/base_msgs/include/base_msgs/base_msgs/srv/detail/pnc_map_service__type_support.hpp\n'}
[0.337122] (base_msgs) StdoutLine: {'line': b'-- Up-to-date: /home/abc/planning_with_ros2/install/base_msgs/include/base_msgs/base_msgs/srv/detail/global_path_service__struct.hpp\n'}
[0.337179] (base_msgs) StdoutLine: {'line': b'-- Up-to-date: /home/abc/planning_with_ros2/install/base_msgs/include/base_msgs/base_msgs/srv/detail/pnc_map_service__builder.hpp\n'}
[0.337233] (base_msgs) StdoutLine: {'line': b'-- Up-to-date: /home/abc/planning_with_ros2/install/base_msgs/include/base_msgs/base_msgs/srv/detail/global_path_service__type_support.hpp\n'}
[0.337287] (base_msgs) StdoutLine: {'line': b'-- Up-to-date: /home/abc/planning_with_ros2/install/base_msgs/include/base_msgs/base_msgs/srv/detail/global_path_service__traits.hpp\n'}
[0.337340] (base_msgs) StdoutLine: {'line': b'-- Up-to-date: /home/abc/planning_with_ros2/install/base_msgs/include/base_msgs/base_msgs/srv/detail/pnc_map_service__struct.hpp\n'}
[0.337393] (base_msgs) StdoutLine: {'line': b'-- Up-to-date: /home/abc/planning_with_ros2/install/base_msgs/include/base_msgs/base_msgs/srv/global_path_service.hpp\n'}
[0.337450] (base_msgs) StdoutLine: {'line': b'-- Up-to-date: /home/abc/planning_with_ros2/install/base_msgs/include/base_msgs/base_msgs\n'}
[0.337503] (base_msgs) StdoutLine: {'line': b'-- Up-to-date: /home/abc/planning_with_ros2/install/base_msgs/include/base_msgs/base_msgs/msg\n'}
[0.337555] (base_msgs) StdoutLine: {'line': b'-- Up-to-date: /home/abc/planning_with_ros2/install/base_msgs/include/base_msgs/base_msgs/msg/detail\n'}
[0.337607] (base_msgs) StdoutLine: {'line': b'-- Up-to-date: /home/abc/planning_with_ros2/install/base_msgs/include/base_msgs/base_msgs/msg/detail/local_path__rosidl_typesupport_fastrtps_cpp.hpp\n'}
[0.337660] (base_msgs) StdoutLine: {'line': b'-- Up-to-date: /home/abc/planning_with_ros2/install/base_msgs/include/base_msgs/base_msgs/msg/detail/referline__rosidl_typesupport_fastrtps_cpp.hpp\n'}
[0.337713] (base_msgs) StdoutLine: {'line': b'-- Up-to-date: /home/abc/planning_with_ros2/install/base_msgs/include/base_msgs/base_msgs/msg/detail/local_trajectory__rosidl_typesupport_fastrtps_cpp.hpp\n'}
[0.337766] (base_msgs) StdoutLine: {'line': b'-- Up-to-date: /home/abc/planning_with_ros2/install/base_msgs/include/base_msgs/base_msgs/msg/detail/local_trajectory_point__rosidl_typesupport_fastrtps_cpp.hpp\n'}
[0.337818] (base_msgs) StdoutLine: {'line': b'-- Up-to-date: /home/abc/planning_with_ros2/install/base_msgs/include/base_msgs/base_msgs/msg/detail/obs_info__rosidl_typesupport_fastrtps_cpp.hpp\n'}
[0.337870] (base_msgs) StdoutLine: {'line': b'-- Up-to-date: /home/abc/planning_with_ros2/install/base_msgs/include/base_msgs/base_msgs/msg/detail/local_path_point__rosidl_typesupport_fastrtps_cpp.hpp\n'}
[0.337931] (base_msgs) StdoutLine: {'line': b'-- Up-to-date: /home/abc/planning_with_ros2/install/base_msgs/include/base_msgs/base_msgs/msg/detail/referline_point__rosidl_typesupport_fastrtps_cpp.hpp\n'}
[0.337992] (base_msgs) StdoutLine: {'line': b'-- Up-to-date: /home/abc/planning_with_ros2/install/base_msgs/include/base_msgs/base_msgs/msg/detail/pnc_map__rosidl_typesupport_fastrtps_cpp.hpp\n'}
[0.338046] (base_msgs) StdoutLine: {'line': b'-- Up-to-date: /home/abc/planning_with_ros2/install/base_msgs/include/base_msgs/base_msgs/msg/detail/local_speeds__rosidl_typesupport_fastrtps_cpp.hpp\n'}
[0.338099] (base_msgs) StdoutLine: {'line': b'-- Up-to-date: /home/abc/planning_with_ros2/install/base_msgs/include/base_msgs/base_msgs/msg/detail/dds_fastrtps\n'}
[0.338153] (base_msgs) StdoutLine: {'line': b'-- Up-to-date: /home/abc/planning_with_ros2/install/base_msgs/include/base_msgs/base_msgs/msg/detail/local_speeds_point__rosidl_typesupport_fastrtps_cpp.hpp\n'}
[0.338205] (base_msgs) StdoutLine: {'line': b'-- Up-to-date: /home/abc/planning_with_ros2/install/base_msgs/include/base_msgs/base_msgs/msg/detail/plot_info__rosidl_typesupport_fastrtps_cpp.hpp\n'}
[0.338258] (base_msgs) StdoutLine: {'line': b'-- Up-to-date: /home/abc/planning_with_ros2/install/base_msgs/include/base_msgs/base_msgs/msg/rosidl_typesupport_fastrtps_cpp__visibility_control.h\n'}
[0.338311] (base_msgs) StdoutLine: {'line': b'-- Up-to-date: /home/abc/planning_with_ros2/install/base_msgs/include/base_msgs/base_msgs/srv\n'}
[0.338373] (base_msgs) StdoutLine: {'line': b'-- Up-to-date: /home/abc/planning_with_ros2/install/base_msgs/include/base_msgs/base_msgs/srv/detail\n'}
[0.338426] (base_msgs) StdoutLine: {'line': b'-- Up-to-date: /home/abc/planning_with_ros2/install/base_msgs/include/base_msgs/base_msgs/srv/detail/global_path_service__rosidl_typesupport_fastrtps_cpp.hpp\n'}
[0.338480] (base_msgs) StdoutLine: {'line': b'-- Up-to-date: /home/abc/planning_with_ros2/install/base_msgs/include/base_msgs/base_msgs/srv/detail/pnc_map_service__rosidl_typesupport_fastrtps_cpp.hpp\n'}
[0.338533] (base_msgs) StdoutLine: {'line': b'-- Up-to-date: /home/abc/planning_with_ros2/install/base_msgs/include/base_msgs/base_msgs/srv/detail/dds_fastrtps\n'}
[0.338587] (base_msgs) StdoutLine: {'line': b'-- Up-to-date: /home/abc/planning_with_ros2/install/base_msgs/lib/libbase_msgs__rosidl_typesupport_fastrtps_cpp.so\n'}
[0.338640] (base_msgs) StdoutLine: {'line': b'-- Up-to-date: /home/abc/planning_with_ros2/install/base_msgs/include/base_msgs/base_msgs\n'}
[0.338698] (base_msgs) StdoutLine: {'line': b'-- Up-to-date: /home/abc/planning_with_ros2/install/base_msgs/include/base_msgs/base_msgs/msg\n'}
[0.338752] (base_msgs) StdoutLine: {'line': b'-- Up-to-date: /home/abc/planning_with_ros2/install/base_msgs/include/base_msgs/base_msgs/msg/detail\n'}
[0.338809] (base_msgs) StdoutLine: {'line': b'-- Up-to-date: /home/abc/planning_with_ros2/install/base_msgs/include/base_msgs/base_msgs/msg/detail/local_trajectory__type_support.cpp\n'}
[0.338863] (base_msgs) StdoutLine: {'line': b'-- Up-to-date: /home/abc/planning_with_ros2/install/base_msgs/include/base_msgs/base_msgs/msg/detail/local_speeds_point__type_support.cpp\n'}
[0.338922] (base_msgs) StdoutLine: {'line': b'-- Up-to-date: /home/abc/planning_with_ros2/install/base_msgs/include/base_msgs/base_msgs/msg/detail/local_speeds_point__rosidl_typesupport_introspection_cpp.hpp\n'}
[0.338984] (base_msgs) StdoutLine: {'line': b'-- Up-to-date: /home/abc/planning_with_ros2/install/base_msgs/include/base_msgs/base_msgs/msg/detail/pnc_map__type_support.cpp\n'}
[0.339039] (base_msgs) StdoutLine: {'line': b'-- Up-to-date: /home/abc/planning_with_ros2/install/base_msgs/include/base_msgs/base_msgs/msg/detail/referline__type_support.cpp\n'}
[0.339093] (base_msgs) StdoutLine: {'line': b'-- Up-to-date: /home/abc/planning_with_ros2/install/base_msgs/include/base_msgs/base_msgs/msg/detail/obs_info__rosidl_typesupport_introspection_cpp.hpp\n'}
[0.339146] (base_msgs) StdoutLine: {'line': b'-- Up-to-date: /home/abc/planning_with_ros2/install/base_msgs/include/base_msgs/base_msgs/msg/detail/referline__rosidl_typesupport_introspection_cpp.hpp\n'}
[0.339199] (base_msgs) StdoutLine: {'line': b'-- Up-to-date: /home/abc/planning_with_ros2/install/base_msgs/include/base_msgs/base_msgs/msg/detail/local_speeds__type_support.cpp\n'}
[0.339251] (base_msgs) StdoutLine: {'line': b'-- Up-to-date: /home/abc/planning_with_ros2/install/base_msgs/include/base_msgs/base_msgs/msg/detail/local_trajectory_point__rosidl_typesupport_introspection_cpp.hpp\n'}
[0.339305] (base_msgs) StdoutLine: {'line': b'-- Up-to-date: /home/abc/planning_with_ros2/install/base_msgs/include/base_msgs/base_msgs/msg/detail/plot_info__type_support.cpp\n'}
[0.339357] (base_msgs) StdoutLine: {'line': b'-- Up-to-date: /home/abc/planning_with_ros2/install/base_msgs/include/base_msgs/base_msgs/msg/detail/local_path__rosidl_typesupport_introspection_cpp.hpp\n'}
[0.339410] (base_msgs) StdoutLine: {'line': b'-- Up-to-date: /home/abc/planning_with_ros2/install/base_msgs/include/base_msgs/base_msgs/msg/detail/local_path_point__type_support.cpp\n'}
[0.339463] (base_msgs) StdoutLine: {'line': b'-- Up-to-date: /home/abc/planning_with_ros2/install/base_msgs/include/base_msgs/base_msgs/msg/detail/pnc_map__rosidl_typesupport_introspection_cpp.hpp\n'}
[0.339515] (base_msgs) StdoutLine: {'line': b'-- Up-to-date: /home/abc/planning_with_ros2/install/base_msgs/include/base_msgs/base_msgs/msg/detail/plot_info__rosidl_typesupport_introspection_cpp.hpp\n'}
[0.339567] (base_msgs) StdoutLine: {'line': b'-- Up-to-date: /home/abc/planning_with_ros2/install/base_msgs/include/base_msgs/base_msgs/msg/detail/local_trajectory__rosidl_typesupport_introspection_cpp.hpp\n'}
[0.339619] (base_msgs) StdoutLine: {'line': b'-- Up-to-date: /home/abc/planning_with_ros2/install/base_msgs/include/base_msgs/base_msgs/msg/detail/referline_point__type_support.cpp\n'}
[0.339680] (base_msgs) StdoutLine: {'line': b'-- Up-to-date: /home/abc/planning_with_ros2/install/base_msgs/include/base_msgs/base_msgs/msg/detail/obs_info__type_support.cpp\n'}
[0.339734] (base_msgs) StdoutLine: {'line': b'-- Up-to-date: /home/abc/planning_with_ros2/install/base_msgs/include/base_msgs/base_msgs/msg/detail/referline_point__rosidl_typesupport_introspection_cpp.hpp\n'}
[0.339788] (base_msgs) StdoutLine: {'line': b'-- Up-to-date: /home/abc/planning_with_ros2/install/base_msgs/include/base_msgs/base_msgs/msg/detail/local_speeds__rosidl_typesupport_introspection_cpp.hpp\n'}
[0.339847] (base_msgs) StdoutLine: {'line': b'-- Up-to-date: /home/abc/planning_with_ros2/install/base_msgs/include/base_msgs/base_msgs/msg/detail/local_path__type_support.cpp\n'}
[0.339900] (base_msgs) StdoutLine: {'line': b'-- Up-to-date: /home/abc/planning_with_ros2/install/base_msgs/include/base_msgs/base_msgs/msg/detail/local_trajectory_point__type_support.cpp\n'}
[0.339966] (base_msgs) StdoutLine: {'line': b'-- Up-to-date: /home/abc/planning_with_ros2/install/base_msgs/include/base_msgs/base_msgs/msg/detail/local_path_point__rosidl_typesupport_introspection_cpp.hpp\n'}
[0.340030] (base_msgs) StdoutLine: {'line': b'-- Up-to-date: /home/abc/planning_with_ros2/install/base_msgs/include/base_msgs/base_msgs/srv\n'}
[0.340083] (base_msgs) StdoutLine: {'line': b'-- Up-to-date: /home/abc/planning_with_ros2/install/base_msgs/include/base_msgs/base_msgs/srv/detail\n'}
[0.340136] (base_msgs) StdoutLine: {'line': b'-- Up-to-date: /home/abc/planning_with_ros2/install/base_msgs/include/base_msgs/base_msgs/srv/detail/pnc_map_service__rosidl_typesupport_introspection_cpp.hpp\n'}
[0.340189] (base_msgs) StdoutLine: {'line': b'-- Up-to-date: /home/abc/planning_with_ros2/install/base_msgs/include/base_msgs/base_msgs/srv/detail/pnc_map_service__type_support.cpp\n'}
[0.340242] (base_msgs) StdoutLine: {'line': b'-- Up-to-date: /home/abc/planning_with_ros2/install/base_msgs/include/base_msgs/base_msgs/srv/detail/global_path_service__type_support.cpp\n'}
[0.340300] (base_msgs) StdoutLine: {'line': b'-- Up-to-date: /home/abc/planning_with_ros2/install/base_msgs/include/base_msgs/base_msgs/srv/detail/global_path_service__rosidl_typesupport_introspection_cpp.hpp\n'}
[0.340355] (base_msgs) StdoutLine: {'line': b'-- Up-to-date: /home/abc/planning_with_ros2/install/base_msgs/lib/libbase_msgs__rosidl_typesupport_introspection_cpp.so\n'}
[0.340409] (base_msgs) StdoutLine: {'line': b'-- Up-to-date: /home/abc/planning_with_ros2/install/base_msgs/lib/libbase_msgs__rosidl_typesupport_cpp.so\n'}
[0.340461] (base_msgs) StdoutLine: {'line': b'-- Up-to-date: /home/abc/planning_with_ros2/install/base_msgs/share/base_msgs/environment/pythonpath.sh\n'}
[0.340514] (base_msgs) StdoutLine: {'line': b'-- Up-to-date: /home/abc/planning_with_ros2/install/base_msgs/share/base_msgs/environment/pythonpath.dsv\n'}
[0.340568] (base_msgs) StdoutLine: {'line': b'-- Up-to-date: /home/abc/planning_with_ros2/install/base_msgs/local/lib/python3.10/dist-packages/base_msgs-0.0.0-py3.10.egg-info\n'}
[0.340622] (base_msgs) StdoutLine: {'line': b'-- Installing: /home/abc/planning_with_ros2/install/base_msgs/local/lib/python3.10/dist-packages/base_msgs-0.0.0-py3.10.egg-info/dependency_links.txt\n'}
[0.340676] (base_msgs) StdoutLine: {'line': b'-- Installing: /home/abc/planning_with_ros2/install/base_msgs/local/lib/python3.10/dist-packages/base_msgs-0.0.0-py3.10.egg-info/SOURCES.txt\n'}
[0.340730] (base_msgs) StdoutLine: {'line': b'-- Installing: /home/abc/planning_with_ros2/install/base_msgs/local/lib/python3.10/dist-packages/base_msgs-0.0.0-py3.10.egg-info/top_level.txt\n'}
[0.340784] (base_msgs) StdoutLine: {'line': b'-- Installing: /home/abc/planning_with_ros2/install/base_msgs/local/lib/python3.10/dist-packages/base_msgs-0.0.0-py3.10.egg-info/PKG-INFO\n'}
[0.340840] (base_msgs) StdoutLine: {'line': b'-- Up-to-date: /home/abc/planning_with_ros2/install/base_msgs/local/lib/python3.10/dist-packages/base_msgs\n'}
[0.340894] (base_msgs) StdoutLine: {'line': b'-- Up-to-date: /home/abc/planning_with_ros2/install/base_msgs/local/lib/python3.10/dist-packages/base_msgs/base_msgs_s__rosidl_typesupport_c.cpython-310-x86_64-linux-gnu.so\n'}
[0.340962] (base_msgs) StdoutLine: {'line': b'-- Up-to-date: /home/abc/planning_with_ros2/install/base_msgs/local/lib/python3.10/dist-packages/base_msgs/_base_msgs_s.ep.rosidl_typesupport_c.c\n'}
[0.341018] (base_msgs) StdoutLine: {'line': b'-- Up-to-date: /home/abc/planning_with_ros2/install/base_msgs/local/lib/python3.10/dist-packages/base_msgs/libbase_msgs__rosidl_generator_py.so\n'}
[0.341072] (base_msgs) StdoutLine: {'line': b'-- Up-to-date: /home/abc/planning_with_ros2/install/base_msgs/local/lib/python3.10/dist-packages/base_msgs/_base_msgs_s.ep.rosidl_typesupport_introspection_c.c\n'}
[0.341130] (base_msgs) StdoutLine: {'line': b'-- Up-to-date: /home/abc/planning_with_ros2/install/base_msgs/local/lib/python3.10/dist-packages/base_msgs/msg\n'}
[0.341184] (base_msgs) StdoutLine: {'line': b'-- Up-to-date: /home/abc/planning_with_ros2/install/base_msgs/local/lib/python3.10/dist-packages/base_msgs/msg/_obs_info.py\n'}
[0.341237] (base_msgs) StdoutLine: {'line': b'-- Up-to-date: /home/abc/planning_with_ros2/install/base_msgs/local/lib/python3.10/dist-packages/base_msgs/msg/_referline_s.c\n'}
[0.341290] (base_msgs) StdoutLine: {'line': b'-- Up-to-date: /home/abc/planning_with_ros2/install/base_msgs/local/lib/python3.10/dist-packages/base_msgs/msg/_local_path_s.c\n'}
[0.341343] (base_msgs) StdoutLine: {'line': b'-- Up-to-date: /home/abc/planning_with_ros2/install/base_msgs/local/lib/python3.10/dist-packages/base_msgs/msg/_local_speeds.py\n'}
[0.341396] (base_msgs) StdoutLine: {'line': b'-- Up-to-date: /home/abc/planning_with_ros2/install/base_msgs/local/lib/python3.10/dist-packages/base_msgs/msg/_local_path_point_s.c\n'}
[0.341449] (base_msgs) StdoutLine: {'line': b'-- Up-to-date: /home/abc/planning_with_ros2/install/base_msgs/local/lib/python3.10/dist-packages/base_msgs/msg/_referline_point_s.c\n'}
[0.341502] (base_msgs) StdoutLine: {'line': b'-- Up-to-date: /home/abc/planning_with_ros2/install/base_msgs/local/lib/python3.10/dist-packages/base_msgs/msg/_local_path.py\n'}
[0.341554] (base_msgs) StdoutLine: {'line': b'-- Up-to-date: /home/abc/planning_with_ros2/install/base_msgs/local/lib/python3.10/dist-packages/base_msgs/msg/_local_trajectory_point.py\n'}
[0.341606] (base_msgs) StdoutLine: {'line': b'-- Up-to-date: /home/abc/planning_with_ros2/install/base_msgs/local/lib/python3.10/dist-packages/base_msgs/msg/_local_speeds_s.c\n'}
[0.341659] (base_msgs) StdoutLine: {'line': b'-- Up-to-date: /home/abc/planning_with_ros2/install/base_msgs/local/lib/python3.10/dist-packages/base_msgs/msg/_referline.py\n'}
[0.341719] (base_msgs) StdoutLine: {'line': b'-- Up-to-date: /home/abc/planning_with_ros2/install/base_msgs/local/lib/python3.10/dist-packages/base_msgs/msg/_local_speeds_point.py\n'}
[0.341771] (base_msgs) StdoutLine: {'line': b'-- Up-to-date: /home/abc/planning_with_ros2/install/base_msgs/local/lib/python3.10/dist-packages/base_msgs/msg/_pnc_map.py\n'}
[0.341823] (base_msgs) StdoutLine: {'line': b'-- Up-to-date: /home/abc/planning_with_ros2/install/base_msgs/local/lib/python3.10/dist-packages/base_msgs/msg/__init__.py\n'}
[0.341879] (base_msgs) StdoutLine: {'line': b'-- Up-to-date: /home/abc/planning_with_ros2/install/base_msgs/local/lib/python3.10/dist-packages/base_msgs/msg/_plot_info_s.c\n'}
[0.341942] (base_msgs) StdoutLine: {'line': b'-- Up-to-date: /home/abc/planning_with_ros2/install/base_msgs/local/lib/python3.10/dist-packages/base_msgs/msg/_local_trajectory_s.c\n'}
[0.342000] (base_msgs) StdoutLine: {'line': b'-- Up-to-date: /home/abc/planning_with_ros2/install/base_msgs/local/lib/python3.10/dist-packages/base_msgs/msg/_referline_point.py\n'}
[0.342053] (base_msgs) StdoutLine: {'line': b'-- Up-to-date: /home/abc/planning_with_ros2/install/base_msgs/local/lib/python3.10/dist-packages/base_msgs/msg/_local_speeds_point_s.c\n'}
[0.342105] (base_msgs) StdoutLine: {'line': b'-- Up-to-date: /home/abc/planning_with_ros2/install/base_msgs/local/lib/python3.10/dist-packages/base_msgs/msg/_local_path_point.py\n'}
[0.342159] (base_msgs) StdoutLine: {'line': b'-- Up-to-date: /home/abc/planning_with_ros2/install/base_msgs/local/lib/python3.10/dist-packages/base_msgs/msg/_pnc_map_s.c\n'}
[0.342211] (base_msgs) StdoutLine: {'line': b'-- Up-to-date: /home/abc/planning_with_ros2/install/base_msgs/local/lib/python3.10/dist-packages/base_msgs/msg/_local_trajectory.py\n'}
[0.342267] (base_msgs) StdoutLine: {'line': b'-- Up-to-date: /home/abc/planning_with_ros2/install/base_msgs/local/lib/python3.10/dist-packages/base_msgs/msg/_local_trajectory_point_s.c\n'}
[0.342321] (base_msgs) StdoutLine: {'line': b'-- Up-to-date: /home/abc/planning_with_ros2/install/base_msgs/local/lib/python3.10/dist-packages/base_msgs/msg/_plot_info.py\n'}
[0.342379] (base_msgs) StdoutLine: {'line': b'-- Up-to-date: /home/abc/planning_with_ros2/install/base_msgs/local/lib/python3.10/dist-packages/base_msgs/msg/_obs_info_s.c\n'}
[0.342432] (base_msgs) StdoutLine: {'line': b'-- Up-to-date: /home/abc/planning_with_ros2/install/base_msgs/local/lib/python3.10/dist-packages/base_msgs/__init__.py\n'}
[0.342486] (base_msgs) StdoutLine: {'line': b'-- Up-to-date: /home/abc/planning_with_ros2/install/base_msgs/local/lib/python3.10/dist-packages/base_msgs/base_msgs_s__rosidl_typesupport_introspection_c.cpython-310-x86_64-linux-gnu.so\n'}
[0.342540] (base_msgs) StdoutLine: {'line': b'-- Up-to-date: /home/abc/planning_with_ros2/install/base_msgs/local/lib/python3.10/dist-packages/base_msgs/_base_msgs_s.ep.rosidl_typesupport_fastrtps_c.c\n'}
[0.342595] (base_msgs) StdoutLine: {'line': b'-- Up-to-date: /home/abc/planning_with_ros2/install/base_msgs/local/lib/python3.10/dist-packages/base_msgs/srv\n'}
[0.342648] (base_msgs) StdoutLine: {'line': b'-- Up-to-date: /home/abc/planning_with_ros2/install/base_msgs/local/lib/python3.10/dist-packages/base_msgs/srv/_pnc_map_service.py\n'}
[0.342702] (base_msgs) StdoutLine: {'line': b'-- Up-to-date: /home/abc/planning_with_ros2/install/base_msgs/local/lib/python3.10/dist-packages/base_msgs/srv/_global_path_service_s.c\n'}
[0.342755] (base_msgs) StdoutLine: {'line': b'-- Up-to-date: /home/abc/planning_with_ros2/install/base_msgs/local/lib/python3.10/dist-packages/base_msgs/srv/__init__.py\n'}
[0.342808] (base_msgs) StdoutLine: {'line': b'-- Up-to-date: /home/abc/planning_with_ros2/install/base_msgs/local/lib/python3.10/dist-packages/base_msgs/srv/_global_path_service.py\n'}
[0.342862] (base_msgs) StdoutLine: {'line': b'-- Up-to-date: /home/abc/planning_with_ros2/install/base_msgs/local/lib/python3.10/dist-packages/base_msgs/srv/_pnc_map_service_s.c\n'}
[0.342920] (base_msgs) StdoutLine: {'line': b'-- Up-to-date: /home/abc/planning_with_ros2/install/base_msgs/local/lib/python3.10/dist-packages/base_msgs/base_msgs_s__rosidl_typesupport_fastrtps_c.cpython-310-x86_64-linux-gnu.so\n'}
[0.362540] (base_msgs) StdoutLine: {'line': b"Listing '/home/abc/planning_with_ros2/install/base_msgs/local/lib/python3.10/dist-packages/base_msgs'...\n"}
[0.362677] (base_msgs) StdoutLine: {'line': b"Listing '/home/abc/planning_with_ros2/install/base_msgs/local/lib/python3.10/dist-packages/base_msgs/msg'...\n"}
[0.362744] (base_msgs) StdoutLine: {'line': b"Listing '/home/abc/planning_with_ros2/install/base_msgs/local/lib/python3.10/dist-packages/base_msgs/srv'...\n"}
[0.366699] (base_msgs) StdoutLine: {'line': b'-- Up-to-date: /home/abc/planning_with_ros2/install/base_msgs/local/lib/python3.10/dist-packages/base_msgs/base_msgs_s__rosidl_typesupport_fastrtps_c.cpython-310-x86_64-linux-gnu.so\n'}
[0.367029] (base_msgs) StdoutLine: {'line': b'-- Up-to-date: /home/abc/planning_with_ros2/install/base_msgs/local/lib/python3.10/dist-packages/base_msgs/base_msgs_s__rosidl_typesupport_introspection_c.cpython-310-x86_64-linux-gnu.so\n'}
[0.367330] (base_msgs) StdoutLine: {'line': b'-- Up-to-date: /home/abc/planning_with_ros2/install/base_msgs/local/lib/python3.10/dist-packages/base_msgs/base_msgs_s__rosidl_typesupport_c.cpython-310-x86_64-linux-gnu.so\n'}
[0.367619] (base_msgs) StdoutLine: {'line': b'-- Up-to-date: /home/abc/planning_with_ros2/install/base_msgs/lib/libbase_msgs__rosidl_generator_py.so\n'}
[0.367825] (base_msgs) StdoutLine: {'line': b'-- Up-to-date: /home/abc/planning_with_ros2/install/base_msgs/share/base_msgs/srv/GlobalPathService.idl\n'}
[0.367985] (base_msgs) StdoutLine: {'line': b'-- Up-to-date: /home/abc/planning_with_ros2/install/base_msgs/share/base_msgs/srv/PNCMapService.idl\n'}
[0.368146] (base_msgs) StdoutLine: {'line': b'-- Up-to-date: /home/abc/planning_with_ros2/install/base_msgs/share/base_msgs/msg/PNCMap.idl\n'}
[0.368296] (base_msgs) StdoutLine: {'line': b'-- Up-to-date: /home/abc/planning_with_ros2/install/base_msgs/share/base_msgs/msg/ReferlinePoint.idl\n'}
[0.368440] (base_msgs) StdoutLine: {'line': b'-- Up-to-date: /home/abc/planning_with_ros2/install/base_msgs/share/base_msgs/msg/Referline.idl\n'}
[0.368573] (base_msgs) StdoutLine: {'line': b'-- Up-to-date: /home/abc/planning_with_ros2/install/base_msgs/share/base_msgs/msg/LocalPathPoint.idl\n'}
[0.368712] (base_msgs) StdoutLine: {'line': b'-- Up-to-date: /home/abc/planning_with_ros2/install/base_msgs/share/base_msgs/msg/LocalPath.idl\n'}
[0.368862] (base_msgs) StdoutLine: {'line': b'-- Up-to-date: /home/abc/planning_with_ros2/install/base_msgs/share/base_msgs/msg/LocalSpeedsPoint.idl\n'}
[0.369005] (base_msgs) StdoutLine: {'line': b'-- Up-to-date: /home/abc/planning_with_ros2/install/base_msgs/share/base_msgs/msg/LocalSpeeds.idl\n'}
[0.369144] (base_msgs) StdoutLine: {'line': b'-- Up-to-date: /home/abc/planning_with_ros2/install/base_msgs/share/base_msgs/msg/LocalTrajectoryPoint.idl\n'}
[0.369279] (base_msgs) StdoutLine: {'line': b'-- Up-to-date: /home/abc/planning_with_ros2/install/base_msgs/share/base_msgs/msg/LocalTrajectory.idl\n'}
[0.369425] (base_msgs) StdoutLine: {'line': b'-- Up-to-date: /home/abc/planning_with_ros2/install/base_msgs/share/base_msgs/msg/ObsInfo.idl\n'}
[0.369560] (base_msgs) StdoutLine: {'line': b'-- Up-to-date: /home/abc/planning_with_ros2/install/base_msgs/share/base_msgs/msg/PlotInfo.idl\n'}
[0.369704] (base_msgs) StdoutLine: {'line': b'-- Up-to-date: /home/abc/planning_with_ros2/install/base_msgs/share/base_msgs/srv/GlobalPathService.srv\n'}
[0.369843] (base_msgs) StdoutLine: {'line': b'-- Up-to-date: /home/abc/planning_with_ros2/install/base_msgs/share/base_msgs/srv/GlobalPathService_Request.msg\n'}
[0.370000] (base_msgs) StdoutLine: {'line': b'-- Up-to-date: /home/abc/planning_with_ros2/install/base_msgs/share/base_msgs/srv/GlobalPathService_Response.msg\n'}
[0.370140] (base_msgs) StdoutLine: {'line': b'-- Up-to-date: /home/abc/planning_with_ros2/install/base_msgs/share/base_msgs/srv/PNCMapService.srv\n'}
[0.370275] (base_msgs) StdoutLine: {'line': b'-- Up-to-date: /home/abc/planning_with_ros2/install/base_msgs/share/base_msgs/srv/PNCMapService_Request.msg\n'}
[0.370409] (base_msgs) StdoutLine: {'line': b'-- Up-to-date: /home/abc/planning_with_ros2/install/base_msgs/share/base_msgs/srv/PNCMapService_Response.msg\n'}
[0.370513] (base_msgs) StdoutLine: {'line': b'-- Up-to-date: /home/abc/planning_with_ros2/install/base_msgs/share/base_msgs/msg/PNCMap.msg\n'}
[0.370637] (base_msgs) StdoutLine: {'line': b'-- Up-to-date: /home/abc/planning_with_ros2/install/base_msgs/share/base_msgs/msg/ReferlinePoint.msg\n'}
[0.370763] (base_msgs) StdoutLine: {'line': b'-- Up-to-date: /home/abc/planning_with_ros2/install/base_msgs/share/base_msgs/msg/Referline.msg\n'}
[0.370883] (base_msgs) StdoutLine: {'line': b'-- Up-to-date: /home/abc/planning_with_ros2/install/base_msgs/share/base_msgs/msg/LocalPathPoint.msg\n'}
[0.371032] (base_msgs) StdoutLine: {'line': b'-- Up-to-date: /home/abc/planning_with_ros2/install/base_msgs/share/base_msgs/msg/LocalPath.msg\n'}
[0.371159] (base_msgs) StdoutLine: {'line': b'-- Up-to-date: /home/abc/planning_with_ros2/install/base_msgs/share/base_msgs/msg/LocalSpeedsPoint.msg\n'}
[0.371280] (base_msgs) StdoutLine: {'line': b'-- Up-to-date: /home/abc/planning_with_ros2/install/base_msgs/share/base_msgs/msg/LocalSpeeds.msg\n'}
[0.371412] (base_msgs) StdoutLine: {'line': b'-- Up-to-date: /home/abc/planning_with_ros2/install/base_msgs/share/base_msgs/msg/LocalTrajectoryPoint.msg\n'}
[0.371529] (base_msgs) StdoutLine: {'line': b'-- Up-to-date: /home/abc/planning_with_ros2/install/base_msgs/share/base_msgs/msg/LocalTrajectory.msg\n'}
[0.371637] (base_msgs) StdoutLine: {'line': b'-- Up-to-date: /home/abc/planning_with_ros2/install/base_msgs/share/base_msgs/msg/ObsInfo.msg\n'}
[0.371769] (base_msgs) StdoutLine: {'line': b'-- Up-to-date: /home/abc/planning_with_ros2/install/base_msgs/share/base_msgs/msg/PlotInfo.msg\n'}
[0.371890] (base_msgs) StdoutLine: {'line': b'-- Up-to-date: /home/abc/planning_with_ros2/install/base_msgs/share/ament_index/resource_index/package_run_dependencies/base_msgs\n'}
[0.372026] (base_msgs) StdoutLine: {'line': b'-- Up-to-date: /home/abc/planning_with_ros2/install/base_msgs/share/ament_index/resource_index/parent_prefix_path/base_msgs\n'}
[0.372168] (base_msgs) StdoutLine: {'line': b'-- Up-to-date: /home/abc/planning_with_ros2/install/base_msgs/share/base_msgs/environment/ament_prefix_path.sh\n'}
[0.372288] (base_msgs) StdoutLine: {'line': b'-- Up-to-date: /home/abc/planning_with_ros2/install/base_msgs/share/base_msgs/environment/ament_prefix_path.dsv\n'}
[0.372422] (base_msgs) StdoutLine: {'line': b'-- Up-to-date: /home/abc/planning_with_ros2/install/base_msgs/share/base_msgs/environment/path.sh\n'}
[0.372555] (base_msgs) StdoutLine: {'line': b'-- Up-to-date: /home/abc/planning_with_ros2/install/base_msgs/share/base_msgs/environment/path.dsv\n'}
[0.372690] (base_msgs) StdoutLine: {'line': b'-- Up-to-date: /home/abc/planning_with_ros2/install/base_msgs/share/base_msgs/local_setup.bash\n'}
[0.372819] (base_msgs) StdoutLine: {'line': b'-- Up-to-date: /home/abc/planning_with_ros2/install/base_msgs/share/base_msgs/local_setup.sh\n'}
[0.372974] (base_msgs) StdoutLine: {'line': b'-- Up-to-date: /home/abc/planning_with_ros2/install/base_msgs/share/base_msgs/local_setup.zsh\n'}
[0.373098] (base_msgs) StdoutLine: {'line': b'-- Up-to-date: /home/abc/planning_with_ros2/install/base_msgs/share/base_msgs/local_setup.dsv\n'}
[0.373196] (base_msgs) StdoutLine: {'line': b'-- Installing: /home/abc/planning_with_ros2/install/base_msgs/share/base_msgs/package.dsv\n'}
[0.373297] (base_msgs) StdoutLine: {'line': b'-- Up-to-date: /home/abc/planning_with_ros2/install/base_msgs/share/ament_index/resource_index/packages/base_msgs\n'}
[0.373395] (base_msgs) StdoutLine: {'line': b'-- Up-to-date: /home/abc/planning_with_ros2/install/base_msgs/share/base_msgs/cmake/export_base_msgs__rosidl_generator_cExport.cmake\n'}
[0.373488] (base_msgs) StdoutLine: {'line': b'-- Up-to-date: /home/abc/planning_with_ros2/install/base_msgs/share/base_msgs/cmake/export_base_msgs__rosidl_generator_cExport-noconfig.cmake\n'}
[0.373580] (base_msgs) StdoutLine: {'line': b'-- Up-to-date: /home/abc/planning_with_ros2/install/base_msgs/share/base_msgs/cmake/export_base_msgs__rosidl_typesupport_fastrtps_cExport.cmake\n'}
[0.373670] (base_msgs) StdoutLine: {'line': b'-- Up-to-date: /home/abc/planning_with_ros2/install/base_msgs/share/base_msgs/cmake/export_base_msgs__rosidl_typesupport_fastrtps_cExport-noconfig.cmake\n'}
[0.373754] (base_msgs) StdoutLine: {'line': b'-- Up-to-date: /home/abc/planning_with_ros2/install/base_msgs/share/base_msgs/cmake/base_msgs__rosidl_typesupport_introspection_cExport.cmake\n'}
[0.373833] (base_msgs) StdoutLine: {'line': b'-- Up-to-date: /home/abc/planning_with_ros2/install/base_msgs/share/base_msgs/cmake/base_msgs__rosidl_typesupport_introspection_cExport-noconfig.cmake\n'}
[0.373922] (base_msgs) StdoutLine: {'line': b'-- Up-to-date: /home/abc/planning_with_ros2/install/base_msgs/share/base_msgs/cmake/base_msgs__rosidl_typesupport_cExport.cmake\n'}
[0.374018] (base_msgs) StdoutLine: {'line': b'-- Up-to-date: /home/abc/planning_with_ros2/install/base_msgs/share/base_msgs/cmake/base_msgs__rosidl_typesupport_cExport-noconfig.cmake\n'}
[0.374092] (base_msgs) StdoutLine: {'line': b'-- Up-to-date: /home/abc/planning_with_ros2/install/base_msgs/share/base_msgs/cmake/export_base_msgs__rosidl_generator_cppExport.cmake\n'}
[0.374153] (base_msgs) StdoutLine: {'line': b'-- Up-to-date: /home/abc/planning_with_ros2/install/base_msgs/share/base_msgs/cmake/export_base_msgs__rosidl_typesupport_fastrtps_cppExport.cmake\n'}
[0.374210] (base_msgs) StdoutLine: {'line': b'-- Up-to-date: /home/abc/planning_with_ros2/install/base_msgs/share/base_msgs/cmake/export_base_msgs__rosidl_typesupport_fastrtps_cppExport-noconfig.cmake\n'}
[0.374268] (base_msgs) StdoutLine: {'line': b'-- Up-to-date: /home/abc/planning_with_ros2/install/base_msgs/share/base_msgs/cmake/base_msgs__rosidl_typesupport_introspection_cppExport.cmake\n'}
[0.374325] (base_msgs) StdoutLine: {'line': b'-- Up-to-date: /home/abc/planning_with_ros2/install/base_msgs/share/base_msgs/cmake/base_msgs__rosidl_typesupport_introspection_cppExport-noconfig.cmake\n'}
[0.374412] (base_msgs) StdoutLine: {'line': b'-- Up-to-date: /home/abc/planning_with_ros2/install/base_msgs/share/base_msgs/cmake/base_msgs__rosidl_typesupport_cppExport.cmake\n'}
[0.374470] (base_msgs) StdoutLine: {'line': b'-- Up-to-date: /home/abc/planning_with_ros2/install/base_msgs/share/base_msgs/cmake/base_msgs__rosidl_typesupport_cppExport-noconfig.cmake\n'}
[0.374527] (base_msgs) StdoutLine: {'line': b'-- Up-to-date: /home/abc/planning_with_ros2/install/base_msgs/share/base_msgs/cmake/export_base_msgs__rosidl_generator_pyExport.cmake\n'}
[0.374584] (base_msgs) StdoutLine: {'line': b'-- Up-to-date: /home/abc/planning_with_ros2/install/base_msgs/share/base_msgs/cmake/export_base_msgs__rosidl_generator_pyExport-noconfig.cmake\n'}
[0.374640] (base_msgs) StdoutLine: {'line': b'-- Up-to-date: /home/abc/planning_with_ros2/install/base_msgs/share/base_msgs/cmake/rosidl_cmake-extras.cmake\n'}
[0.374698] (base_msgs) StdoutLine: {'line': b'-- Up-to-date: /home/abc/planning_with_ros2/install/base_msgs/share/base_msgs/cmake/ament_cmake_export_dependencies-extras.cmake\n'}
[0.374754] (base_msgs) StdoutLine: {'line': b'-- Up-to-date: /home/abc/planning_with_ros2/install/base_msgs/share/base_msgs/cmake/ament_cmake_export_include_directories-extras.cmake\n'}
[0.374812] (base_msgs) StdoutLine: {'line': b'-- Up-to-date: /home/abc/planning_with_ros2/install/base_msgs/share/base_msgs/cmake/ament_cmake_export_libraries-extras.cmake\n'}
[0.374869] (base_msgs) StdoutLine: {'line': b'-- Up-to-date: /home/abc/planning_with_ros2/install/base_msgs/share/base_msgs/cmake/ament_cmake_export_targets-extras.cmake\n'}
[0.374934] (base_msgs) StdoutLine: {'line': b'-- Up-to-date: /home/abc/planning_with_ros2/install/base_msgs/share/base_msgs/cmake/rosidl_cmake_export_typesupport_targets-extras.cmake\n'}
[0.375060] (base_msgs) StdoutLine: {'line': b'-- Up-to-date: /home/abc/planning_with_ros2/install/base_msgs/share/base_msgs/cmake/rosidl_cmake_export_typesupport_libraries-extras.cmake\n'}
[0.375117] (base_msgs) StdoutLine: {'line': b'-- Up-to-date: /home/abc/planning_with_ros2/install/base_msgs/share/base_msgs/cmake/base_msgsConfig.cmake\n'}
[0.375174] (base_msgs) StdoutLine: {'line': b'-- Up-to-date: /home/abc/planning_with_ros2/install/base_msgs/share/base_msgs/cmake/base_msgsConfig-version.cmake\n'}
[0.375249] (base_msgs) StdoutLine: {'line': b'-- Up-to-date: /home/abc/planning_with_ros2/install/base_msgs/share/base_msgs/package.xml\n'}
[0.375798] (base_msgs) CommandEnded: {'returncode': 0}
[0.400278] (-) TimerEvent: {}
[0.401719] (base_msgs) JobEnded: {'identifier': 'base_msgs', 'rc': 0}
[0.402873] (data_plot) JobStarted: {'identifier': 'data_plot'}
[0.406706] (planning) JobStarted: {'identifier': 'planning'}
[0.500408] (-) TimerEvent: {}
[0.600656] (-) TimerEvent: {}
[0.686406] (planning) JobProgress: {'identifier': 'planning', 'progress': 'cmake'}
[0.686936] (planning) JobProgress: {'identifier': 'planning', 'progress': 'build'}
[0.687293] (planning) Command: {'cmd': ['/usr/local/bin/cmake', '--build', '/home/abc/planning_with_ros2/build/planning', '--', '-j12', '-l12'], 'cwd': '/home/abc/planning_with_ros2/build/planning', 'env': OrderedDict([('GJS_DEBUG_TOPICS', 'JS ERROR;JS LOG'), ('PYTHON_BASIC_REPL', '1'), ('LESSOPEN', '| /usr/bin/lesspipe %s'), ('LANGUAGE', 'en_US:en'), ('TENSORRT_DIR', '/home/abc/TensorRT-8.6'), ('USER', 'abc'), ('LC_TIME', 'zh_CN.UTF-8'), ('XDG_SESSION_TYPE', 'x11'), ('GIT_ASKPASS', '/usr/share/code/resources/app/extensions/git/dist/askpass.sh'), ('SHLVL', '1'), ('LD_LIBRARY_PATH', '/home/abc/planning_with_ros2/install/base_msgs/lib:/usr/local/cuda-11.8/lib64:/home/abc/planning_with_ros2/install/planning/lib:/usr/local/cuda-11.8/lib64:/home/abc/planning_with_ros2/install/planning/lib:/home/abc/planning_with_ros2/install/planning/lib:/home/abc/perception_with_ros2/install/perception/lib:/home/abc/perception_with_ros2/install/base_msgs_per/lib:/usr/lib/x86_64-linux-gnu/gazebo-11/plugins:/opt/ros/humble/opt/rviz_ogre_vendor/lib:/opt/ros/humble/lib/x86_64-linux-gnu:/opt/ros/humble/lib:/home/abc/TensorRT-8.6/lib:/home/abc/TensorRT-8.6/lib'), ('HOME', '/home/abc'), ('CHROME_DESKTOP', 'code.desktop'), ('TERM_PROGRAM_VERSION', '1.108.2'), ('DESKTOP_SESSION', 'ubuntu'), ('GIO_LAUNCHED_DESKTOP_FILE', '/usr/share/applications/code.desktop'), ('ROS_PYTHON_VERSION', '3'), ('GNOME_SHELL_SESSION_MODE', 'ubuntu'), ('GTK_MODULES', 'gail:atk-bridge'), ('VSCODE_GIT_ASKPASS_MAIN', '/usr/share/code/resources/app/extensions/git/dist/askpass-main.js'), ('LC_MONETARY', 'zh_CN.UTF-8'), ('VSCODE_GIT_ASKPASS_NODE', '/usr/share/code/code'), ('MANAGERPID', '1130'), ('PYDEVD_DISABLE_FILE_VALIDATION', '1'), ('SYSTEMD_EXEC_PID', '1595'), ('BUNDLED_DEBUGPY_PATH', '/home/abc/.vscode/extensions/ms-python.debugpy-2025.18.0-linux-x64/bundled/libs/debugpy'), ('VSCODE_PYTHON_AUTOACTIVATE_GUARD', '1'), ('DBUS_SESSION_BUS_ADDRESS', 'unix:path=/run/user/1000/bus'), ('COLORTERM', 'truecolor'), ('GIO_LAUNCHED_DESKTOP_FILE_PID', '7523'), ('COLCON_PREFIX_PATH', '/home/abc/planning_with_ros2/install:/home/abc/perception_with_ros2/install'), ('ROS_DISTRO', 'humble'), ('GTK_IM_MODULE', 'ibus'), ('LOGNAME', 'abc'), ('JOURNAL_STREAM', '8:6989'), ('_', '/usr/bin/colcon'), ('ROS_VERSION', '2'), ('XDG_SESSION_CLASS', 'user'), ('USERNAME', 'abc'), ('TERM', 'xterm-256color'), ('GNOME_DESKTOP_SESSION_ID', 'this-is-deprecated'), ('ROS2_PLANNING_COURSE_INSTALL', '/home/abc/planning_with_ros2/install'), ('FC_FONTATIONS', '1'), ('ROS_LOCALHOST_ONLY', '0'), ('WINDOWPATH', '2'), ('PATH', '/usr/local/cuda-11.8/bin:/home/abc/.config/Code/User/globalStorage/github.copilot-chat/debugCommand:/home/abc/.config/Code/User/globalStorage/github.copilot-chat/copilotCli:/usr/local/cuda-11.8/bin:/opt/ros/humble/bin:/usr/local/sbin:/usr/local/bin:/usr/sbin:/usr/bin:/sbin:/bin:/usr/games:/usr/local/games:/snap/bin:/snap/bin:/home/abc/.vscode/extensions/ms-python.debugpy-2025.18.0-linux-x64/bundled/scripts/noConfigScripts'), ('SESSION_MANAGER', 'local/abc-G3-3500:@/tmp/.ICE-unix/1554,unix/abc-G3-3500:/tmp/.ICE-unix/1554'), ('INVOCATION_ID', 'f3a9f1252eb845459ae16b5ad8fdee6d'), ('PAPERSIZE', 'a4'), ('XDG_MENU_PREFIX', 'gnome-'), ('LC_ADDRESS', 'zh_CN.UTF-8'), ('XDG_RUNTIME_DIR', '/run/user/1000'), ('GDK_BACKEND', 'x11'), ('DISPLAY', ':0'), ('VSCODE_DEBUGPY_ADAPTER_ENDPOINTS', '/home/abc/.vscode/extensions/ms-python.debugpy-2025.18.0-linux-x64/.noConfigDebugAdapterEndpoints/endpoint-73f3b4a0a422bf73.txt'), ('LANG', 'en_US.UTF-8'), ('XDG_CURRENT_DESKTOP', 'ubuntu:GNOME'), ('PYTHONSTARTUP', '/home/abc/.config/Code/User/workspaceStorage/4efd6db52f1c03b4cb1fb614d5084a17/ms-python.python/pythonrc.py'), ('LC_TELEPHONE', 'zh_CN.UTF-8'), ('XMODIFIERS', '@im=ibus'), ('XDG_SESSION_DESKTOP', 'ubuntu'), ('XAUTHORITY', '/run/user/1000/gdm/Xauthority'), ('LS_COLORS', 'rs=0:di=01;34:ln=01;36:mh=00:pi=40;33:so=01;35:do=01;35:bd=40;33;01:cd=40;33;01:or=40;31;01:mi=00:su=37;41:sg=30;43:ca=30;41:tw=30;42:ow=34;42:st=37;44:ex=01;32:*.tar=01;31:*.tgz=01;31:*.arc=01;31:*.arj=01;31:*.taz=01;31:*.lha=01;31:*.lz4=01;31:*.lzh=01;31:*.lzma=01;31:*.tlz=01;31:*.txz=01;31:*.tzo=01;31:*.t7z=01;31:*.zip=01;31:*.z=01;31:*.dz=01;31:*.gz=01;31:*.lrz=01;31:*.lz=01;31:*.lzo=01;31:*.xz=01;31:*.zst=01;31:*.tzst=01;31:*.bz2=01;31:*.bz=01;31:*.tbz=01;31:*.tbz2=01;31:*.tz=01;31:*.deb=01;31:*.rpm=01;31:*.jar=01;31:*.war=01;31:*.ear=01;31:*.sar=01;31:*.rar=01;31:*.alz=01;31:*.ace=01;31:*.zoo=01;31:*.cpio=01;31:*.7z=01;31:*.rz=01;31:*.cab=01;31:*.wim=01;31:*.swm=01;31:*.dwm=01;31:*.esd=01;31:*.jpg=01;35:*.jpeg=01;35:*.mjpg=01;35:*.mjpeg=01;35:*.gif=01;35:*.bmp=01;35:*.pbm=01;35:*.pgm=01;35:*.ppm=01;35:*.tga=01;35:*.xbm=01;35:*.xpm=01;35:*.tif=01;35:*.tiff=01;35:*.png=01;35:*.svg=01;35:*.svgz=01;35:*.mng=01;35:*.pcx=01;35:*.mov=01;35:*.mpg=01;35:*.mpeg=01;35:*.m2v=01;35:*.mkv=01;35:*.webm=01;35:*.webp=01;35:*.ogm=01;35:*.mp4=01;35:*.m4v=01;35:*.mp4v=01;35:*.vob=01;35:*.qt=01;35:*.nuv=01;35:*.wmv=01;35:*.asf=01;35:*.rm=01;35:*.rmvb=01;35:*.flc=01;35:*.avi=01;35:*.fli=01;35:*.flv=01;35:*.gl=01;35:*.dl=01;35:*.xcf=01;35:*.xwd=01;35:*.yuv=01;35:*.cgm=01;35:*.emf=01;35:*.ogv=01;35:*.ogx=01;35:*.aac=00;36:*.au=00;36:*.flac=00;36:*.m4a=00;36:*.mid=00;36:*.midi=00;36:*.mka=00;36:*.mp3=00;36:*.mpc=00;36:*.ogg=00;36:*.ra=00;36:*.wav=00;36:*.oga=00;36:*.opus=00;36:*.spx=00;36:*.xspf=00;36:'), ('VSCODE_GIT_IPC_HANDLE', '/run/user/1000/vscode-git-c59a044dc2.sock'), ('TERM_PROGRAM', 'vscode'), ('SSH_AGENT_LAUNCHER', 'gnome-keyring'), ('SSH_AUTH_SOCK', '/run/user/1000/keyring/ssh'), ('ROS_DOMAIN_ID', '2'), ('AMENT_PREFIX_PATH', '/home/abc/planning_with_ros2/install/planning:/home/abc/planning_with_ros2/install/data_plot:/home/abc/planning_with_ros2/install/base_msgs:/home/abc/perception_with_ros2/install/perception:/home/abc/perception_with_ros2/install/data_plot_per:/home/abc/perception_with_ros2/install/base_msgs_per:/opt/ros/humble'), ('SHELL', '/bin/bash'), ('LC_NAME', 'zh_CN.UTF-8'), ('QT_ACCESSIBILITY', '1'), ('GDMSESSION', 'ubuntu'), ('LESSCLOSE', '/usr/bin/lesspipe %s %s'), ('LC_MEASUREMENT', 'zh_CN.UTF-8'), ('GPG_AGENT_INFO', '/run/user/1000/gnupg/S.gpg-agent:0:1'), ('GJS_DEBUG_OUTPUT', 'stderr'), ('LC_IDENTIFICATION', 'zh_CN.UTF-8'), ('VSCODE_GIT_ASKPASS_EXTRA_ARGS', ''), ('QT_IM_MODULE', 'ibus'), ('PWD', '/home/abc/planning_with_ros2/build/planning'), ('LC_ALL', 'en_US.UTF-8'), ('XDG_CONFIG_DIRS', '/etc/xdg/xdg-ubuntu:/etc/xdg'), ('XDG_DATA_DIRS', '/usr/share/ubuntu:/usr/share/gnome:/usr/local/share/:/usr/share/:/var/lib/snapd/desktop'), ('PYTHONPATH', '/home/abc/planning_with_ros2/install/data_plot/lib/python3.10/site-packages:/home/abc/planning_with_ros2/install/base_msgs/local/lib/python3.10/dist-packages:/home/abc/perception_with_ros2/install/data_plot_per/lib/python3.10/site-packages:/home/abc/perception_with_ros2/install/base_msgs_per/local/lib/python3.10/dist-packages:/opt/ros/humble/lib/python3.10/site-packages:/opt/ros/humble/local/lib/python3.10/dist-packages'), ('LC_NUMERIC', 'zh_CN.UTF-8'), ('LC_PAPER', 'zh_CN.UTF-8'), ('COLCON', '1'), ('CMAKE_PREFIX_PATH', '/home/abc/planning_with_ros2/install/base_msgs:/home/abc/planning_with_ros2/install/planning:/home/abc/perception_with_ros2/install/perception:/home/abc/perception_with_ros2/install/base_msgs_per:/home/abc/planning_with_ros2/install/data_plot:/home/abc/perception_with_ros2/install/data_plot_per:/opt/ros/humble')]), 'shell': False}
[0.700775] (-) TimerEvent: {}
[0.710774] (planning) StdoutLine: {'line': b'[  5%] Built target config_reader\n'}
[0.713303] (planning) StdoutLine: {'line': b'[ 15%] Built target osqp_test\n'}
[0.713516] (planning) StdoutLine: {'line': b'[ 15%] Built target newton_test\n'}
[0.713643] (planning) StdoutLine: {'line': b'[ 23%] Built target mathlibs\n'}
[0.724499] (planning) StdoutLine: {'line': b'[ 28%] Built target global_planner\n'}
[0.724730] (planning) StdoutLine: {'line': b'[ 35%] Built target pnc_map_creator\n'}
[0.727230] (planning) StdoutLine: {'line': b'[ 43%] Built target vehicle_info\n'}
[0.729558] (planning) StdoutLine: {'line': b'[ 51%] Built target reference_line\n'}
[0.736896] (planning) StdoutLine: {'line': b'[ 56%] Built target global_path_server\n'}
[0.737230] (planning) StdoutLine: {'line': b'[ 61%] Built target pnc_map_server\n'}
[0.740736] (planning) StdoutLine: {'line': b'[ 66%] Built target car_move_cmd\n'}
[0.741670] (planning) StdoutLine: {'line': b'[ 74%] Built target obs_move_cmd\n'}
[0.741761] (planning) StdoutLine: {'line': b'[ 74%] \x1b[32mBuilding CXX object src/decision_center/CMakeFiles/decision_center.dir/decision_center.cpp.o\x1b[0m\n'}
[0.800854] (-) TimerEvent: {}
[0.901075] (-) TimerEvent: {}
[1.001287] (-) TimerEvent: {}
[1.036546] (data_plot) Command: {'cmd': ['/usr/bin/python3', '-W', 'ignore:setup.py install is deprecated', '-W', 'ignore:easy_install command is deprecated', 'setup.py', 'egg_info', '--egg-base', '../../build/data_plot', 'build', '--build-base', '/home/abc/planning_with_ros2/build/data_plot/build', 'install', '--record', '/home/abc/planning_with_ros2/build/data_plot/install.log', '--single-version-externally-managed', 'install_data'], 'cwd': '/home/abc/planning_with_ros2/src/data_plot', 'env': {'GJS_DEBUG_TOPICS': 'JS ERROR;JS LOG', 'PYTHON_BASIC_REPL': '1', 'LESSOPEN': '| /usr/bin/lesspipe %s', 'LANGUAGE': 'en_US:en', 'TENSORRT_DIR': '/home/abc/TensorRT-8.6', 'USER': 'abc', 'LC_TIME': 'zh_CN.UTF-8', 'XDG_SESSION_TYPE': 'x11', 'GIT_ASKPASS': '/usr/share/code/resources/app/extensions/git/dist/askpass.sh', 'SHLVL': '1', 'LD_LIBRARY_PATH': '/home/abc/planning_with_ros2/install/base_msgs/lib:/usr/local/cuda-11.8/lib64:/home/abc/planning_with_ros2/install/planning/lib:/usr/local/cuda-11.8/lib64:/home/abc/planning_with_ros2/install/planning/lib:/home/abc/planning_with_ros2/install/planning/lib:/home/abc/perception_with_ros2/install/perception/lib:/home/abc/perception_with_ros2/install/base_msgs_per/lib:/usr/lib/x86_64-linux-gnu/gazebo-11/plugins:/opt/ros/humble/opt/rviz_ogre_vendor/lib:/opt/ros/humble/lib/x86_64-linux-gnu:/opt/ros/humble/lib:/home/abc/TensorRT-8.6/lib:/home/abc/TensorRT-8.6/lib', 'HOME': '/home/abc', 'CHROME_DESKTOP': 'code.desktop', 'TERM_PROGRAM_VERSION': '1.108.2', 'DESKTOP_SESSION': 'ubuntu', 'GIO_LAUNCHED_DESKTOP_FILE': '/usr/share/applications/code.desktop', 'ROS_PYTHON_VERSION': '3', 'GNOME_SHELL_SESSION_MODE': 'ubuntu', 'GTK_MODULES': 'gail:atk-bridge', 'VSCODE_GIT_ASKPASS_MAIN': '/usr/share/code/resources/app/extensions/git/dist/askpass-main.js', 'LC_MONETARY': 'zh_CN.UTF-8', 'VSCODE_GIT_ASKPASS_NODE': '/usr/share/code/code', 'MANAGERPID': '1130', 'PYDEVD_DISABLE_FILE_VALIDATION': '1', 'SYSTEMD_EXEC_PID': '1595', 'BUNDLED_DEBUGPY_PATH': '/home/abc/.vscode/extensions/ms-python.debugpy-2025.18.0-linux-x64/bundled/libs/debugpy', 'VSCODE_PYTHON_AUTOACTIVATE_GUARD': '1', 'DBUS_SESSION_BUS_ADDRESS': 'unix:path=/run/user/1000/bus', 'COLORTERM': 'truecolor', 'GIO_LAUNCHED_DESKTOP_FILE_PID': '7523', 'COLCON_PREFIX_PATH': '/home/abc/planning_with_ros2/install:/home/abc/perception_with_ros2/install', 'ROS_DISTRO': 'humble', 'GTK_IM_MODULE': 'ibus', 'LOGNAME': 'abc', 'JOURNAL_STREAM': '8:6989', '_': '/usr/bin/colcon', 'ROS_VERSION': '2', 'XDG_SESSION_CLASS': 'user', 'USERNAME': 'abc', 'TERM': 'xterm-256color', 'GNOME_DESKTOP_SESSION_ID': 'this-is-deprecated', 'ROS2_PLANNING_COURSE_INSTALL': '/home/abc/planning_with_ros2/install', 'FC_FONTATIONS': '1', 'ROS_LOCALHOST_ONLY': '0', 'WINDOWPATH': '2', 'PATH': '/usr/local/cuda-11.8/bin:/home/abc/.config/Code/User/globalStorage/github.copilot-chat/debugCommand:/home/abc/.config/Code/User/globalStorage/github.copilot-chat/copilotCli:/usr/local/cuda-11.8/bin:/opt/ros/humble/bin:/usr/local/sbin:/usr/local/bin:/usr/sbin:/usr/bin:/sbin:/bin:/usr/games:/usr/local/games:/snap/bin:/snap/bin:/home/abc/.vscode/extensions/ms-python.debugpy-2025.18.0-linux-x64/bundled/scripts/noConfigScripts', 'SESSION_MANAGER': 'local/abc-G3-3500:@/tmp/.ICE-unix/1554,unix/abc-G3-3500:/tmp/.ICE-unix/1554', 'INVOCATION_ID': 'f3a9f1252eb845459ae16b5ad8fdee6d', 'PAPERSIZE': 'a4', 'XDG_MENU_PREFIX': 'gnome-', 'LC_ADDRESS': 'zh_CN.UTF-8', 'XDG_RUNTIME_DIR': '/run/user/1000', 'GDK_BACKEND': 'x11', 'DISPLAY': ':0', 'VSCODE_DEBUGPY_ADAPTER_ENDPOINTS': '/home/abc/.vscode/extensions/ms-python.debugpy-2025.18.0-linux-x64/.noConfigDebugAdapterEndpoints/endpoint-73f3b4a0a422bf73.txt', 'LANG': 'en_US.UTF-8', 'XDG_CURRENT_DESKTOP': 'ubuntu:GNOME', 'PYTHONSTARTUP': '/home/abc/.config/Code/User/workspaceStorage/4efd6db52f1c03b4cb1fb614d5084a17/ms-python.python/pythonrc.py', 'LC_TELEPHONE': 'zh_CN.UTF-8', 'XMODIFIERS': '@im=ibus', 'XDG_SESSION_DESKTOP': 'ubuntu', 'XAUTHORITY': '/run/user/1000/gdm/Xauthority', 'LS_COLORS': 'rs=0:di=01;34:ln=01;36:mh=00:pi=40;33:so=01;35:do=01;35:bd=40;33;01:cd=40;33;01:or=40;31;01:mi=00:su=37;41:sg=30;43:ca=30;41:tw=30;42:ow=34;42:st=37;44:ex=01;32:*.tar=01;31:*.tgz=01;31:*.arc=01;31:*.arj=01;31:*.taz=01;31:*.lha=01;31:*.lz4=01;31:*.lzh=01;31:*.lzma=01;31:*.tlz=01;31:*.txz=01;31:*.tzo=01;31:*.t7z=01;31:*.zip=01;31:*.z=01;31:*.dz=01;31:*.gz=01;31:*.lrz=01;31:*.lz=01;31:*.lzo=01;31:*.xz=01;31:*.zst=01;31:*.tzst=01;31:*.bz2=01;31:*.bz=01;31:*.tbz=01;31:*.tbz2=01;31:*.tz=01;31:*.deb=01;31:*.rpm=01;31:*.jar=01;31:*.war=01;31:*.ear=01;31:*.sar=01;31:*.rar=01;31:*.alz=01;31:*.ace=01;31:*.zoo=01;31:*.cpio=01;31:*.7z=01;31:*.rz=01;31:*.cab=01;31:*.wim=01;31:*.swm=01;31:*.dwm=01;31:*.esd=01;31:*.jpg=01;35:*.jpeg=01;35:*.mjpg=01;35:*.mjpeg=01;35:*.gif=01;35:*.bmp=01;35:*.pbm=01;35:*.pgm=01;35:*.ppm=01;35:*.tga=01;35:*.xbm=01;35:*.xpm=01;35:*.tif=01;35:*.tiff=01;35:*.png=01;35:*.svg=01;35:*.svgz=01;35:*.mng=01;35:*.pcx=01;35:*.mov=01;35:*.mpg=01;35:*.mpeg=01;35:*.m2v=01;35:*.mkv=01;35:*.webm=01;35:*.webp=01;35:*.ogm=01;35:*.mp4=01;35:*.m4v=01;35:*.mp4v=01;35:*.vob=01;35:*.qt=01;35:*.nuv=01;35:*.wmv=01;35:*.asf=01;35:*.rm=01;35:*.rmvb=01;35:*.flc=01;35:*.avi=01;35:*.fli=01;35:*.flv=01;35:*.gl=01;35:*.dl=01;35:*.xcf=01;35:*.xwd=01;35:*.yuv=01;35:*.cgm=01;35:*.emf=01;35:*.ogv=01;35:*.ogx=01;35:*.aac=00;36:*.au=00;36:*.flac=00;36:*.m4a=00;36:*.mid=00;36:*.midi=00;36:*.mka=00;36:*.mp3=00;36:*.mpc=00;36:*.ogg=00;36:*.ra=00;36:*.wav=00;36:*.oga=00;36:*.opus=00;36:*.spx=00;36:*.xspf=00;36:', 'VSCODE_GIT_IPC_HANDLE': '/run/user/1000/vscode-git-c59a044dc2.sock', 'TERM_PROGRAM': 'vscode', 'SSH_AGENT_LAUNCHER': 'gnome-keyring', 'SSH_AUTH_SOCK': '/run/user/1000/keyring/ssh', 'ROS_DOMAIN_ID': '2', 'AMENT_PREFIX_PATH': '/home/abc/planning_with_ros2/install/planning:/home/abc/planning_with_ros2/install/data_plot:/home/abc/planning_with_ros2/install/base_msgs:/home/abc/perception_with_ros2/install/perception:/home/abc/perception_with_ros2/install/data_plot_per:/home/abc/perception_with_ros2/install/base_msgs_per:/opt/ros/humble', 'SHELL': '/bin/bash', 'LC_NAME': 'zh_CN.UTF-8', 'QT_ACCESSIBILITY': '1', 'GDMSESSION': 'ubuntu', 'LESSCLOSE': '/usr/bin/lesspipe %s %s', 'LC_MEASUREMENT': 'zh_CN.UTF-8', 'GPG_AGENT_INFO': '/run/user/1000/gnupg/S.gpg-agent:0:1', 'GJS_DEBUG_OUTPUT': 'stderr', 'LC_IDENTIFICATION': 'zh_CN.UTF-8', 'VSCODE_GIT_ASKPASS_EXTRA_ARGS': '', 'QT_IM_MODULE': 'ibus', 'PWD': '/home/abc/planning_with_ros2/build/data_plot', 'LC_ALL': 'en_US.UTF-8', 'XDG_CONFIG_DIRS': '/etc/xdg/xdg-ubuntu:/etc/xdg', 'XDG_DATA_DIRS': '/usr/share/ubuntu:/usr/share/gnome:/usr/local/share/:/usr/share/:/var/lib/snapd/desktop', 'PYTHONPATH': '/home/abc/planning_with_ros2/build/data_plot/prefix_override:/usr/lib/python3/dist-packages/colcon_core/task/python/colcon_distutils_commands:/home/abc/planning_with_ros2/install/data_plot/lib/python3.10/site-packages:/home/abc/planning_with_ros2/install/data_plot/lib/python3.10/site-packages:/home/abc/planning_with_ros2/install/base_msgs/local/lib/python3.10/dist-packages:/home/abc/perception_with_ros2/install/data_plot_per/lib/python3.10/site-packages:/home/abc/perception_with_ros2/install/base_msgs_per/local/lib/python3.10/dist-packages:/opt/ros/humble/lib/python3.10/site-packages:/opt/ros/humble/local/lib/python3.10/dist-packages', 'LC_NUMERIC': 'zh_CN.UTF-8', 'LC_PAPER': 'zh_CN.UTF-8', 'COLCON': '1', 'CMAKE_PREFIX_PATH': '/home/abc/planning_with_ros2/install/base_msgs:/home/abc/planning_with_ros2/install/planning:/home/abc/perception_with_ros2/install/perception:/home/abc/perception_with_ros2/install/base_msgs_per'}, 'shell': False}
[1.101389] (-) TimerEvent: {}
[1.201665] (-) TimerEvent: {}
[1.266952] (data_plot) StdoutLine: {'line': b'running egg_info\n'}
[1.267635] (data_plot) StdoutLine: {'line': b'writing ../../build/data_plot/data_plot.egg-info/PKG-INFO\n'}
[1.267867] (data_plot) StdoutLine: {'line': b'writing dependency_links to ../../build/data_plot/data_plot.egg-info/dependency_links.txt\n'}
[1.268034] (data_plot) StdoutLine: {'line': b'writing entry points to ../../build/data_plot/data_plot.egg-info/entry_points.txt\n'}
[1.268179] (data_plot) StdoutLine: {'line': b'writing requirements to ../../build/data_plot/data_plot.egg-info/requires.txt\n'}
[1.268314] (data_plot) StdoutLine: {'line': b'writing top-level names to ../../build/data_plot/data_plot.egg-info/top_level.txt\n'}
[1.270652] (data_plot) StdoutLine: {'line': b"reading manifest file '../../build/data_plot/data_plot.egg-info/SOURCES.txt'\n"}
[1.271448] (data_plot) StdoutLine: {'line': b"writing manifest file '../../build/data_plot/data_plot.egg-info/SOURCES.txt'\n"}
[1.271594] (data_plot) StdoutLine: {'line': b'running build\n'}
[1.271671] (data_plot) StdoutLine: {'line': b'running build_py\n'}
[1.271766] (data_plot) StdoutLine: {'line': b'running install\n'}
[1.272063] (data_plot) StdoutLine: {'line': b'running install_lib\n'}
[1.273005] (data_plot) StdoutLine: {'line': b'running install_data\n'}
[1.273108] (data_plot) StdoutLine: {'line': b'running install_egg_info\n'}
[1.274724] (data_plot) StdoutLine: {'line': b"removing '/home/abc/planning_with_ros2/install/data_plot/lib/python3.10/site-packages/data_plot-0.0.0-py3.10.egg-info' (and everything under it)\n"}
[1.275045] (data_plot) StdoutLine: {'line': b'Copying ../../build/data_plot/data_plot.egg-info to /home/abc/planning_with_ros2/install/data_plot/lib/python3.10/site-packages/data_plot-0.0.0-py3.10.egg-info\n'}
[1.275798] (data_plot) StdoutLine: {'line': b'running install_scripts\n'}
[1.294228] (data_plot) StdoutLine: {'line': b'Installing data_plot script to /home/abc/planning_with_ros2/install/data_plot/lib/data_plot\n'}
[1.294589] (data_plot) StdoutLine: {'line': b"writing list of installed files to '/home/abc/planning_with_ros2/build/data_plot/install.log'\n"}
[1.301764] (-) TimerEvent: {}
[1.314997] (data_plot) CommandEnded: {'returncode': 0}
[1.320836] (data_plot) JobEnded: {'identifier': 'data_plot', 'rc': 0}
[1.401877] (-) TimerEvent: {}
[1.502092] (-) TimerEvent: {}
[1.602308] (-) TimerEvent: {}
[1.702556] (-) TimerEvent: {}
[1.802808] (-) TimerEvent: {}
[1.903010] (-) TimerEvent: {}
[2.003225] (-) TimerEvent: {}
[2.103443] (-) TimerEvent: {}
[2.203689] (-) TimerEvent: {}
[2.303905] (-) TimerEvent: {}
[2.404131] (-) TimerEvent: {}
[2.504348] (-) TimerEvent: {}
[2.604568] (-) TimerEvent: {}
[2.704804] (-) TimerEvent: {}
[2.805042] (-) TimerEvent: {}
[2.905300] (-) TimerEvent: {}
[3.005581] (-) TimerEvent: {}
[3.105807] (-) TimerEvent: {}
[3.206033] (-) TimerEvent: {}
[3.306247] (-) TimerEvent: {}
[3.406463] (-) TimerEvent: {}
[3.506680] (-) TimerEvent: {}
[3.606902] (-) TimerEvent: {}
[3.707125] (-) TimerEvent: {}
[3.795494] (planning) StdoutLine: {'line': b'[ 76%] \x1b[32m\x1b[1mLinking CXX shared library libdecision_center.so\x1b[0m\n'}
[3.807209] (-) TimerEvent: {}
[3.895397] (planning) StdoutLine: {'line': b'[ 76%] Built target decision_center\n'}
[3.907283] (-) TimerEvent: {}
[3.913113] (planning) StdoutLine: {'line': b'[ 79%] \x1b[32m\x1b[1mLinking CXX shared library liblocal_planner.so\x1b[0m\n'}
[4.007372] (-) TimerEvent: {}
[4.104886] (planning) StdoutLine: {'line': b'[ 92%] Built target local_planner\n'}
[4.107473] (-) TimerEvent: {}
[4.122626] (planning) StdoutLine: {'line': b'[ 94%] \x1b[32m\x1b[1mLinking CXX executable planning_process\x1b[0m\n'}
[4.207567] (-) TimerEvent: {}
[4.307837] (-) TimerEvent: {}
[4.408090] (-) TimerEvent: {}
[4.508352] (-) TimerEvent: {}
[4.608607] (-) TimerEvent: {}
[4.708865] (-) TimerEvent: {}
[4.730310] (planning) StdoutLine: {'line': b'[100%] Built target planning_process\n'}
[4.733896] (planning) CommandEnded: {'returncode': 0}
[4.734735] (planning) JobProgress: {'identifier': 'planning', 'progress': 'install'}
[4.735493] (planning) Command: {'cmd': ['/usr/local/bin/cmake', '--install', '/home/abc/planning_with_ros2/build/planning'], 'cwd': '/home/abc/planning_with_ros2/build/planning', 'env': OrderedDict([('GJS_DEBUG_TOPICS', 'JS ERROR;JS LOG'), ('PYTHON_BASIC_REPL', '1'), ('LESSOPEN', '| /usr/bin/lesspipe %s'), ('LANGUAGE', 'en_US:en'), ('TENSORRT_DIR', '/home/abc/TensorRT-8.6'), ('USER', 'abc'), ('LC_TIME', 'zh_CN.UTF-8'), ('XDG_SESSION_TYPE', 'x11'), ('GIT_ASKPASS', '/usr/share/code/resources/app/extensions/git/dist/askpass.sh'), ('SHLVL', '1'), ('LD_LIBRARY_PATH', '/home/abc/planning_with_ros2/install/base_msgs/lib:/usr/local/cuda-11.8/lib64:/home/abc/planning_with_ros2/install/planning/lib:/usr/local/cuda-11.8/lib64:/home/abc/planning_with_ros2/install/planning/lib:/home/abc/planning_with_ros2/install/planning/lib:/home/abc/perception_with_ros2/install/perception/lib:/home/abc/perception_with_ros2/install/base_msgs_per/lib:/usr/lib/x86_64-linux-gnu/gazebo-11/plugins:/opt/ros/humble/opt/rviz_ogre_vendor/lib:/opt/ros/humble/lib/x86_64-linux-gnu:/opt/ros/humble/lib:/home/abc/TensorRT-8.6/lib:/home/abc/TensorRT-8.6/lib'), ('HOME', '/home/abc'), ('CHROME_DESKTOP', 'code.desktop'), ('TERM_PROGRAM_VERSION', '1.108.2'), ('DESKTOP_SESSION', 'ubuntu'), ('GIO_LAUNCHED_DESKTOP_FILE', '/usr/share/applications/code.desktop'), ('ROS_PYTHON_VERSION', '3'), ('GNOME_SHELL_SESSION_MODE', 'ubuntu'), ('GTK_MODULES', 'gail:atk-bridge'), ('VSCODE_GIT_ASKPASS_MAIN', '/usr/share/code/resources/app/extensions/git/dist/askpass-main.js'), ('LC_MONETARY', 'zh_CN.UTF-8'), ('VSCODE_GIT_ASKPASS_NODE', '/usr/share/code/code'), ('MANAGERPID', '1130'), ('PYDEVD_DISABLE_FILE_VALIDATION', '1'), ('SYSTEMD_EXEC_PID', '1595'), ('BUNDLED_DEBUGPY_PATH', '/home/abc/.vscode/extensions/ms-python.debugpy-2025.18.0-linux-x64/bundled/libs/debugpy'), ('VSCODE_PYTHON_AUTOACTIVATE_GUARD', '1'), ('DBUS_SESSION_BUS_ADDRESS', 'unix:path=/run/user/1000/bus'), ('COLORTERM', 'truecolor'), ('GIO_LAUNCHED_DESKTOP_FILE_PID', '7523'), ('COLCON_PREFIX_PATH', '/home/abc/planning_with_ros2/install:/home/abc/perception_with_ros2/install'), ('ROS_DISTRO', 'humble'), ('GTK_IM_MODULE', 'ibus'), ('LOGNAME', 'abc'), ('JOURNAL_STREAM', '8:6989'), ('_', '/usr/bin/colcon'), ('ROS_VERSION', '2'), ('XDG_SESSION_CLASS', 'user'), ('USERNAME', 'abc'), ('TERM', 'xterm-256color'), ('GNOME_DESKTOP_SESSION_ID', 'this-is-deprecated'), ('ROS2_PLANNING_COURSE_INSTALL', '/home/abc/planning_with_ros2/install'), ('FC_FONTATIONS', '1'), ('ROS_LOCALHOST_ONLY', '0'), ('WINDOWPATH', '2'), ('PATH', '/usr/local/cuda-11.8/bin:/home/abc/.config/Code/User/globalStorage/github.copilot-chat/debugCommand:/home/abc/.config/Code/User/globalStorage/github.copilot-chat/copilotCli:/usr/local/cuda-11.8/bin:/opt/ros/humble/bin:/usr/local/sbin:/usr/local/bin:/usr/sbin:/usr/bin:/sbin:/bin:/usr/games:/usr/local/games:/snap/bin:/snap/bin:/home/abc/.vscode/extensions/ms-python.debugpy-2025.18.0-linux-x64/bundled/scripts/noConfigScripts'), ('SESSION_MANAGER', 'local/abc-G3-3500:@/tmp/.ICE-unix/1554,unix/abc-G3-3500:/tmp/.ICE-unix/1554'), ('INVOCATION_ID', 'f3a9f1252eb845459ae16b5ad8fdee6d'), ('PAPERSIZE', 'a4'), ('XDG_MENU_PREFIX', 'gnome-'), ('LC_ADDRESS', 'zh_CN.UTF-8'), ('XDG_RUNTIME_DIR', '/run/user/1000'), ('GDK_BACKEND', 'x11'), ('DISPLAY', ':0'), ('VSCODE_DEBUGPY_ADAPTER_ENDPOINTS', '/home/abc/.vscode/extensions/ms-python.debugpy-2025.18.0-linux-x64/.noConfigDebugAdapterEndpoints/endpoint-73f3b4a0a422bf73.txt'), ('LANG', 'en_US.UTF-8'), ('XDG_CURRENT_DESKTOP', 'ubuntu:GNOME'), ('PYTHONSTARTUP', '/home/abc/.config/Code/User/workspaceStorage/4efd6db52f1c03b4cb1fb614d5084a17/ms-python.python/pythonrc.py'), ('LC_TELEPHONE', 'zh_CN.UTF-8'), ('XMODIFIERS', '@im=ibus'), ('XDG_SESSION_DESKTOP', 'ubuntu'), ('XAUTHORITY', '/run/user/1000/gdm/Xauthority'), ('LS_COLORS', 'rs=0:di=01;34:ln=01;36:mh=00:pi=40;33:so=01;35:do=01;35:bd=40;33;01:cd=40;33;01:or=40;31;01:mi=00:su=37;41:sg=30;43:ca=30;41:tw=30;42:ow=34;42:st=37;44:ex=01;32:*.tar=01;31:*.tgz=01;31:*.arc=01;31:*.arj=01;31:*.taz=01;31:*.lha=01;31:*.lz4=01;31:*.lzh=01;31:*.lzma=01;31:*.tlz=01;31:*.txz=01;31:*.tzo=01;31:*.t7z=01;31:*.zip=01;31:*.z=01;31:*.dz=01;31:*.gz=01;31:*.lrz=01;31:*.lz=01;31:*.lzo=01;31:*.xz=01;31:*.zst=01;31:*.tzst=01;31:*.bz2=01;31:*.bz=01;31:*.tbz=01;31:*.tbz2=01;31:*.tz=01;31:*.deb=01;31:*.rpm=01;31:*.jar=01;31:*.war=01;31:*.ear=01;31:*.sar=01;31:*.rar=01;31:*.alz=01;31:*.ace=01;31:*.zoo=01;31:*.cpio=01;31:*.7z=01;31:*.rz=01;31:*.cab=01;31:*.wim=01;31:*.swm=01;31:*.dwm=01;31:*.esd=01;31:*.jpg=01;35:*.jpeg=01;35:*.mjpg=01;35:*.mjpeg=01;35:*.gif=01;35:*.bmp=01;35:*.pbm=01;35:*.pgm=01;35:*.ppm=01;35:*.tga=01;35:*.xbm=01;35:*.xpm=01;35:*.tif=01;35:*.tiff=01;35:*.png=01;35:*.svg=01;35:*.svgz=01;35:*.mng=01;35:*.pcx=01;35:*.mov=01;35:*.mpg=01;35:*.mpeg=01;35:*.m2v=01;35:*.mkv=01;35:*.webm=01;35:*.webp=01;35:*.ogm=01;35:*.mp4=01;35:*.m4v=01;35:*.mp4v=01;35:*.vob=01;35:*.qt=01;35:*.nuv=01;35:*.wmv=01;35:*.asf=01;35:*.rm=01;35:*.rmvb=01;35:*.flc=01;35:*.avi=01;35:*.fli=01;35:*.flv=01;35:*.gl=01;35:*.dl=01;35:*.xcf=01;35:*.xwd=01;35:*.yuv=01;35:*.cgm=01;35:*.emf=01;35:*.ogv=01;35:*.ogx=01;35:*.aac=00;36:*.au=00;36:*.flac=00;36:*.m4a=00;36:*.mid=00;36:*.midi=00;36:*.mka=00;36:*.mp3=00;36:*.mpc=00;36:*.ogg=00;36:*.ra=00;36:*.wav=00;36:*.oga=00;36:*.opus=00;36:*.spx=00;36:*.xspf=00;36:'), ('VSCODE_GIT_IPC_HANDLE', '/run/user/1000/vscode-git-c59a044dc2.sock'), ('TERM_PROGRAM', 'vscode'), ('SSH_AGENT_LAUNCHER', 'gnome-keyring'), ('SSH_AUTH_SOCK', '/run/user/1000/keyring/ssh'), ('ROS_DOMAIN_ID', '2'), ('AMENT_PREFIX_PATH', '/home/abc/planning_with_ros2/install/planning:/home/abc/planning_with_ros2/install/data_plot:/home/abc/planning_with_ros2/install/base_msgs:/home/abc/perception_with_ros2/install/perception:/home/abc/perception_with_ros2/install/data_plot_per:/home/abc/perception_with_ros2/install/base_msgs_per:/opt/ros/humble'), ('SHELL', '/bin/bash'), ('LC_NAME', 'zh_CN.UTF-8'), ('QT_ACCESSIBILITY', '1'), ('GDMSESSION', 'ubuntu'), ('LESSCLOSE', '/usr/bin/lesspipe %s %s'), ('LC_MEASUREMENT', 'zh_CN.UTF-8'), ('GPG_AGENT_INFO', '/run/user/1000/gnupg/S.gpg-agent:0:1'), ('GJS_DEBUG_OUTPUT', 'stderr'), ('LC_IDENTIFICATION', 'zh_CN.UTF-8'), ('VSCODE_GIT_ASKPASS_EXTRA_ARGS', ''), ('QT_IM_MODULE', 'ibus'), ('PWD', '/home/abc/planning_with_ros2/build/planning'), ('LC_ALL', 'en_US.UTF-8'), ('XDG_CONFIG_DIRS', '/etc/xdg/xdg-ubuntu:/etc/xdg'), ('XDG_DATA_DIRS', '/usr/share/ubuntu:/usr/share/gnome:/usr/local/share/:/usr/share/:/var/lib/snapd/desktop'), ('PYTHONPATH', '/home/abc/planning_with_ros2/install/data_plot/lib/python3.10/site-packages:/home/abc/planning_with_ros2/install/base_msgs/local/lib/python3.10/dist-packages:/home/abc/perception_with_ros2/install/data_plot_per/lib/python3.10/site-packages:/home/abc/perception_with_ros2/install/base_msgs_per/local/lib/python3.10/dist-packages:/opt/ros/humble/lib/python3.10/site-packages:/opt/ros/humble/local/lib/python3.10/dist-packages'), ('LC_NUMERIC', 'zh_CN.UTF-8'), ('LC_PAPER', 'zh_CN.UTF-8'), ('COLCON', '1'), ('CMAKE_PREFIX_PATH', '/home/abc/planning_with_ros2/install/base_msgs:/home/abc/planning_with_ros2/install/planning:/home/abc/perception_with_ros2/install/perception:/home/abc/perception_with_ros2/install/base_msgs_per:/home/abc/planning_with_ros2/install/data_plot:/home/abc/perception_with_ros2/install/data_plot_per:/opt/ros/humble')]), 'shell': False}
[4.737287] (planning) StdoutLine: {'line': b'-- Install configuration: ""\n'}
[4.737625] (planning) StdoutLine: {'line': b'-- Up-to-date: /home/abc/planning_with_ros2/install/planning/lib/libconfig_reader.so\n'}
[4.737855] (planning) StdoutLine: {'line': b'-- Up-to-date: /home/abc/planning_with_ros2/install/planning/lib/libmathlibs.so\n'}
[4.738262] (planning) StdoutLine: {'line': b'-- Installing: /home/abc/planning_with_ros2/install/planning/lib/libdecision_center.so\n'}
[4.738731] (planning) StdoutLine: {'line': b'-- Set non-toolchain portion of runtime path of "/home/abc/planning_with_ros2/install/planning/lib/libdecision_center.so" to ""\n'}
[4.739040] (planning) StdoutLine: {'line': b'-- Up-to-date: /home/abc/planning_with_ros2/install/planning/lib/libpnc_map_creator.so\n'}
[4.739262] (planning) StdoutLine: {'line': b'-- Up-to-date: /home/abc/planning_with_ros2/install/planning/lib/planning/pnc_map_server\n'}
[4.739665] (planning) StdoutLine: {'line': b'-- Up-to-date: /home/abc/planning_with_ros2/install/planning/lib/libglobal_planner.so\n'}
[4.739889] (planning) StdoutLine: {'line': b'-- Up-to-date: /home/abc/planning_with_ros2/install/planning/lib/planning/global_path_server\n'}
[4.740284] (planning) StdoutLine: {'line': b'-- Installing: /home/abc/planning_with_ros2/install/planning/lib/liblocal_planner.so\n'}
[4.740872] (planning) StdoutLine: {'line': b'-- Set non-toolchain portion of runtime path of "/home/abc/planning_with_ros2/install/planning/lib/liblocal_planner.so" to ""\n'}
[4.741156] (planning) StdoutLine: {'line': b'-- Up-to-date: /home/abc/planning_with_ros2/install/planning/lib/libreference_line.so\n'}
[4.741532] (planning) StdoutLine: {'line': b'-- Up-to-date: /home/abc/planning_with_ros2/install/planning/lib/planning/osqp_test\n'}
[4.741747] (planning) StdoutLine: {'line': b'-- Up-to-date: /home/abc/planning_with_ros2/install/planning/lib/planning/newton_test\n'}
[4.742139] (planning) StdoutLine: {'line': b'-- Up-to-date: /home/abc/planning_with_ros2/install/planning/lib/libvehicle_info.so\n'}
[4.742509] (planning) StdoutLine: {'line': b'-- Installing: /home/abc/planning_with_ros2/install/planning/lib/planning/planning_process\n'}
[4.746903] (planning) StdoutLine: {'line': b'-- Set non-toolchain portion of runtime path of "/home/abc/planning_with_ros2/install/planning/lib/planning/planning_process" to ""\n'}
[4.747227] (planning) StdoutLine: {'line': b'-- Up-to-date: /home/abc/planning_with_ros2/install/planning/lib/planning/car_move_cmd\n'}
[4.747389] (planning) StdoutLine: {'line': b'-- Up-to-date: /home/abc/planning_with_ros2/install/planning/lib/planning/obs_move_cmd\n'}
[4.747547] (planning) StdoutLine: {'line': b'-- Up-to-date: /home/abc/planning_with_ros2/install/planning/share/planning/config\n'}
[4.747627] (planning) StdoutLine: {'line': b'-- Up-to-date: /home/abc/planning_with_ros2/install/planning/share/planning/config/planning_static_obs_config.yaml\n'}
[4.747713] (planning) StdoutLine: {'line': b'-- Up-to-date: /home/abc/planning_with_ros2/install/planning/share/planning/config/scenario_config.yaml\n'}
[4.747775] (planning) StdoutLine: {'line': b'-- Installing: /home/abc/planning_with_ros2/install/planning/share/planning/config/planning_dynamic_obs_config.yaml\n'}
[4.747852] (planning) StdoutLine: {'line': b'-- Up-to-date: /home/abc/planning_with_ros2/install/planning/share/planning/config/planning_onlane_obs_config.yaml\n'}
[4.747977] (planning) StdoutLine: {'line': b'-- Up-to-date: /home/abc/planning_with_ros2/install/planning/share/planning/launch\n'}
[4.748069] (planning) StdoutLine: {'line': b'-- Up-to-date: /home/abc/planning_with_ros2/install/planning/share/planning/launch/planning_launch.py\n'}
[4.748130] (planning) StdoutLine: {'line': b'-- Up-to-date: /home/abc/planning_with_ros2/install/planning/share/planning/launch/move_cmd_launch.py\n'}
[4.748188] (planning) StdoutLine: {'line': b'-- Up-to-date: /home/abc/planning_with_ros2/install/planning/share/planning/urdf\n'}
[4.748246] (planning) StdoutLine: {'line': b'-- Up-to-date: /home/abc/planning_with_ros2/install/planning/share/planning/urdf/main_car\n'}
[4.748305] (planning) StdoutLine: {'line': b'-- Up-to-date: /home/abc/planning_with_ros2/install/planning/share/planning/urdf/main_car/car_camera.xacro\n'}
[4.748363] (planning) StdoutLine: {'line': b'-- Up-to-date: /home/abc/planning_with_ros2/install/planning/share/planning/urdf/main_car/car_base.xacro\n'}
[4.748422] (planning) StdoutLine: {'line': b'-- Up-to-date: /home/abc/planning_with_ros2/install/planning/share/planning/urdf/main_car/car_radar.xacro\n'}
[4.748480] (planning) StdoutLine: {'line': b'-- Up-to-date: /home/abc/planning_with_ros2/install/planning/share/planning/urdf/main_car/car.xacro\n'}
[4.748539] (planning) StdoutLine: {'line': b'-- Up-to-date: /home/abc/planning_with_ros2/install/planning/share/planning/urdf/main_car/car_wheels.xacro\n'}
[4.748599] (planning) StdoutLine: {'line': b'-- Up-to-date: /home/abc/planning_with_ros2/install/planning/share/planning/urdf/obs_car\n'}
[4.748708] (planning) StdoutLine: {'line': b'-- Up-to-date: /home/abc/planning_with_ros2/install/planning/share/planning/urdf/obs_car/obs_car.xacro\n'}
[4.748764] (planning) StdoutLine: {'line': b'-- Up-to-date: /home/abc/planning_with_ros2/install/planning/share/planning/rviz\n'}
[4.748818] (planning) StdoutLine: {'line': b'-- Up-to-date: /home/abc/planning_with_ros2/install/planning/share/planning/rviz/planning.rviz\n'}
[4.748873] (planning) StdoutLine: {'line': b'-- Up-to-date: /home/abc/planning_with_ros2/install/planning/share/ament_index/resource_index/package_run_dependencies/planning\n'}
[4.748939] (planning) StdoutLine: {'line': b'-- Up-to-date: /home/abc/planning_with_ros2/install/planning/share/ament_index/resource_index/parent_prefix_path/planning\n'}
[4.749002] (planning) StdoutLine: {'line': b'-- Up-to-date: /home/abc/planning_with_ros2/install/planning/share/planning/environment/ament_prefix_path.sh\n'}
[4.749061] (planning) StdoutLine: {'line': b'-- Up-to-date: /home/abc/planning_with_ros2/install/planning/share/planning/environment/ament_prefix_path.dsv\n'}
[4.749116] (planning) StdoutLine: {'line': b'-- Up-to-date: /home/abc/planning_with_ros2/install/planning/share/planning/environment/path.sh\n'}
[4.749174] (planning) StdoutLine: {'line': b'-- Up-to-date: /home/abc/planning_with_ros2/install/planning/share/planning/environment/path.dsv\n'}
[4.749232] (planning) StdoutLine: {'line': b'-- Up-to-date: /home/abc/planning_with_ros2/install/planning/share/planning/local_setup.bash\n'}
[4.749288] (planning) StdoutLine: {'line': b'-- Up-to-date: /home/abc/planning_with_ros2/install/planning/share/planning/local_setup.sh\n'}
[4.749345] (planning) StdoutLine: {'line': b'-- Up-to-date: /home/abc/planning_with_ros2/install/planning/share/planning/local_setup.zsh\n'}
[4.749402] (planning) StdoutLine: {'line': b'-- Up-to-date: /home/abc/planning_with_ros2/install/planning/share/planning/local_setup.dsv\n'}
[4.749459] (planning) StdoutLine: {'line': b'-- Installing: /home/abc/planning_with_ros2/install/planning/share/planning/package.dsv\n'}
[4.749520] (planning) StdoutLine: {'line': b'-- Up-to-date: /home/abc/planning_with_ros2/install/planning/share/ament_index/resource_index/packages/planning\n'}
[4.749578] (planning) StdoutLine: {'line': b'-- Up-to-date: /home/abc/planning_with_ros2/install/planning/share/planning/cmake/planningConfig.cmake\n'}
[4.749636] (planning) StdoutLine: {'line': b'-- Up-to-date: /home/abc/planning_with_ros2/install/planning/share/planning/cmake/planningConfig-version.cmake\n'}
[4.749692] (planning) StdoutLine: {'line': b'-- Up-to-date: /home/abc/planning_with_ros2/install/planning/share/planning/package.xml\n'}
[4.750291] (planning) CommandEnded: {'returncode': 0}
[4.763929] (planning) JobEnded: {'identifier': 'planning', 'rc': 0}
[4.764503] (-) EventReactorShutdown: {}
