[0.000000] (-) TimerEvent: {}
[0.000620] (base_msgs) JobQueued: {'identifier': 'base_msgs', 'dependencies': OrderedDict()}
[0.000743] (data_plot) JobQueued: {'identifier': 'data_plot', 'dependencies': OrderedDict([('base_msgs', '/home/abc/planning_with_ros2/install/base_msgs')])}
[0.000769] (planning) JobQueued: {'identifier': 'planning', 'dependencies': OrderedDict([('base_msgs', '/home/abc/planning_with_ros2/install/base_msgs')])}
[0.000790] (base_msgs) JobStarted: {'identifier': 'base_msgs'}
[0.008010] (base_msgs) JobProgress: {'identifier': 'base_msgs', 'progress': 'cmake'}
[0.008496] (base_msgs) JobProgress: {'identifier': 'base_msgs', 'progress': 'build'}
[0.009096] (base_msgs) Command: {'cmd': ['/usr/local/bin/cmake', '--build', '/home/abc/planning_with_ros2/build/base_msgs', '--', '-j12', '-l12'], 'cwd': '/home/abc/planning_with_ros2/build/base_msgs', 'env': OrderedDict([('GJS_DEBUG_TOPICS', 'JS ERROR;JS LOG'), ('PYTHON_BASIC_REPL', '1'), ('LESSOPEN', '| /usr/bin/lesspipe %s'), ('LANGUAGE', 'en_US:en'), ('TENSORRT_DIR', '/home/abc/TensorRT-8.6'), ('USER', 'abc'), ('LC_TIME', 'zh_CN.UTF-8'), ('XDG_SESSION_TYPE', 'x11'), ('GIT_ASKPASS', '/usr/share/code/resources/app/extensions/git/dist/askpass.sh'), ('SHLVL', '1'), ('LD_LIBRARY_PATH', '/usr/local/cuda-11.8/lib64:/home/abc/planning_with_ros2/install/planning/lib:/usr/local/cuda-11.8/lib64:/home/abc/planning_with_ros2/install/planning/lib:/home/abc/planning_with_ros2/install/planning/lib:/home/abc/planning_with_ros2/install/base_msgs/lib:/home/abc/perception_with_ros2/install/perception/lib:/home/abc/perception_with_ros2/install/base_msgs_per/lib:/usr/lib/x86_64-linux-gnu/gazebo-11/plugins:/opt/ros/humble/opt/rviz_ogre_vendor/lib:/opt/ros/humble/lib/x86_64-linux-gnu:/opt/ros/humble/lib:/home/abc/TensorRT-8.6/lib:/home/abc/TensorRT-8.6/lib'), ('HOME', '/home/abc'), ('CHROME_DESKTOP', 'code.desktop'), ('TERM_PROGRAM_VERSION', '1.109.5'), ('DESKTOP_SESSION', 'ubuntu'), ('GIO_LAUNCHED_DESKTOP_FILE', '/usr/share/applications/code.desktop'), ('ROS_PYTHON_VERSION', '3'), ('GNOME_SHELL_SESSION_MODE', 'ubuntu'), ('GTK_MODULES', 'gail:atk-bridge'), ('VSCODE_GIT_ASKPASS_MAIN', '/usr/share/code/resources/app/extensions/git/dist/askpass-main.js'), ('LC_MONETARY', 'zh_CN.UTF-8'), ('VSCODE_GIT_ASKPASS_NODE', '/usr/share/code/code'), ('MANAGERPID', '1130'), ('PYDEVD_DISABLE_FILE_VALIDATION', '1'), ('SYSTEMD_EXEC_PID', '1595'), ('BUNDLED_DEBUGPY_PATH', '/home/abc/.vscode/extensions/ms-python.debugpy-2025.18.0-linux-x64/bundled/libs/debugpy'), ('VSCODE_PYTHON_AUTOACTIVATE_GUARD', '1'), ('DBUS_SESSION_BUS_ADDRESS', 'unix:path=/run/user/1000/bus'), ('COLORTERM', 'truecolor'), ('GIO_LAUNCHED_DESKTOP_FILE_PID', '364490'), ('COLCON_PREFIX_PATH', '/home/abc/planning_with_ros2/install:/home/abc/perception_with_ros2/install'), ('ROS_DISTRO', 'humble'), ('GTK_IM_MODULE', 'ibus'), ('LOGNAME', 'abc'), ('JOURNAL_STREAM', '8:6989'), ('_', '/usr/bin/colcon'), ('ROS_VERSION', '2'), ('XDG_SESSION_CLASS', 'user'), ('USERNAME', 'abc'), ('TERM', 'xterm-256color'), ('GNOME_DESKTOP_SESSION_ID', 'this-is-deprecated'), ('ROS2_PLANNING_COURSE_INSTALL', '/home/abc/planning_with_ros2/install'), ('FC_FONTATIONS', '1'), ('ROS_LOCALHOST_ONLY', '0'), ('WINDOWPATH', '2'), ('PATH', '/usr/local/cuda-11.8/bin:/home/abc/.config/Code/User/globalStorage/github.copilot-chat/debugCommand:/home/abc/.config/Code/User/globalStorage/github.copilot-chat/copilotCli:/usr/local/cuda-11.8/bin:/opt/ros/humble/bin:/usr/local/sbin:/usr/local/bin:/usr/sbin:/usr/bin:/sbin:/bin:/usr/games:/usr/local/games:/snap/bin:/snap/bin:/home/abc/.vscode/extensions/ms-python.debugpy-2025.18.0-linux-x64/bundled/scripts/noConfigScripts'), ('SESSION_MANAGER', 'local/abc-G3-3500:@/tmp/.ICE-unix/1554,unix/abc-G3-3500:/tmp/.ICE-unix/1554'), ('INVOCATION_ID', 'f3a9f1252eb845459ae16b5ad8fdee6d'), ('PAPERSIZE', 'a4'), ('XDG_MENU_PREFIX', 'gnome-'), ('LC_ADDRESS', 'zh_CN.UTF-8'), ('XDG_RUNTIME_DIR', '/run/user/1000'), ('GDK_BACKEND', 'x11'), ('DISPLAY', ':0'), ('VSCODE_DEBUGPY_ADAPTER_ENDPOINTS', '/home/abc/.vscode/extensions/ms-python.debugpy-2025.18.0-linux-x64/.noConfigDebugAdapterEndpoints/endpoint-73f3b4a0a422bf73.txt'), ('LANG', 'en_US.UTF-8'), ('XDG_CURRENT_DESKTOP', 'ubuntu:GNOME'), ('PYTHONSTARTUP', '/home/abc/.config/Code/User/workspaceStorage/4efd6db52f1c03b4cb1fb614d5084a17/ms-python.python/pythonrc.py'), ('LC_TELEPHONE', 'zh_CN.UTF-8'), ('XMODIFIERS', '@im=ibus'), ('XDG_SESSION_DESKTOP', 'ubuntu'), ('XAUTHORITY', '/run/user/1000/gdm/Xauthority'), ('LS_COLORS', 'rs=0:di=01;34:ln=01;36:mh=00:pi=40;33:so=01;35:do=01;35:bd=40;33;01:cd=40;33;01:or=40;31;01:mi=00:su=37;41:sg=30;43:ca=30;41:tw=30;42:ow=34;42:st=37;44:ex=01;32:*.tar=01;31:*.tgz=01;31:*.arc=01;31:*.arj=01;31:*.taz=01;31:*.lha=01;31:*.lz4=01;31:*.lzh=01;31:*.lzma=01;31:*.tlz=01;31:*.txz=01;31:*.tzo=01;31:*.t7z=01;31:*.zip=01;31:*.z=01;31:*.dz=01;31:*.gz=01;31:*.lrz=01;31:*.lz=01;31:*.lzo=01;31:*.xz=01;31:*.zst=01;31:*.tzst=01;31:*.bz2=01;31:*.bz=01;31:*.tbz=01;31:*.tbz2=01;31:*.tz=01;31:*.deb=01;31:*.rpm=01;31:*.jar=01;31:*.war=01;31:*.ear=01;31:*.sar=01;31:*.rar=01;31:*.alz=01;31:*.ace=01;31:*.zoo=01;31:*.cpio=01;31:*.7z=01;31:*.rz=01;31:*.cab=01;31:*.wim=01;31:*.swm=01;31:*.dwm=01;31:*.esd=01;31:*.jpg=01;35:*.jpeg=01;35:*.mjpg=01;35:*.mjpeg=01;35:*.gif=01;35:*.bmp=01;35:*.pbm=01;35:*.pgm=01;35:*.ppm=01;35:*.tga=01;35:*.xbm=01;35:*.xpm=01;35:*.tif=01;35:*.tiff=01;35:*.png=01;35:*.svg=01;35:*.svgz=01;35:*.mng=01;35:*.pcx=01;35:*.mov=01;35:*.mpg=01;35:*.mpeg=01;35:*.m2v=01;35:*.mkv=01;35:*.webm=01;35:*.webp=01;35:*.ogm=01;35:*.mp4=01;35:*.m4v=01;35:*.mp4v=01;35:*.vob=01;35:*.qt=01;35:*.nuv=01;35:*.wmv=01;35:*.asf=01;35:*.rm=01;35:*.rmvb=01;35:*.flc=01;35:*.avi=01;35:*.fli=01;35:*.flv=01;35:*.gl=01;35:*.dl=01;35:*.xcf=01;35:*.xwd=01;35:*.yuv=01;35:*.cgm=01;35:*.emf=01;35:*.ogv=01;35:*.ogx=01;35:*.aac=00;36:*.au=00;36:*.flac=00;36:*.m4a=00;36:*.mid=00;36:*.midi=00;36:*.mka=00;36:*.mp3=00;36:*.mpc=00;36:*.ogg=00;36:*.ra=00;36:*.wav=00;36:*.oga=00;36:*.opus=00;36:*.spx=00;36:*.xspf=00;36:'), ('VSCODE_GIT_IPC_HANDLE', '/run/user/1000/vscode-git-c59a044dc2.sock'), ('TERM_PROGRAM', 'vscode'), ('SSH_AGENT_LAUNCHER', 'gnome-keyring'), ('SSH_AUTH_SOCK', '/run/user/1000/keyring/ssh'), ('ROS_DOMAIN_ID', '2'), ('AMENT_PREFIX_PATH', '/home/abc/planning_with_ros2/install/planning:/home/abc/planning_with_ros2/install/data_plot:/home/abc/planning_with_ros2/install/base_msgs:/home/abc/perception_with_ros2/install/perception:/home/abc/perception_with_ros2/install/data_plot_per:/home/abc/perception_with_ros2/install/base_msgs_per:/opt/ros/humble'), ('SHELL', '/bin/bash'), ('LC_NAME', 'zh_CN.UTF-8'), ('QT_ACCESSIBILITY', '1'), ('GDMSESSION', 'ubuntu'), ('LESSCLOSE', '/usr/bin/lesspipe %s %s'), ('LC_MEASUREMENT', 'zh_CN.UTF-8'), ('GPG_AGENT_INFO', '/run/user/1000/gnupg/S.gpg-agent:0:1'), ('GJS_DEBUG_OUTPUT', 'stderr'), ('LC_IDENTIFICATION', 'zh_CN.UTF-8'), ('VSCODE_GIT_ASKPASS_EXTRA_ARGS', ''), ('QT_IM_MODULE', 'ibus'), ('PWD', '/home/abc/planning_with_ros2/build/base_msgs'), ('LC_ALL', 'en_US.UTF-8'), ('XDG_CONFIG_DIRS', '/etc/xdg/xdg-ubuntu:/etc/xdg'), ('XDG_DATA_DIRS', '/usr/share/ubuntu:/usr/share/gnome:/usr/local/share/:/usr/share/:/var/lib/snapd/desktop'), ('PYTHONPATH', '/home/abc/planning_with_ros2/install/data_plot/lib/python3.10/site-packages:/home/abc/planning_with_ros2/install/base_msgs/local/lib/python3.10/dist-packages:/home/abc/perception_with_ros2/install/data_plot_per/lib/python3.10/site-packages:/home/abc/perception_with_ros2/install/base_msgs_per/local/lib/python3.10/dist-packages:/opt/ros/humble/lib/python3.10/site-packages:/opt/ros/humble/local/lib/python3.10/dist-packages'), ('LC_NUMERIC', 'zh_CN.UTF-8'), ('LC_PAPER', 'zh_CN.UTF-8'), ('COLCON', '1'), ('CMAKE_PREFIX_PATH', '/home/abc/planning_with_ros2/install/planning:/home/abc/planning_with_ros2/install/base_msgs:/home/abc/perception_with_ros2/install/perception:/home/abc/perception_with_ros2/install/base_msgs_per:/home/abc/planning_with_ros2/install/data_plot:/home/abc/perception_with_ros2/install/data_plot_per:/opt/ros/humble')]), 'shell': False}
[0.034352] (base_msgs) StdoutLine: {'line': b'[  0%] Built target base_msgs__cpp\n'}
[0.036921] (base_msgs) StdoutLine: {'line': b'[  0%] Built target ament_cmake_python_copy_base_msgs\n'}
[0.040741] (base_msgs) StdoutLine: {'line': b'[ 12%] Built target base_msgs__rosidl_generator_c\n'}
[0.059798] (base_msgs) StdoutLine: {'line': b'[ 24%] Built target base_msgs__rosidl_typesupport_c\n'}
[0.061177] (base_msgs) StdoutLine: {'line': b'[ 36%] Built target base_msgs__rosidl_typesupport_introspection_cpp\n'}
[0.061994] (base_msgs) StdoutLine: {'line': b'[ 48%] Built target base_msgs__rosidl_typesupport_cpp\n'}
[0.062966] (base_msgs) StdoutLine: {'line': b'[ 60%] Built target base_msgs__rosidl_typesupport_fastrtps_cpp\n'}
[0.063291] (base_msgs) StdoutLine: {'line': b'[ 72%] Built target base_msgs__rosidl_typesupport_introspection_c\n'}
[0.072776] (base_msgs) StdoutLine: {'line': b'[ 84%] Built target base_msgs__rosidl_typesupport_fastrtps_c\n'}
[0.080359] (base_msgs) StdoutLine: {'line': b'[ 84%] Built target base_msgs\n'}
[0.091398] (base_msgs) StdoutLine: {'line': b'[ 85%] Built target base_msgs__py\n'}
[0.099801] (-) TimerEvent: {}
[0.119188] (base_msgs) StdoutLine: {'line': b'[ 96%] Built target base_msgs__rosidl_generator_py\n'}
[0.134146] (base_msgs) StdoutLine: {'line': b'[ 97%] Built target base_msgs__rosidl_typesupport_fastrtps_c__pyext\n'}
[0.134383] (base_msgs) StdoutLine: {'line': b'[100%] Built target base_msgs__rosidl_typesupport_c__pyext\n'}
[0.134510] (base_msgs) StdoutLine: {'line': b'[100%] Built target base_msgs__rosidl_typesupport_introspection_c__pyext\n'}
[0.199852] (-) TimerEvent: {}
[0.300188] (-) TimerEvent: {}
[0.349746] (base_msgs) StdoutLine: {'line': b'running egg_info\n'}
[0.350384] (base_msgs) StdoutLine: {'line': b'writing base_msgs.egg-info/PKG-INFO\n'}
[0.350554] (base_msgs) StdoutLine: {'line': b'writing dependency_links to base_msgs.egg-info/dependency_links.txt\n'}
[0.350700] (base_msgs) StdoutLine: {'line': b'writing top-level names to base_msgs.egg-info/top_level.txt\n'}
[0.353026] (base_msgs) StdoutLine: {'line': b"reading manifest file 'base_msgs.egg-info/SOURCES.txt'\n"}
[0.353613] (base_msgs) StdoutLine: {'line': b"writing manifest file 'base_msgs.egg-info/SOURCES.txt'\n"}
[0.375352] (base_msgs) StdoutLine: {'line': b'[100%] Built target ament_cmake_python_build_base_msgs_egg\n'}
[0.379868] (base_msgs) CommandEnded: {'returncode': 0}
[0.380499] (base_msgs) JobProgress: {'identifier': 'base_msgs', 'progress': 'install'}
[0.382740] (base_msgs) Command: {'cmd': ['/usr/local/bin/cmake', '--install', '/home/abc/planning_with_ros2/build/base_msgs'], 'cwd': '/home/abc/planning_with_ros2/build/base_msgs', 'env': OrderedDict([('GJS_DEBUG_TOPICS', 'JS ERROR;JS LOG'), ('PYTHON_BASIC_REPL', '1'), ('LESSOPEN', '| /usr/bin/lesspipe %s'), ('LANGUAGE', 'en_US:en'), ('TENSORRT_DIR', '/home/abc/TensorRT-8.6'), ('USER', 'abc'), ('LC_TIME', 'zh_CN.UTF-8'), ('XDG_SESSION_TYPE', 'x11'), ('GIT_ASKPASS', '/usr/share/code/resources/app/extensions/git/dist/askpass.sh'), ('SHLVL', '1'), ('LD_LIBRARY_PATH', '/usr/local/cuda-11.8/lib64:/home/abc/planning_with_ros2/install/planning/lib:/usr/local/cuda-11.8/lib64:/home/abc/planning_with_ros2/install/planning/lib:/home/abc/planning_with_ros2/install/planning/lib:/home/abc/planning_with_ros2/install/base_msgs/lib:/home/abc/perception_with_ros2/install/perception/lib:/home/abc/perception_with_ros2/install/base_msgs_per/lib:/usr/lib/x86_64-linux-gnu/gazebo-11/plugins:/opt/ros/humble/opt/rviz_ogre_vendor/lib:/opt/ros/humble/lib/x86_64-linux-gnu:/opt/ros/humble/lib:/home/abc/TensorRT-8.6/lib:/home/abc/TensorRT-8.6/lib'), ('HOME', '/home/abc'), ('CHROME_DESKTOP', 'code.desktop'), ('TERM_PROGRAM_VERSION', '1.109.5'), ('DESKTOP_SESSION', 'ubuntu'), ('GIO_LAUNCHED_DESKTOP_FILE', '/usr/share/applications/code.desktop'), ('ROS_PYTHON_VERSION', '3'), ('GNOME_SHELL_SESSION_MODE', 'ubuntu'), ('GTK_MODULES', 'gail:atk-bridge'), ('VSCODE_GIT_ASKPASS_MAIN', '/usr/share/code/resources/app/extensions/git/dist/askpass-main.js'), ('LC_MONETARY', 'zh_CN.UTF-8'), ('VSCODE_GIT_ASKPASS_NODE', '/usr/share/code/code'), ('MANAGERPID', '1130'), ('PYDEVD_DISABLE_FILE_VALIDATION', '1'), ('SYSTEMD_EXEC_PID', '1595'), ('BUNDLED_DEBUGPY_PATH', '/home/abc/.vscode/extensions/ms-python.debugpy-2025.18.0-linux-x64/bundled/libs/debugpy'), ('VSCODE_PYTHON_AUTOACTIVATE_GUARD', '1'), ('DBUS_SESSION_BUS_ADDRESS', 'unix:path=/run/user/1000/bus'), ('COLORTERM', 'truecolor'), ('GIO_LAUNCHED_DESKTOP_FILE_PID', '364490'), ('COLCON_PREFIX_PATH', '/home/abc/planning_with_ros2/install:/home/abc/perception_with_ros2/install'), ('ROS_DISTRO', 'humble'), ('GTK_IM_MODULE', 'ibus'), ('LOGNAME', 'abc'), ('JOURNAL_STREAM', '8:6989'), ('_', '/usr/bin/colcon'), ('ROS_VERSION', '2'), ('XDG_SESSION_CLASS', 'user'), ('USERNAME', 'abc'), ('TERM', 'xterm-256color'), ('GNOME_DESKTOP_SESSION_ID', 'this-is-deprecated'), ('ROS2_PLANNING_COURSE_INSTALL', '/home/abc/planning_with_ros2/install'), ('FC_FONTATIONS', '1'), ('ROS_LOCALHOST_ONLY', '0'), ('WINDOWPATH', '2'), ('PATH', '/usr/local/cuda-11.8/bin:/home/abc/.config/Code/User/globalStorage/github.copilot-chat/debugCommand:/home/abc/.config/Code/User/globalStorage/github.copilot-chat/copilotCli:/usr/local/cuda-11.8/bin:/opt/ros/humble/bin:/usr/local/sbin:/usr/local/bin:/usr/sbin:/usr/bin:/sbin:/bin:/usr/games:/usr/local/games:/snap/bin:/snap/bin:/home/abc/.vscode/extensions/ms-python.debugpy-2025.18.0-linux-x64/bundled/scripts/noConfigScripts'), ('SESSION_MANAGER', 'local/abc-G3-3500:@/tmp/.ICE-unix/1554,unix/abc-G3-3500:/tmp/.ICE-unix/1554'), ('INVOCATION_ID', 'f3a9f1252eb845459ae16b5ad8fdee6d'), ('PAPERSIZE', 'a4'), ('XDG_MENU_PREFIX', 'gnome-'), ('LC_ADDRESS', 'zh_CN.UTF-8'), ('XDG_RUNTIME_DIR', '/run/user/1000'), ('GDK_BACKEND', 'x11'), ('DISPLAY', ':0'), ('VSCODE_DEBUGPY_ADAPTER_ENDPOINTS', '/home/abc/.vscode/extensions/ms-python.debugpy-2025.18.0-linux-x64/.noConfigDebugAdapterEndpoints/endpoint-73f3b4a0a422bf73.txt'), ('LANG', 'en_US.UTF-8'), ('XDG_CURRENT_DESKTOP', 'ubuntu:GNOME'), ('PYTHONSTARTUP', '/home/abc/.config/Code/User/workspaceStorage/4efd6db52f1c03b4cb1fb614d5084a17/ms-python.python/pythonrc.py'), ('LC_TELEPHONE', 'zh_CN.UTF-8'), ('XMODIFIERS', '@im=ibus'), ('XDG_SESSION_DESKTOP', 'ubuntu'), ('XAUTHORITY', '/run/user/1000/gdm/Xauthority'), ('LS_COLORS', 'rs=0:di=01;34:ln=01;36:mh=00:pi=40;33:so=01;35:do=01;35:bd=40;33;01:cd=40;33;01:or=40;31;01:mi=00:su=37;41:sg=30;43:ca=30;41:tw=30;42:ow=34;42:st=37;44:ex=01;32:*.tar=01;31:*.tgz=01;31:*.arc=01;31:*.arj=01;31:*.taz=01;31:*.lha=01;31:*.lz4=01;31:*.lzh=01;31:*.lzma=01;31:*.tlz=01;31:*.txz=01;31:*.tzo=01;31:*.t7z=01;31:*.zip=01;31:*.z=01;31:*.dz=01;31:*.gz=01;31:*.lrz=01;31:*.lz=01;31:*.lzo=01;31:*.xz=01;31:*.zst=01;31:*.tzst=01;31:*.bz2=01;31:*.bz=01;31:*.tbz=01;31:*.tbz2=01;31:*.tz=01;31:*.deb=01;31:*.rpm=01;31:*.jar=01;31:*.war=01;31:*.ear=01;31:*.sar=01;31:*.rar=01;31:*.alz=01;31:*.ace=01;31:*.zoo=01;31:*.cpio=01;31:*.7z=01;31:*.rz=01;31:*.cab=01;31:*.wim=01;31:*.swm=01;31:*.dwm=01;31:*.esd=01;31:*.jpg=01;35:*.jpeg=01;35:*.mjpg=01;35:*.mjpeg=01;35:*.gif=01;35:*.bmp=01;35:*.pbm=01;35:*.pgm=01;35:*.ppm=01;35:*.tga=01;35:*.xbm=01;35:*.xpm=01;35:*.tif=01;35:*.tiff=01;35:*.png=01;35:*.svg=01;35:*.svgz=01;35:*.mng=01;35:*.pcx=01;35:*.mov=01;35:*.mpg=01;35:*.mpeg=01;35:*.m2v=01;35:*.mkv=01;35:*.webm=01;35:*.webp=01;35:*.ogm=01;35:*.mp4=01;35:*.m4v=01;35:*.mp4v=01;35:*.vob=01;35:*.qt=01;35:*.nuv=01;35:*.wmv=01;35:*.asf=01;35:*.rm=01;35:*.rmvb=01;35:*.flc=01;35:*.avi=01;35:*.fli=01;35:*.flv=01;35:*.gl=01;35:*.dl=01;35:*.xcf=01;35:*.xwd=01;35:*.yuv=01;35:*.cgm=01;35:*.emf=01;35:*.ogv=01;35:*.ogx=01;35:*.aac=00;36:*.au=00;36:*.flac=00;36:*.m4a=00;36:*.mid=00;36:*.midi=00;36:*.mka=00;36:*.mp3=00;36:*.mpc=00;36:*.ogg=00;36:*.ra=00;36:*.wav=00;36:*.oga=00;36:*.opus=00;36:*.spx=00;36:*.xspf=00;36:'), ('VSCODE_GIT_IPC_HANDLE', '/run/user/1000/vscode-git-c59a044dc2.sock'), ('TERM_PROGRAM', 'vscode'), ('SSH_AGENT_LAUNCHER', 'gnome-keyring'), ('SSH_AUTH_SOCK', '/run/user/1000/keyring/ssh'), ('ROS_DOMAIN_ID', '2'), ('AMENT_PREFIX_PATH', '/home/abc/planning_with_ros2/install/planning:/home/abc/planning_with_ros2/install/data_plot:/home/abc/planning_with_ros2/install/base_msgs:/home/abc/perception_with_ros2/install/perception:/home/abc/perception_with_ros2/install/data_plot_per:/home/abc/perception_with_ros2/install/base_msgs_per:/opt/ros/humble'), ('SHELL', '/bin/bash'), ('LC_NAME', 'zh_CN.UTF-8'), ('QT_ACCESSIBILITY', '1'), ('GDMSESSION', 'ubuntu'), ('LESSCLOSE', '/usr/bin/lesspipe %s %s'), ('LC_MEASUREMENT', 'zh_CN.UTF-8'), ('GPG_AGENT_INFO', '/run/user/1000/gnupg/S.gpg-agent:0:1'), ('GJS_DEBUG_OUTPUT', 'stderr'), ('LC_IDENTIFICATION', 'zh_CN.UTF-8'), ('VSCODE_GIT_ASKPASS_EXTRA_ARGS', ''), ('QT_IM_MODULE', 'ibus'), ('PWD', '/home/abc/planning_with_ros2/build/base_msgs'), ('LC_ALL', 'en_US.UTF-8'), ('XDG_CONFIG_DIRS', '/etc/xdg/xdg-ubuntu:/etc/xdg'), ('XDG_DATA_DIRS', '/usr/share/ubuntu:/usr/share/gnome:/usr/local/share/:/usr/share/:/var/lib/snapd/desktop'), ('PYTHONPATH', '/home/abc/planning_with_ros2/install/data_plot/lib/python3.10/site-packages:/home/abc/planning_with_ros2/install/base_msgs/local/lib/python3.10/dist-packages:/home/abc/perception_with_ros2/install/data_plot_per/lib/python3.10/site-packages:/home/abc/perception_with_ros2/install/base_msgs_per/local/lib/python3.10/dist-packages:/opt/ros/humble/lib/python3.10/site-packages:/opt/ros/humble/local/lib/python3.10/dist-packages'), ('LC_NUMERIC', 'zh_CN.UTF-8'), ('LC_PAPER', 'zh_CN.UTF-8'), ('COLCON', '1'), ('CMAKE_PREFIX_PATH', '/home/abc/planning_with_ros2/install/planning:/home/abc/planning_with_ros2/install/base_msgs:/home/abc/perception_with_ros2/install/perception:/home/abc/perception_with_ros2/install/base_msgs_per:/home/abc/planning_with_ros2/install/data_plot:/home/abc/perception_with_ros2/install/data_plot_per:/opt/ros/humble')]), 'shell': False}
[0.385323] (base_msgs) StdoutLine: {'line': b'-- Install configuration: ""\n'}
[0.385473] (base_msgs) StdoutLine: {'line': b'-- Up-to-date: /home/abc/planning_with_ros2/install/base_msgs/share/ament_index/resource_index/rosidl_interfaces/base_msgs\n'}
[0.385561] (base_msgs) StdoutLine: {'line': b'-- Up-to-date: /home/abc/planning_with_ros2/install/base_msgs/include/base_msgs/base_msgs\n'}
[0.385667] (base_msgs) StdoutLine: {'line': b'-- Up-to-date: /home/abc/planning_with_ros2/install/base_msgs/include/base_msgs/base_msgs/msg\n'}
[0.385803] (base_msgs) StdoutLine: {'line': b'-- Up-to-date: /home/abc/planning_with_ros2/install/base_msgs/include/base_msgs/base_msgs/msg/pnc_map.h\n'}
[0.385894] (base_msgs) StdoutLine: {'line': b'-- Up-to-date: /home/abc/planning_with_ros2/install/base_msgs/include/base_msgs/base_msgs/msg/local_trajectory_point.h\n'}
[0.386201] (base_msgs) StdoutLine: {'line': b'-- Up-to-date: /home/abc/planning_with_ros2/install/base_msgs/include/base_msgs/base_msgs/msg/plot_info.h\n'}
[0.386290] (base_msgs) StdoutLine: {'line': b'-- Up-to-date: /home/abc/planning_with_ros2/install/base_msgs/include/base_msgs/base_msgs/msg/rosidl_generator_c__visibility_control.h\n'}
[0.386370] (base_msgs) StdoutLine: {'line': b'-- Up-to-date: /home/abc/planning_with_ros2/install/base_msgs/include/base_msgs/base_msgs/msg/local_path.h\n'}
[0.386448] (base_msgs) StdoutLine: {'line': b'-- Up-to-date: /home/abc/planning_with_ros2/install/base_msgs/include/base_msgs/base_msgs/msg/detail\n'}
[0.386525] (base_msgs) StdoutLine: {'line': b'-- Up-to-date: /home/abc/planning_with_ros2/install/base_msgs/include/base_msgs/base_msgs/msg/detail/obs_info__type_support.h\n'}
[0.386602] (base_msgs) StdoutLine: {'line': b'-- Up-to-date: /home/abc/planning_with_ros2/install/base_msgs/include/base_msgs/base_msgs/msg/detail/local_speeds__functions.c\n'}
[0.386679] (base_msgs) StdoutLine: {'line': b'-- Up-to-date: /home/abc/planning_with_ros2/install/base_msgs/include/base_msgs/base_msgs/msg/detail/local_speeds_point__struct.h\n'}
[0.386754] (base_msgs) StdoutLine: {'line': b'-- Up-to-date: /home/abc/planning_with_ros2/install/base_msgs/include/base_msgs/base_msgs/msg/detail/referline_point__type_support.h\n'}
[0.386829] (base_msgs) StdoutLine: {'line': b'-- Up-to-date: /home/abc/planning_with_ros2/install/base_msgs/include/base_msgs/base_msgs/msg/detail/obs_info__struct.h\n'}
[0.386944] (base_msgs) StdoutLine: {'line': b'-- Up-to-date: /home/abc/planning_with_ros2/install/base_msgs/include/base_msgs/base_msgs/msg/detail/referline__struct.h\n'}
[0.387267] (base_msgs) StdoutLine: {'line': b'-- Up-to-date: /home/abc/planning_with_ros2/install/base_msgs/include/base_msgs/base_msgs/msg/detail/local_speeds__functions.h\n'}
[0.387369] (base_msgs) StdoutLine: {'line': b'-- Up-to-date: /home/abc/planning_with_ros2/install/base_msgs/include/base_msgs/base_msgs/msg/detail/local_path_point__functions.h\n'}
[0.387481] (base_msgs) StdoutLine: {'line': b'-- Up-to-date: /home/abc/planning_with_ros2/install/base_msgs/include/base_msgs/base_msgs/msg/detail/pnc_map__struct.h\n'}
[0.387584] (base_msgs) StdoutLine: {'line': b'-- Up-to-date: /home/abc/planning_with_ros2/install/base_msgs/include/base_msgs/base_msgs/msg/detail/plot_info__struct.h\n'}
[0.387714] (base_msgs) StdoutLine: {'line': b'-- Up-to-date: /home/abc/planning_with_ros2/install/base_msgs/include/base_msgs/base_msgs/msg/detail/local_path_point__struct.h\n'}
[0.387901] (base_msgs) StdoutLine: {'line': b'-- Up-to-date: /home/abc/planning_with_ros2/install/base_msgs/include/base_msgs/base_msgs/msg/detail/local_path__struct.h\n'}
[0.388054] (base_msgs) StdoutLine: {'line': b'-- Up-to-date: /home/abc/planning_with_ros2/install/base_msgs/include/base_msgs/base_msgs/msg/detail/obs_info__functions.h\n'}
[0.388123] (base_msgs) StdoutLine: {'line': b'-- Up-to-date: /home/abc/planning_with_ros2/install/base_msgs/include/base_msgs/base_msgs/msg/detail/obs_info__functions.c\n'}
[0.388185] (base_msgs) StdoutLine: {'line': b'-- Up-to-date: /home/abc/planning_with_ros2/install/base_msgs/include/base_msgs/base_msgs/msg/detail/local_speeds__struct.h\n'}
[0.388246] (base_msgs) StdoutLine: {'line': b'-- Up-to-date: /home/abc/planning_with_ros2/install/base_msgs/include/base_msgs/base_msgs/msg/detail/referline__functions.h\n'}
[0.388346] (base_msgs) StdoutLine: {'line': b'-- Up-to-date: /home/abc/planning_with_ros2/install/base_msgs/include/base_msgs/base_msgs/msg/detail/local_trajectory__type_support.h\n'}
[0.388403] (base_msgs) StdoutLine: {'line': b'-- Up-to-date: /home/abc/planning_with_ros2/install/base_msgs/include/base_msgs/base_msgs/msg/detail/local_trajectory__functions.h\n'}
[0.388458] (base_msgs) StdoutLine: {'line': b'-- Up-to-date: /home/abc/planning_with_ros2/install/base_msgs/include/base_msgs/base_msgs/msg/detail/local_path_point__type_support.h\n'}
[0.388515] (base_msgs) StdoutLine: {'line': b'-- Up-to-date: /home/abc/planning_with_ros2/install/base_msgs/include/base_msgs/base_msgs/msg/detail/local_path_point__functions.c\n'}
[0.388573] (base_msgs) StdoutLine: {'line': b'-- Up-to-date: /home/abc/planning_with_ros2/install/base_msgs/include/base_msgs/base_msgs/msg/detail/referline__type_support.h\n'}
[0.388631] (base_msgs) StdoutLine: {'line': b'-- Up-to-date: /home/abc/planning_with_ros2/install/base_msgs/include/base_msgs/base_msgs/msg/detail/local_trajectory_point__functions.c\n'}
[0.388689] (base_msgs) StdoutLine: {'line': b'-- Up-to-date: /home/abc/planning_with_ros2/install/base_msgs/include/base_msgs/base_msgs/msg/detail/local_trajectory_point__functions.h\n'}
[0.388746] (base_msgs) StdoutLine: {'line': b'-- Up-to-date: /home/abc/planning_with_ros2/install/base_msgs/include/base_msgs/base_msgs/msg/detail/local_path__functions.h\n'}
[0.388804] (base_msgs) StdoutLine: {'line': b'-- Up-to-date: /home/abc/planning_with_ros2/install/base_msgs/include/base_msgs/base_msgs/msg/detail/pnc_map__functions.c\n'}
[0.388862] (base_msgs) StdoutLine: {'line': b'-- Up-to-date: /home/abc/planning_with_ros2/install/base_msgs/include/base_msgs/base_msgs/msg/detail/referline__functions.c\n'}
[0.389025] (base_msgs) StdoutLine: {'line': b'-- Up-to-date: /home/abc/planning_with_ros2/install/base_msgs/include/base_msgs/base_msgs/msg/detail/referline_point__struct.h\n'}
[0.389124] (base_msgs) StdoutLine: {'line': b'-- Up-to-date: /home/abc/planning_with_ros2/install/base_msgs/include/base_msgs/base_msgs/msg/detail/local_trajectory__struct.h\n'}
[0.389184] (base_msgs) StdoutLine: {'line': b'-- Up-to-date: /home/abc/planning_with_ros2/install/base_msgs/include/base_msgs/base_msgs/msg/detail/local_speeds_point__type_support.h\n'}
[0.389301] (base_msgs) StdoutLine: {'line': b'-- Up-to-date: /home/abc/planning_with_ros2/install/base_msgs/include/base_msgs/base_msgs/msg/detail/local_speeds_point__functions.h\n'}
[0.389361] (base_msgs) StdoutLine: {'line': b'-- Up-to-date: /home/abc/planning_with_ros2/install/base_msgs/include/base_msgs/base_msgs/msg/detail/local_trajectory_point__struct.h\n'}
[0.389420] (base_msgs) StdoutLine: {'line': b'-- Up-to-date: /home/abc/planning_with_ros2/install/base_msgs/include/base_msgs/base_msgs/msg/detail/local_path__functions.c\n'}
[0.389479] (base_msgs) StdoutLine: {'line': b'-- Up-to-date: /home/abc/planning_with_ros2/install/base_msgs/include/base_msgs/base_msgs/msg/detail/plot_info__functions.c\n'}
[0.389560] (base_msgs) StdoutLine: {'line': b'-- Up-to-date: /home/abc/planning_with_ros2/install/base_msgs/include/base_msgs/base_msgs/msg/detail/local_trajectory__functions.c\n'}
[0.389619] (base_msgs) StdoutLine: {'line': b'-- Up-to-date: /home/abc/planning_with_ros2/install/base_msgs/include/base_msgs/base_msgs/msg/detail/local_speeds__type_support.h\n'}
[0.389775] (base_msgs) StdoutLine: {'line': b'-- Up-to-date: /home/abc/planning_with_ros2/install/base_msgs/include/base_msgs/base_msgs/msg/detail/plot_info__type_support.h\n'}
[0.389838] (base_msgs) StdoutLine: {'line': b'-- Up-to-date: /home/abc/planning_with_ros2/install/base_msgs/include/base_msgs/base_msgs/msg/detail/referline_point__functions.c\n'}
[0.389906] (base_msgs) StdoutLine: {'line': b'-- Up-to-date: /home/abc/planning_with_ros2/install/base_msgs/include/base_msgs/base_msgs/msg/detail/local_path__type_support.h\n'}
[0.389982] (base_msgs) StdoutLine: {'line': b'-- Up-to-date: /home/abc/planning_with_ros2/install/base_msgs/include/base_msgs/base_msgs/msg/detail/plot_info__functions.h\n'}
[0.390041] (base_msgs) StdoutLine: {'line': b'-- Up-to-date: /home/abc/planning_with_ros2/install/base_msgs/include/base_msgs/base_msgs/msg/detail/pnc_map__type_support.h\n'}
[0.390116] (base_msgs) StdoutLine: {'line': b'-- Up-to-date: /home/abc/planning_with_ros2/install/base_msgs/include/base_msgs/base_msgs/msg/detail/pnc_map__functions.h\n'}
[0.390176] (base_msgs) StdoutLine: {'line': b'-- Up-to-date: /home/abc/planning_with_ros2/install/base_msgs/include/base_msgs/base_msgs/msg/detail/local_trajectory_point__type_support.h\n'}
[0.390235] (base_msgs) StdoutLine: {'line': b'-- Up-to-date: /home/abc/planning_with_ros2/install/base_msgs/include/base_msgs/base_msgs/msg/detail/local_speeds_point__functions.c\n'}
[0.390296] (base_msgs) StdoutLine: {'line': b'-- Up-to-date: /home/abc/planning_with_ros2/install/base_msgs/include/base_msgs/base_msgs/msg/detail/referline_point__functions.h\n'}
[0.390355] (base_msgs) StdoutLine: {'line': b'-- Up-to-date: /home/abc/planning_with_ros2/install/base_msgs/include/base_msgs/base_msgs/msg/referline_point.h\n'}
[0.390414] (base_msgs) StdoutLine: {'line': b'-- Up-to-date: /home/abc/planning_with_ros2/install/base_msgs/include/base_msgs/base_msgs/msg/obs_info.h\n'}
[0.390472] (base_msgs) StdoutLine: {'line': b'-- Up-to-date: /home/abc/planning_with_ros2/install/base_msgs/include/base_msgs/base_msgs/msg/referline.h\n'}
[0.390530] (base_msgs) StdoutLine: {'line': b'-- Up-to-date: /home/abc/planning_with_ros2/install/base_msgs/include/base_msgs/base_msgs/msg/local_speeds_point.h\n'}
[0.390678] (base_msgs) StdoutLine: {'line': b'-- Up-to-date: /home/abc/planning_with_ros2/install/base_msgs/include/base_msgs/base_msgs/msg/local_speeds.h\n'}
[0.390738] (base_msgs) StdoutLine: {'line': b'-- Up-to-date: /home/abc/planning_with_ros2/install/base_msgs/include/base_msgs/base_msgs/msg/local_trajectory.h\n'}
[0.390799] (base_msgs) StdoutLine: {'line': b'-- Up-to-date: /home/abc/planning_with_ros2/install/base_msgs/include/base_msgs/base_msgs/msg/local_path_point.h\n'}
[0.390945] (base_msgs) StdoutLine: {'line': b'-- Up-to-date: /home/abc/planning_with_ros2/install/base_msgs/include/base_msgs/base_msgs/srv\n'}
[0.391058] (base_msgs) StdoutLine: {'line': b'-- Up-to-date: /home/abc/planning_with_ros2/install/base_msgs/include/base_msgs/base_msgs/srv/detail\n'}
[0.391131] (base_msgs) StdoutLine: {'line': b'-- Up-to-date: /home/abc/planning_with_ros2/install/base_msgs/include/base_msgs/base_msgs/srv/detail/global_path_service__functions.h\n'}
[0.391195] (base_msgs) StdoutLine: {'line': b'-- Up-to-date: /home/abc/planning_with_ros2/install/base_msgs/include/base_msgs/base_msgs/srv/detail/pnc_map_service__struct.h\n'}
[0.391256] (base_msgs) StdoutLine: {'line': b'-- Up-to-date: /home/abc/planning_with_ros2/install/base_msgs/include/base_msgs/base_msgs/srv/detail/pnc_map_service__functions.c\n'}
[0.391318] (base_msgs) StdoutLine: {'line': b'-- Up-to-date: /home/abc/planning_with_ros2/install/base_msgs/include/base_msgs/base_msgs/srv/detail/global_path_service__type_support.h\n'}
[0.391377] (base_msgs) StdoutLine: {'line': b'-- Up-to-date: /home/abc/planning_with_ros2/install/base_msgs/include/base_msgs/base_msgs/srv/detail/global_path_service__struct.h\n'}
[0.391436] (base_msgs) StdoutLine: {'line': b'-- Up-to-date: /home/abc/planning_with_ros2/install/base_msgs/include/base_msgs/base_msgs/srv/detail/pnc_map_service__type_support.h\n'}
[0.391493] (base_msgs) StdoutLine: {'line': b'-- Up-to-date: /home/abc/planning_with_ros2/install/base_msgs/include/base_msgs/base_msgs/srv/detail/global_path_service__functions.c\n'}
[0.391552] (base_msgs) StdoutLine: {'line': b'-- Up-to-date: /home/abc/planning_with_ros2/install/base_msgs/include/base_msgs/base_msgs/srv/detail/pnc_map_service__functions.h\n'}
[0.391610] (base_msgs) StdoutLine: {'line': b'-- Up-to-date: /home/abc/planning_with_ros2/install/base_msgs/include/base_msgs/base_msgs/srv/pnc_map_service.h\n'}
[0.391670] (base_msgs) StdoutLine: {'line': b'-- Up-to-date: /home/abc/planning_with_ros2/install/base_msgs/include/base_msgs/base_msgs/srv/global_path_service.h\n'}
[0.391728] (base_msgs) StdoutLine: {'line': b'-- Up-to-date: /home/abc/planning_with_ros2/install/base_msgs/share/base_msgs/environment/library_path.sh\n'}
[0.391787] (base_msgs) StdoutLine: {'line': b'-- Up-to-date: /home/abc/planning_with_ros2/install/base_msgs/share/base_msgs/environment/library_path.dsv\n'}
[0.391845] (base_msgs) StdoutLine: {'line': b'-- Up-to-date: /home/abc/planning_with_ros2/install/base_msgs/lib/libbase_msgs__rosidl_generator_c.so\n'}
[0.391914] (base_msgs) StdoutLine: {'line': b'-- Up-to-date: /home/abc/planning_with_ros2/install/base_msgs/include/base_msgs/base_msgs\n'}
[0.392045] (base_msgs) StdoutLine: {'line': b'-- Up-to-date: /home/abc/planning_with_ros2/install/base_msgs/include/base_msgs/base_msgs/msg\n'}
[0.392100] (base_msgs) StdoutLine: {'line': b'-- Up-to-date: /home/abc/planning_with_ros2/install/base_msgs/include/base_msgs/base_msgs/msg/rosidl_typesupport_fastrtps_c__visibility_control.h\n'}
[0.392159] (base_msgs) StdoutLine: {'line': b'-- Up-to-date: /home/abc/planning_with_ros2/install/base_msgs/include/base_msgs/base_msgs/msg/detail\n'}
[0.392227] (base_msgs) StdoutLine: {'line': b'-- Up-to-date: /home/abc/planning_with_ros2/install/base_msgs/include/base_msgs/base_msgs/msg/detail/obs_info__rosidl_typesupport_fastrtps_c.h\n'}
[0.392286] (base_msgs) StdoutLine: {'line': b'-- Up-to-date: /home/abc/planning_with_ros2/install/base_msgs/include/base_msgs/base_msgs/msg/detail/local_trajectory_point__rosidl_typesupport_fastrtps_c.h\n'}
[0.392344] (base_msgs) StdoutLine: {'line': b'-- Up-to-date: /home/abc/planning_with_ros2/install/base_msgs/include/base_msgs/base_msgs/msg/detail/local_speeds__rosidl_typesupport_fastrtps_c.h\n'}
[0.392401] (base_msgs) StdoutLine: {'line': b'-- Up-to-date: /home/abc/planning_with_ros2/install/base_msgs/include/base_msgs/base_msgs/msg/detail/local_speeds_point__rosidl_typesupport_fastrtps_c.h\n'}
[0.392459] (base_msgs) StdoutLine: {'line': b'-- Up-to-date: /home/abc/planning_with_ros2/install/base_msgs/include/base_msgs/base_msgs/msg/detail/plot_info__rosidl_typesupport_fastrtps_c.h\n'}
[0.392517] (base_msgs) StdoutLine: {'line': b'-- Up-to-date: /home/abc/planning_with_ros2/install/base_msgs/include/base_msgs/base_msgs/msg/detail/local_trajectory__rosidl_typesupport_fastrtps_c.h\n'}
[0.392805] (base_msgs) StdoutLine: {'line': b'-- Up-to-date: /home/abc/planning_with_ros2/install/base_msgs/include/base_msgs/base_msgs/msg/detail/local_path_point__rosidl_typesupport_fastrtps_c.h\n'}
[0.392868] (base_msgs) StdoutLine: {'line': b'-- Up-to-date: /home/abc/planning_with_ros2/install/base_msgs/include/base_msgs/base_msgs/msg/detail/referline_point__rosidl_typesupport_fastrtps_c.h\n'}
[0.392938] (base_msgs) StdoutLine: {'line': b'-- Up-to-date: /home/abc/planning_with_ros2/install/base_msgs/include/base_msgs/base_msgs/msg/detail/pnc_map__rosidl_typesupport_fastrtps_c.h\n'}
[0.392995] (base_msgs) StdoutLine: {'line': b'-- Up-to-date: /home/abc/planning_with_ros2/install/base_msgs/include/base_msgs/base_msgs/msg/detail/referline__rosidl_typesupport_fastrtps_c.h\n'}
[0.393051] (base_msgs) StdoutLine: {'line': b'-- Up-to-date: /home/abc/planning_with_ros2/install/base_msgs/include/base_msgs/base_msgs/msg/detail/local_path__rosidl_typesupport_fastrtps_c.h\n'}
[0.393121] (base_msgs) StdoutLine: {'line': b'-- Up-to-date: /home/abc/planning_with_ros2/install/base_msgs/include/base_msgs/base_msgs/srv\n'}
[0.393177] (base_msgs) StdoutLine: {'line': b'-- Up-to-date: /home/abc/planning_with_ros2/install/base_msgs/include/base_msgs/base_msgs/srv/detail\n'}
[0.393236] (base_msgs) StdoutLine: {'line': b'-- Up-to-date: /home/abc/planning_with_ros2/install/base_msgs/include/base_msgs/base_msgs/srv/detail/pnc_map_service__rosidl_typesupport_fastrtps_c.h\n'}
[0.393300] (base_msgs) StdoutLine: {'line': b'-- Up-to-date: /home/abc/planning_with_ros2/install/base_msgs/include/base_msgs/base_msgs/srv/detail/global_path_service__rosidl_typesupport_fastrtps_c.h\n'}
[0.393356] (base_msgs) StdoutLine: {'line': b'-- Up-to-date: /home/abc/planning_with_ros2/install/base_msgs/lib/libbase_msgs__rosidl_typesupport_fastrtps_c.so\n'}
[0.393411] (base_msgs) StdoutLine: {'line': b'-- Up-to-date: /home/abc/planning_with_ros2/install/base_msgs/include/base_msgs/base_msgs\n'}
[0.393466] (base_msgs) StdoutLine: {'line': b'-- Up-to-date: /home/abc/planning_with_ros2/install/base_msgs/include/base_msgs/base_msgs/msg\n'}
[0.393521] (base_msgs) StdoutLine: {'line': b'-- Up-to-date: /home/abc/planning_with_ros2/install/base_msgs/include/base_msgs/base_msgs/msg/rosidl_typesupport_introspection_c__visibility_control.h\n'}
[0.393575] (base_msgs) StdoutLine: {'line': b'-- Up-to-date: /home/abc/planning_with_ros2/install/base_msgs/include/base_msgs/base_msgs/msg/detail\n'}
[0.393629] (base_msgs) StdoutLine: {'line': b'-- Up-to-date: /home/abc/planning_with_ros2/install/base_msgs/include/base_msgs/base_msgs/msg/detail/local_trajectory__type_support.c\n'}
[0.393684] (base_msgs) StdoutLine: {'line': b'-- Up-to-date: /home/abc/planning_with_ros2/install/base_msgs/include/base_msgs/base_msgs/msg/detail/local_path_point__rosidl_typesupport_introspection_c.h\n'}
[0.393738] (base_msgs) StdoutLine: {'line': b'-- Up-to-date: /home/abc/planning_with_ros2/install/base_msgs/include/base_msgs/base_msgs/msg/detail/local_speeds_point__type_support.c\n'}
[0.393793] (base_msgs) StdoutLine: {'line': b'-- Up-to-date: /home/abc/planning_with_ros2/install/base_msgs/include/base_msgs/base_msgs/msg/detail/referline__type_support.c\n'}
[0.393846] (base_msgs) StdoutLine: {'line': b'-- Up-to-date: /home/abc/planning_with_ros2/install/base_msgs/include/base_msgs/base_msgs/msg/detail/pnc_map__rosidl_typesupport_introspection_c.h\n'}
[0.393911] (base_msgs) StdoutLine: {'line': b'-- Up-to-date: /home/abc/planning_with_ros2/install/base_msgs/include/base_msgs/base_msgs/msg/detail/local_speeds_point__rosidl_typesupport_introspection_c.h\n'}
[0.393975] (base_msgs) StdoutLine: {'line': b'-- Up-to-date: /home/abc/planning_with_ros2/install/base_msgs/include/base_msgs/base_msgs/msg/detail/local_trajectory__rosidl_typesupport_introspection_c.h\n'}
[0.394032] (base_msgs) StdoutLine: {'line': b'-- Up-to-date: /home/abc/planning_with_ros2/install/base_msgs/include/base_msgs/base_msgs/msg/detail/local_speeds__type_support.c\n'}
[0.394087] (base_msgs) StdoutLine: {'line': b'-- Up-to-date: /home/abc/planning_with_ros2/install/base_msgs/include/base_msgs/base_msgs/msg/detail/referline_point__type_support.c\n'}
[0.394157] (base_msgs) StdoutLine: {'line': b'-- Up-to-date: /home/abc/planning_with_ros2/install/base_msgs/include/base_msgs/base_msgs/msg/detail/referline_point__rosidl_typesupport_introspection_c.h\n'}
[0.394213] (base_msgs) StdoutLine: {'line': b'-- Up-to-date: /home/abc/planning_with_ros2/install/base_msgs/include/base_msgs/base_msgs/msg/detail/pnc_map__type_support.c\n'}
[0.394267] (base_msgs) StdoutLine: {'line': b'-- Up-to-date: /home/abc/planning_with_ros2/install/base_msgs/include/base_msgs/base_msgs/msg/detail/referline__rosidl_typesupport_introspection_c.h\n'}
[0.394321] (base_msgs) StdoutLine: {'line': b'-- Up-to-date: /home/abc/planning_with_ros2/install/base_msgs/include/base_msgs/base_msgs/msg/detail/local_trajectory_point__rosidl_typesupport_introspection_c.h\n'}
[0.394383] (base_msgs) StdoutLine: {'line': b'-- Up-to-date: /home/abc/planning_with_ros2/install/base_msgs/include/base_msgs/base_msgs/msg/detail/obs_info__rosidl_typesupport_introspection_c.h\n'}
[0.394438] (base_msgs) StdoutLine: {'line': b'-- Up-to-date: /home/abc/planning_with_ros2/install/base_msgs/include/base_msgs/base_msgs/msg/detail/obs_info__type_support.c\n'}
[0.394492] (base_msgs) StdoutLine: {'line': b'-- Up-to-date: /home/abc/planning_with_ros2/install/base_msgs/include/base_msgs/base_msgs/msg/detail/local_path__type_support.c\n'}
[0.394547] (base_msgs) StdoutLine: {'line': b'-- Up-to-date: /home/abc/planning_with_ros2/install/base_msgs/include/base_msgs/base_msgs/msg/detail/local_path_point__type_support.c\n'}
[0.394601] (base_msgs) StdoutLine: {'line': b'-- Up-to-date: /home/abc/planning_with_ros2/install/base_msgs/include/base_msgs/base_msgs/msg/detail/local_trajectory_point__type_support.c\n'}
[0.394655] (base_msgs) StdoutLine: {'line': b'-- Up-to-date: /home/abc/planning_with_ros2/install/base_msgs/include/base_msgs/base_msgs/msg/detail/plot_info__type_support.c\n'}
[0.394710] (base_msgs) StdoutLine: {'line': b'-- Up-to-date: /home/abc/planning_with_ros2/install/base_msgs/include/base_msgs/base_msgs/msg/detail/local_speeds__rosidl_typesupport_introspection_c.h\n'}
[0.394765] (base_msgs) StdoutLine: {'line': b'-- Up-to-date: /home/abc/planning_with_ros2/install/base_msgs/include/base_msgs/base_msgs/msg/detail/local_path__rosidl_typesupport_introspection_c.h\n'}
[0.394829] (base_msgs) StdoutLine: {'line': b'-- Up-to-date: /home/abc/planning_with_ros2/install/base_msgs/include/base_msgs/base_msgs/msg/detail/plot_info__rosidl_typesupport_introspection_c.h\n'}
[0.394885] (base_msgs) StdoutLine: {'line': b'-- Up-to-date: /home/abc/planning_with_ros2/install/base_msgs/include/base_msgs/base_msgs/srv\n'}
[0.394952] (base_msgs) StdoutLine: {'line': b'-- Up-to-date: /home/abc/planning_with_ros2/install/base_msgs/include/base_msgs/base_msgs/srv/detail\n'}
[0.395007] (base_msgs) StdoutLine: {'line': b'-- Up-to-date: /home/abc/planning_with_ros2/install/base_msgs/include/base_msgs/base_msgs/srv/detail/global_path_service__type_support.c\n'}
[0.395064] (base_msgs) StdoutLine: {'line': b'-- Up-to-date: /home/abc/planning_with_ros2/install/base_msgs/include/base_msgs/base_msgs/srv/detail/global_path_service__rosidl_typesupport_introspection_c.h\n'}
[0.395122] (base_msgs) StdoutLine: {'line': b'-- Up-to-date: /home/abc/planning_with_ros2/install/base_msgs/include/base_msgs/base_msgs/srv/detail/pnc_map_service__rosidl_typesupport_introspection_c.h\n'}
[0.395181] (base_msgs) StdoutLine: {'line': b'-- Up-to-date: /home/abc/planning_with_ros2/install/base_msgs/include/base_msgs/base_msgs/srv/detail/pnc_map_service__type_support.c\n'}
[0.395238] (base_msgs) StdoutLine: {'line': b'-- Up-to-date: /home/abc/planning_with_ros2/install/base_msgs/lib/libbase_msgs__rosidl_typesupport_introspection_c.so\n'}
[0.395294] (base_msgs) StdoutLine: {'line': b'-- Up-to-date: /home/abc/planning_with_ros2/install/base_msgs/lib/libbase_msgs__rosidl_typesupport_c.so\n'}
[0.395349] (base_msgs) StdoutLine: {'line': b'-- Up-to-date: /home/abc/planning_with_ros2/install/base_msgs/include/base_msgs/base_msgs\n'}
[0.395413] (base_msgs) StdoutLine: {'line': b'-- Up-to-date: /home/abc/planning_with_ros2/install/base_msgs/include/base_msgs/base_msgs/msg\n'}
[0.395471] (base_msgs) StdoutLine: {'line': b'-- Up-to-date: /home/abc/planning_with_ros2/install/base_msgs/include/base_msgs/base_msgs/msg/local_speeds.hpp\n'}
[0.395526] (base_msgs) StdoutLine: {'line': b'-- Up-to-date: /home/abc/planning_with_ros2/install/base_msgs/include/base_msgs/base_msgs/msg/local_path_point.hpp\n'}
[0.395581] (base_msgs) StdoutLine: {'line': b'-- Up-to-date: /home/abc/planning_with_ros2/install/base_msgs/include/base_msgs/base_msgs/msg/detail\n'}
[0.395639] (base_msgs) StdoutLine: {'line': b'-- Up-to-date: /home/abc/planning_with_ros2/install/base_msgs/include/base_msgs/base_msgs/msg/detail/pnc_map__traits.hpp\n'}
[0.395694] (base_msgs) StdoutLine: {'line': b'-- Up-to-date: /home/abc/planning_with_ros2/install/base_msgs/include/base_msgs/base_msgs/msg/detail/local_trajectory_point__type_support.hpp\n'}
[0.395749] (base_msgs) StdoutLine: {'line': b'-- Up-to-date: /home/abc/planning_with_ros2/install/base_msgs/include/base_msgs/base_msgs/msg/detail/obs_info__builder.hpp\n'}
[0.395803] (base_msgs) StdoutLine: {'line': b'-- Up-to-date: /home/abc/planning_with_ros2/install/base_msgs/include/base_msgs/base_msgs/msg/detail/referline_point__type_support.hpp\n'}
[0.395857] (base_msgs) StdoutLine: {'line': b'-- Up-to-date: /home/abc/planning_with_ros2/install/base_msgs/include/base_msgs/base_msgs/msg/detail/local_path__struct.hpp\n'}
[0.395932] (base_msgs) StdoutLine: {'line': b'-- Up-to-date: /home/abc/planning_with_ros2/install/base_msgs/include/base_msgs/base_msgs/msg/detail/plot_info__struct.hpp\n'}
[0.395995] (base_msgs) StdoutLine: {'line': b'-- Up-to-date: /home/abc/planning_with_ros2/install/base_msgs/include/base_msgs/base_msgs/msg/detail/pnc_map__builder.hpp\n'}
[0.396049] (base_msgs) StdoutLine: {'line': b'-- Up-to-date: /home/abc/planning_with_ros2/install/base_msgs/include/base_msgs/base_msgs/msg/detail/plot_info__builder.hpp\n'}
[0.396103] (base_msgs) StdoutLine: {'line': b'-- Up-to-date: /home/abc/planning_with_ros2/install/base_msgs/include/base_msgs/base_msgs/msg/detail/referline__traits.hpp\n'}
[0.396157] (base_msgs) StdoutLine: {'line': b'-- Up-to-date: /home/abc/planning_with_ros2/install/base_msgs/include/base_msgs/base_msgs/msg/detail/local_speeds_point__struct.hpp\n'}
[0.396211] (base_msgs) StdoutLine: {'line': b'-- Up-to-date: /home/abc/planning_with_ros2/install/base_msgs/include/base_msgs/base_msgs/msg/detail/local_trajectory__type_support.hpp\n'}
[0.396264] (base_msgs) StdoutLine: {'line': b'-- Up-to-date: /home/abc/planning_with_ros2/install/base_msgs/include/base_msgs/base_msgs/msg/detail/local_path_point__struct.hpp\n'}
[0.396318] (base_msgs) StdoutLine: {'line': b'-- Up-to-date: /home/abc/planning_with_ros2/install/base_msgs/include/base_msgs/base_msgs/msg/detail/local_speeds__builder.hpp\n'}
[0.396371] (base_msgs) StdoutLine: {'line': b'-- Up-to-date: /home/abc/planning_with_ros2/install/base_msgs/include/base_msgs/base_msgs/msg/detail/local_path__traits.hpp\n'}
[0.396427] (base_msgs) StdoutLine: {'line': b'-- Up-to-date: /home/abc/planning_with_ros2/install/base_msgs/include/base_msgs/base_msgs/msg/detail/local_trajectory__struct.hpp\n'}
[0.396486] (base_msgs) StdoutLine: {'line': b'-- Up-to-date: /home/abc/planning_with_ros2/install/base_msgs/include/base_msgs/base_msgs/msg/detail/local_speeds_point__traits.hpp\n'}
[0.396541] (base_msgs) StdoutLine: {'line': b'-- Up-to-date: /home/abc/planning_with_ros2/install/base_msgs/include/base_msgs/base_msgs/msg/detail/local_speeds_point__type_support.hpp\n'}
[0.396595] (base_msgs) StdoutLine: {'line': b'-- Up-to-date: /home/abc/planning_with_ros2/install/base_msgs/include/base_msgs/base_msgs/msg/detail/local_path__builder.hpp\n'}
[0.396650] (base_msgs) StdoutLine: {'line': b'-- Up-to-date: /home/abc/planning_with_ros2/install/base_msgs/include/base_msgs/base_msgs/msg/detail/plot_info__type_support.hpp\n'}
[0.396715] (base_msgs) StdoutLine: {'line': b'-- Up-to-date: /home/abc/planning_with_ros2/install/base_msgs/include/base_msgs/base_msgs/msg/detail/referline_point__builder.hpp\n'}
[0.396770] (base_msgs) StdoutLine: {'line': b'-- Up-to-date: /home/abc/planning_with_ros2/install/base_msgs/include/base_msgs/base_msgs/msg/detail/obs_info__type_support.hpp\n'}
[0.396826] (base_msgs) StdoutLine: {'line': b'-- Up-to-date: /home/abc/planning_with_ros2/install/base_msgs/include/base_msgs/base_msgs/msg/detail/referline__builder.hpp\n'}
[0.396884] (base_msgs) StdoutLine: {'line': b'-- Up-to-date: /home/abc/planning_with_ros2/install/base_msgs/include/base_msgs/base_msgs/msg/detail/pnc_map__struct.hpp\n'}
[0.396957] (base_msgs) StdoutLine: {'line': b'-- Up-to-date: /home/abc/planning_with_ros2/install/base_msgs/include/base_msgs/base_msgs/msg/detail/local_path_point__traits.hpp\n'}
[0.397016] (base_msgs) StdoutLine: {'line': b'-- Up-to-date: /home/abc/planning_with_ros2/install/base_msgs/include/base_msgs/base_msgs/msg/detail/local_speeds__type_support.hpp\n'}
[0.397073] (base_msgs) StdoutLine: {'line': b'-- Up-to-date: /home/abc/planning_with_ros2/install/base_msgs/include/base_msgs/base_msgs/msg/detail/obs_info__traits.hpp\n'}
[0.397128] (base_msgs) StdoutLine: {'line': b'-- Up-to-date: /home/abc/planning_with_ros2/install/base_msgs/include/base_msgs/base_msgs/msg/detail/local_trajectory__builder.hpp\n'}
[0.397183] (base_msgs) StdoutLine: {'line': b'-- Up-to-date: /home/abc/planning_with_ros2/install/base_msgs/include/base_msgs/base_msgs/msg/detail/local_trajectory__traits.hpp\n'}
[0.397238] (base_msgs) StdoutLine: {'line': b'-- Up-to-date: /home/abc/planning_with_ros2/install/base_msgs/include/base_msgs/base_msgs/msg/detail/referline__struct.hpp\n'}
[0.397293] (base_msgs) StdoutLine: {'line': b'-- Up-to-date: /home/abc/planning_with_ros2/install/base_msgs/include/base_msgs/base_msgs/msg/detail/referline__type_support.hpp\n'}
[0.397352] (base_msgs) StdoutLine: {'line': b'-- Up-to-date: /home/abc/planning_with_ros2/install/base_msgs/include/base_msgs/base_msgs/msg/detail/referline_point__struct.hpp\n'}
[0.397406] (base_msgs) StdoutLine: {'line': b'-- Up-to-date: /home/abc/planning_with_ros2/install/base_msgs/include/base_msgs/base_msgs/msg/detail/plot_info__traits.hpp\n'}
[0.397460] (base_msgs) StdoutLine: {'line': b'-- Up-to-date: /home/abc/planning_with_ros2/install/base_msgs/include/base_msgs/base_msgs/msg/detail/local_trajectory_point__builder.hpp\n'}
[0.397523] (base_msgs) StdoutLine: {'line': b'-- Up-to-date: /home/abc/planning_with_ros2/install/base_msgs/include/base_msgs/base_msgs/msg/detail/local_speeds__traits.hpp\n'}
[0.397577] (base_msgs) StdoutLine: {'line': b'-- Up-to-date: /home/abc/planning_with_ros2/install/base_msgs/include/base_msgs/base_msgs/msg/detail/local_trajectory_point__traits.hpp\n'}
[0.397631] (base_msgs) StdoutLine: {'line': b'-- Up-to-date: /home/abc/planning_with_ros2/install/base_msgs/include/base_msgs/base_msgs/msg/detail/local_path__type_support.hpp\n'}
[0.397685] (base_msgs) StdoutLine: {'line': b'-- Up-to-date: /home/abc/planning_with_ros2/install/base_msgs/include/base_msgs/base_msgs/msg/detail/local_path_point__type_support.hpp\n'}
[0.397741] (base_msgs) StdoutLine: {'line': b'-- Up-to-date: /home/abc/planning_with_ros2/install/base_msgs/include/base_msgs/base_msgs/msg/detail/local_trajectory_point__struct.hpp\n'}
[0.397797] (base_msgs) StdoutLine: {'line': b'-- Up-to-date: /home/abc/planning_with_ros2/install/base_msgs/include/base_msgs/base_msgs/msg/detail/obs_info__struct.hpp\n'}
[0.397851] (base_msgs) StdoutLine: {'line': b'-- Up-to-date: /home/abc/planning_with_ros2/install/base_msgs/include/base_msgs/base_msgs/msg/detail/referline_point__traits.hpp\n'}
[0.397915] (base_msgs) StdoutLine: {'line': b'-- Up-to-date: /home/abc/planning_with_ros2/install/base_msgs/include/base_msgs/base_msgs/msg/detail/local_speeds_point__builder.hpp\n'}
[0.397974] (base_msgs) StdoutLine: {'line': b'-- Up-to-date: /home/abc/planning_with_ros2/install/base_msgs/include/base_msgs/base_msgs/msg/detail/pnc_map__type_support.hpp\n'}
[0.398032] (base_msgs) StdoutLine: {'line': b'-- Up-to-date: /home/abc/planning_with_ros2/install/base_msgs/include/base_msgs/base_msgs/msg/detail/local_speeds__struct.hpp\n'}
[0.398085] (base_msgs) StdoutLine: {'line': b'-- Up-to-date: /home/abc/planning_with_ros2/install/base_msgs/include/base_msgs/base_msgs/msg/detail/local_path_point__builder.hpp\n'}
[0.398139] (base_msgs) StdoutLine: {'line': b'-- Up-to-date: /home/abc/planning_with_ros2/install/base_msgs/include/base_msgs/base_msgs/msg/local_path.hpp\n'}
[0.398193] (base_msgs) StdoutLine: {'line': b'-- Up-to-date: /home/abc/planning_with_ros2/install/base_msgs/include/base_msgs/base_msgs/msg/rosidl_generator_cpp__visibility_control.hpp\n'}
[0.398247] (base_msgs) StdoutLine: {'line': b'-- Up-to-date: /home/abc/planning_with_ros2/install/base_msgs/include/base_msgs/base_msgs/msg/referline.hpp\n'}
[0.398302] (base_msgs) StdoutLine: {'line': b'-- Up-to-date: /home/abc/planning_with_ros2/install/base_msgs/include/base_msgs/base_msgs/msg/local_trajectory_point.hpp\n'}
[0.398355] (base_msgs) StdoutLine: {'line': b'-- Up-to-date: /home/abc/planning_with_ros2/install/base_msgs/include/base_msgs/base_msgs/msg/obs_info.hpp\n'}
[0.398415] (base_msgs) StdoutLine: {'line': b'-- Up-to-date: /home/abc/planning_with_ros2/install/base_msgs/include/base_msgs/base_msgs/msg/plot_info.hpp\n'}
[0.398472] (base_msgs) StdoutLine: {'line': b'-- Up-to-date: /home/abc/planning_with_ros2/install/base_msgs/include/base_msgs/base_msgs/msg/local_trajectory.hpp\n'}
[0.398534] (base_msgs) StdoutLine: {'line': b'-- Up-to-date: /home/abc/planning_with_ros2/install/base_msgs/include/base_msgs/base_msgs/msg/local_speeds_point.hpp\n'}
[0.398595] (base_msgs) StdoutLine: {'line': b'-- Up-to-date: /home/abc/planning_with_ros2/install/base_msgs/include/base_msgs/base_msgs/msg/pnc_map.hpp\n'}
[0.398652] (base_msgs) StdoutLine: {'line': b'-- Up-to-date: /home/abc/planning_with_ros2/install/base_msgs/include/base_msgs/base_msgs/msg/referline_point.hpp\n'}
[0.398708] (base_msgs) StdoutLine: {'line': b'-- Up-to-date: /home/abc/planning_with_ros2/install/base_msgs/include/base_msgs/base_msgs/srv\n'}
[0.398763] (base_msgs) StdoutLine: {'line': b'-- Up-to-date: /home/abc/planning_with_ros2/install/base_msgs/include/base_msgs/base_msgs/srv/pnc_map_service.hpp\n'}
[0.398818] (base_msgs) StdoutLine: {'line': b'-- Up-to-date: /home/abc/planning_with_ros2/install/base_msgs/include/base_msgs/base_msgs/srv/detail\n'}
[0.398918] (base_msgs) StdoutLine: {'line': b'-- Up-to-date: /home/abc/planning_with_ros2/install/base_msgs/include/base_msgs/base_msgs/srv/detail/global_path_service__builder.hpp\n'}
[0.398985] (base_msgs) StdoutLine: {'line': b'-- Up-to-date: /home/abc/planning_with_ros2/install/base_msgs/include/base_msgs/base_msgs/srv/detail/pnc_map_service__traits.hpp\n'}
[0.399040] (base_msgs) StdoutLine: {'line': b'-- Up-to-date: /home/abc/planning_with_ros2/install/base_msgs/include/base_msgs/base_msgs/srv/detail/pnc_map_service__type_support.hpp\n'}
[0.399095] (base_msgs) StdoutLine: {'line': b'-- Up-to-date: /home/abc/planning_with_ros2/install/base_msgs/include/base_msgs/base_msgs/srv/detail/global_path_service__struct.hpp\n'}
[0.399154] (base_msgs) StdoutLine: {'line': b'-- Up-to-date: /home/abc/planning_with_ros2/install/base_msgs/include/base_msgs/base_msgs/srv/detail/pnc_map_service__builder.hpp\n'}
[0.399217] (base_msgs) StdoutLine: {'line': b'-- Up-to-date: /home/abc/planning_with_ros2/install/base_msgs/include/base_msgs/base_msgs/srv/detail/global_path_service__type_support.hpp\n'}
[0.399273] (base_msgs) StdoutLine: {'line': b'-- Up-to-date: /home/abc/planning_with_ros2/install/base_msgs/include/base_msgs/base_msgs/srv/detail/global_path_service__traits.hpp\n'}
[0.399327] (base_msgs) StdoutLine: {'line': b'-- Up-to-date: /home/abc/planning_with_ros2/install/base_msgs/include/base_msgs/base_msgs/srv/detail/pnc_map_service__struct.hpp\n'}
[0.399381] (base_msgs) StdoutLine: {'line': b'-- Up-to-date: /home/abc/planning_with_ros2/install/base_msgs/include/base_msgs/base_msgs/srv/global_path_service.hpp\n'}
[0.399439] (base_msgs) StdoutLine: {'line': b'-- Up-to-date: /home/abc/planning_with_ros2/install/base_msgs/include/base_msgs/base_msgs\n'}
[0.399493] (base_msgs) StdoutLine: {'line': b'-- Up-to-date: /home/abc/planning_with_ros2/install/base_msgs/include/base_msgs/base_msgs/msg\n'}
[0.399547] (base_msgs) StdoutLine: {'line': b'-- Up-to-date: /home/abc/planning_with_ros2/install/base_msgs/include/base_msgs/base_msgs/msg/detail\n'}
[0.399614] (base_msgs) StdoutLine: {'line': b'-- Up-to-date: /home/abc/planning_with_ros2/install/base_msgs/include/base_msgs/base_msgs/msg/detail/local_path__rosidl_typesupport_fastrtps_cpp.hpp\n'}
[0.399724] (base_msgs) StdoutLine: {'line': b'-- Up-to-date: /home/abc/planning_with_ros2/install/base_msgs/include/base_msgs/base_msgs/msg/detail/referline__rosidl_typesupport_fastrtps_cpp.hpp\n'}
[0.399779] (base_msgs) StdoutLine: {'line': b'-- Up-to-date: /home/abc/planning_with_ros2/install/base_msgs/include/base_msgs/base_msgs/msg/detail/local_trajectory__rosidl_typesupport_fastrtps_cpp.hpp\n'}
[0.399833] (base_msgs) StdoutLine: {'line': b'-- Up-to-date: /home/abc/planning_with_ros2/install/base_msgs/include/base_msgs/base_msgs/msg/detail/local_trajectory_point__rosidl_typesupport_fastrtps_cpp.hpp\n'}
[0.399893] (base_msgs) StdoutLine: {'line': b'-- Up-to-date: /home/abc/planning_with_ros2/install/base_msgs/include/base_msgs/base_msgs/msg/detail/obs_info__rosidl_typesupport_fastrtps_cpp.hpp\n'}
[0.399954] (base_msgs) StdoutLine: {'line': b'-- Up-to-date: /home/abc/planning_with_ros2/install/base_msgs/include/base_msgs/base_msgs/msg/detail/local_path_point__rosidl_typesupport_fastrtps_cpp.hpp\n'}
[0.400008] (base_msgs) StdoutLine: {'line': b'-- Up-to-date: /home/abc/planning_with_ros2/install/base_msgs/include/base_msgs/base_msgs/msg/detail/referline_point__rosidl_typesupport_fastrtps_cpp.hpp\n'}
[0.400062] (base_msgs) StdoutLine: {'line': b'-- Up-to-date: /home/abc/planning_with_ros2/install/base_msgs/include/base_msgs/base_msgs/msg/detail/pnc_map__rosidl_typesupport_fastrtps_cpp.hpp\n'}
[0.400114] (base_msgs) StdoutLine: {'line': b'-- Up-to-date: /home/abc/planning_with_ros2/install/base_msgs/include/base_msgs/base_msgs/msg/detail/local_speeds__rosidl_typesupport_fastrtps_cpp.hpp\n'}
[0.400165] (-) TimerEvent: {}
[0.400258] (base_msgs) StdoutLine: {'line': b'-- Up-to-date: /home/abc/planning_with_ros2/install/base_msgs/include/base_msgs/base_msgs/msg/detail/dds_fastrtps\n'}
[0.400324] (base_msgs) StdoutLine: {'line': b'-- Up-to-date: /home/abc/planning_with_ros2/install/base_msgs/include/base_msgs/base_msgs/msg/detail/local_speeds_point__rosidl_typesupport_fastrtps_cpp.hpp\n'}
[0.400381] (base_msgs) StdoutLine: {'line': b'-- Up-to-date: /home/abc/planning_with_ros2/install/base_msgs/include/base_msgs/base_msgs/msg/detail/plot_info__rosidl_typesupport_fastrtps_cpp.hpp\n'}
[0.400438] (base_msgs) StdoutLine: {'line': b'-- Up-to-date: /home/abc/planning_with_ros2/install/base_msgs/include/base_msgs/base_msgs/msg/rosidl_typesupport_fastrtps_cpp__visibility_control.h\n'}
[0.400492] (base_msgs) StdoutLine: {'line': b'-- Up-to-date: /home/abc/planning_with_ros2/install/base_msgs/include/base_msgs/base_msgs/srv\n'}
[0.400555] (base_msgs) StdoutLine: {'line': b'-- Up-to-date: /home/abc/planning_with_ros2/install/base_msgs/include/base_msgs/base_msgs/srv/detail\n'}
[0.400609] (base_msgs) StdoutLine: {'line': b'-- Up-to-date: /home/abc/planning_with_ros2/install/base_msgs/include/base_msgs/base_msgs/srv/detail/global_path_service__rosidl_typesupport_fastrtps_cpp.hpp\n'}
[0.400671] (base_msgs) StdoutLine: {'line': b'-- Up-to-date: /home/abc/planning_with_ros2/install/base_msgs/include/base_msgs/base_msgs/srv/detail/pnc_map_service__rosidl_typesupport_fastrtps_cpp.hpp\n'}
[0.400729] (base_msgs) StdoutLine: {'line': b'-- Up-to-date: /home/abc/planning_with_ros2/install/base_msgs/include/base_msgs/base_msgs/srv/detail/dds_fastrtps\n'}
[0.400782] (base_msgs) StdoutLine: {'line': b'-- Up-to-date: /home/abc/planning_with_ros2/install/base_msgs/lib/libbase_msgs__rosidl_typesupport_fastrtps_cpp.so\n'}
[0.400843] (base_msgs) StdoutLine: {'line': b'-- Up-to-date: /home/abc/planning_with_ros2/install/base_msgs/include/base_msgs/base_msgs\n'}
[0.400904] (base_msgs) StdoutLine: {'line': b'-- Up-to-date: /home/abc/planning_with_ros2/install/base_msgs/include/base_msgs/base_msgs/msg\n'}
[0.400966] (base_msgs) StdoutLine: {'line': b'-- Up-to-date: /home/abc/planning_with_ros2/install/base_msgs/include/base_msgs/base_msgs/msg/detail\n'}
[0.401061] (base_msgs) StdoutLine: {'line': b'-- Up-to-date: /home/abc/planning_with_ros2/install/base_msgs/include/base_msgs/base_msgs/msg/detail/local_trajectory__type_support.cpp\n'}
[0.401117] (base_msgs) StdoutLine: {'line': b'-- Up-to-date: /home/abc/planning_with_ros2/install/base_msgs/include/base_msgs/base_msgs/msg/detail/local_speeds_point__type_support.cpp\n'}
[0.401170] (base_msgs) StdoutLine: {'line': b'-- Up-to-date: /home/abc/planning_with_ros2/install/base_msgs/include/base_msgs/base_msgs/msg/detail/local_speeds_point__rosidl_typesupport_introspection_cpp.hpp\n'}
[0.401224] (base_msgs) StdoutLine: {'line': b'-- Up-to-date: /home/abc/planning_with_ros2/install/base_msgs/include/base_msgs/base_msgs/msg/detail/pnc_map__type_support.cpp\n'}
[0.401278] (base_msgs) StdoutLine: {'line': b'-- Up-to-date: /home/abc/planning_with_ros2/install/base_msgs/include/base_msgs/base_msgs/msg/detail/referline__type_support.cpp\n'}
[0.401357] (base_msgs) StdoutLine: {'line': b'-- Up-to-date: /home/abc/planning_with_ros2/install/base_msgs/include/base_msgs/base_msgs/msg/detail/obs_info__rosidl_typesupport_introspection_cpp.hpp\n'}
[0.401432] (base_msgs) StdoutLine: {'line': b'-- Up-to-date: /home/abc/planning_with_ros2/install/base_msgs/include/base_msgs/base_msgs/msg/detail/referline__rosidl_typesupport_introspection_cpp.hpp\n'}
[0.401508] (base_msgs) StdoutLine: {'line': b'-- Up-to-date: /home/abc/planning_with_ros2/install/base_msgs/include/base_msgs/base_msgs/msg/detail/local_speeds__type_support.cpp\n'}
[0.401592] (base_msgs) StdoutLine: {'line': b'-- Up-to-date: /home/abc/planning_with_ros2/install/base_msgs/include/base_msgs/base_msgs/msg/detail/local_trajectory_point__rosidl_typesupport_introspection_cpp.hpp\n'}
[0.401646] (base_msgs) StdoutLine: {'line': b'-- Up-to-date: /home/abc/planning_with_ros2/install/base_msgs/include/base_msgs/base_msgs/msg/detail/plot_info__type_support.cpp\n'}
[0.401701] (base_msgs) StdoutLine: {'line': b'-- Up-to-date: /home/abc/planning_with_ros2/install/base_msgs/include/base_msgs/base_msgs/msg/detail/local_path__rosidl_typesupport_introspection_cpp.hpp\n'}
[0.401764] (base_msgs) StdoutLine: {'line': b'-- Up-to-date: /home/abc/planning_with_ros2/install/base_msgs/include/base_msgs/base_msgs/msg/detail/local_path_point__type_support.cpp\n'}
[0.401818] (base_msgs) StdoutLine: {'line': b'-- Up-to-date: /home/abc/planning_with_ros2/install/base_msgs/include/base_msgs/base_msgs/msg/detail/pnc_map__rosidl_typesupport_introspection_cpp.hpp\n'}
[0.401873] (base_msgs) StdoutLine: {'line': b'-- Up-to-date: /home/abc/planning_with_ros2/install/base_msgs/include/base_msgs/base_msgs/msg/detail/plot_info__rosidl_typesupport_introspection_cpp.hpp\n'}
[0.401939] (base_msgs) StdoutLine: {'line': b'-- Up-to-date: /home/abc/planning_with_ros2/install/base_msgs/include/base_msgs/base_msgs/msg/detail/local_trajectory__rosidl_typesupport_introspection_cpp.hpp\n'}
[0.401996] (base_msgs) StdoutLine: {'line': b'-- Up-to-date: /home/abc/planning_with_ros2/install/base_msgs/include/base_msgs/base_msgs/msg/detail/referline_point__type_support.cpp\n'}
[0.402051] (base_msgs) StdoutLine: {'line': b'-- Up-to-date: /home/abc/planning_with_ros2/install/base_msgs/include/base_msgs/base_msgs/msg/detail/obs_info__type_support.cpp\n'}
[0.402105] (base_msgs) StdoutLine: {'line': b'-- Up-to-date: /home/abc/planning_with_ros2/install/base_msgs/include/base_msgs/base_msgs/msg/detail/referline_point__rosidl_typesupport_introspection_cpp.hpp\n'}
[0.402160] (base_msgs) StdoutLine: {'line': b'-- Up-to-date: /home/abc/planning_with_ros2/install/base_msgs/include/base_msgs/base_msgs/msg/detail/local_speeds__rosidl_typesupport_introspection_cpp.hpp\n'}
[0.402220] (base_msgs) StdoutLine: {'line': b'-- Up-to-date: /home/abc/planning_with_ros2/install/base_msgs/include/base_msgs/base_msgs/msg/detail/local_path__type_support.cpp\n'}
[0.402273] (base_msgs) StdoutLine: {'line': b'-- Up-to-date: /home/abc/planning_with_ros2/install/base_msgs/include/base_msgs/base_msgs/msg/detail/local_trajectory_point__type_support.cpp\n'}
[0.402328] (base_msgs) StdoutLine: {'line': b'-- Up-to-date: /home/abc/planning_with_ros2/install/base_msgs/include/base_msgs/base_msgs/msg/detail/local_path_point__rosidl_typesupport_introspection_cpp.hpp\n'}
[0.402389] (base_msgs) StdoutLine: {'line': b'-- Up-to-date: /home/abc/planning_with_ros2/install/base_msgs/include/base_msgs/base_msgs/srv\n'}
[0.402443] (base_msgs) StdoutLine: {'line': b'-- Up-to-date: /home/abc/planning_with_ros2/install/base_msgs/include/base_msgs/base_msgs/srv/detail\n'}
[0.402498] (base_msgs) StdoutLine: {'line': b'-- Up-to-date: /home/abc/planning_with_ros2/install/base_msgs/include/base_msgs/base_msgs/srv/detail/pnc_map_service__rosidl_typesupport_introspection_cpp.hpp\n'}
[0.402553] (base_msgs) StdoutLine: {'line': b'-- Up-to-date: /home/abc/planning_with_ros2/install/base_msgs/include/base_msgs/base_msgs/srv/detail/pnc_map_service__type_support.cpp\n'}
[0.402608] (base_msgs) StdoutLine: {'line': b'-- Up-to-date: /home/abc/planning_with_ros2/install/base_msgs/include/base_msgs/base_msgs/srv/detail/global_path_service__type_support.cpp\n'}
[0.402668] (base_msgs) StdoutLine: {'line': b'-- Up-to-date: /home/abc/planning_with_ros2/install/base_msgs/include/base_msgs/base_msgs/srv/detail/global_path_service__rosidl_typesupport_introspection_cpp.hpp\n'}
[0.402722] (base_msgs) StdoutLine: {'line': b'-- Up-to-date: /home/abc/planning_with_ros2/install/base_msgs/lib/libbase_msgs__rosidl_typesupport_introspection_cpp.so\n'}
[0.402782] (base_msgs) StdoutLine: {'line': b'-- Up-to-date: /home/abc/planning_with_ros2/install/base_msgs/lib/libbase_msgs__rosidl_typesupport_cpp.so\n'}
[0.402839] (base_msgs) StdoutLine: {'line': b'-- Up-to-date: /home/abc/planning_with_ros2/install/base_msgs/share/base_msgs/environment/pythonpath.sh\n'}
[0.402899] (base_msgs) StdoutLine: {'line': b'-- Up-to-date: /home/abc/planning_with_ros2/install/base_msgs/share/base_msgs/environment/pythonpath.dsv\n'}
[0.402962] (base_msgs) StdoutLine: {'line': b'-- Up-to-date: /home/abc/planning_with_ros2/install/base_msgs/local/lib/python3.10/dist-packages/base_msgs-0.0.0-py3.10.egg-info\n'}
[0.403033] (base_msgs) StdoutLine: {'line': b'-- Installing: /home/abc/planning_with_ros2/install/base_msgs/local/lib/python3.10/dist-packages/base_msgs-0.0.0-py3.10.egg-info/dependency_links.txt\n'}
[0.403111] (base_msgs) StdoutLine: {'line': b'-- Installing: /home/abc/planning_with_ros2/install/base_msgs/local/lib/python3.10/dist-packages/base_msgs-0.0.0-py3.10.egg-info/SOURCES.txt\n'}
[0.403181] (base_msgs) StdoutLine: {'line': b'-- Installing: /home/abc/planning_with_ros2/install/base_msgs/local/lib/python3.10/dist-packages/base_msgs-0.0.0-py3.10.egg-info/top_level.txt\n'}
[0.403236] (base_msgs) StdoutLine: {'line': b'-- Installing: /home/abc/planning_with_ros2/install/base_msgs/local/lib/python3.10/dist-packages/base_msgs-0.0.0-py3.10.egg-info/PKG-INFO\n'}
[0.403290] (base_msgs) StdoutLine: {'line': b'-- Up-to-date: /home/abc/planning_with_ros2/install/base_msgs/local/lib/python3.10/dist-packages/base_msgs\n'}
[0.403344] (base_msgs) StdoutLine: {'line': b'-- Up-to-date: /home/abc/planning_with_ros2/install/base_msgs/local/lib/python3.10/dist-packages/base_msgs/base_msgs_s__rosidl_typesupport_c.cpython-310-x86_64-linux-gnu.so\n'}
[0.403399] (base_msgs) StdoutLine: {'line': b'-- Up-to-date: /home/abc/planning_with_ros2/install/base_msgs/local/lib/python3.10/dist-packages/base_msgs/_base_msgs_s.ep.rosidl_typesupport_c.c\n'}
[0.403453] (base_msgs) StdoutLine: {'line': b'-- Up-to-date: /home/abc/planning_with_ros2/install/base_msgs/local/lib/python3.10/dist-packages/base_msgs/libbase_msgs__rosidl_generator_py.so\n'}
[0.403512] (base_msgs) StdoutLine: {'line': b'-- Up-to-date: /home/abc/planning_with_ros2/install/base_msgs/local/lib/python3.10/dist-packages/base_msgs/_base_msgs_s.ep.rosidl_typesupport_introspection_c.c\n'}
[0.403571] (base_msgs) StdoutLine: {'line': b'-- Up-to-date: /home/abc/planning_with_ros2/install/base_msgs/local/lib/python3.10/dist-packages/base_msgs/msg\n'}
[0.403627] (base_msgs) StdoutLine: {'line': b'-- Up-to-date: /home/abc/planning_with_ros2/install/base_msgs/local/lib/python3.10/dist-packages/base_msgs/msg/_obs_info.py\n'}
[0.403680] (base_msgs) StdoutLine: {'line': b'-- Up-to-date: /home/abc/planning_with_ros2/install/base_msgs/local/lib/python3.10/dist-packages/base_msgs/msg/_referline_s.c\n'}
[0.403733] (base_msgs) StdoutLine: {'line': b'-- Up-to-date: /home/abc/planning_with_ros2/install/base_msgs/local/lib/python3.10/dist-packages/base_msgs/msg/_local_path_s.c\n'}
[0.403787] (base_msgs) StdoutLine: {'line': b'-- Up-to-date: /home/abc/planning_with_ros2/install/base_msgs/local/lib/python3.10/dist-packages/base_msgs/msg/_local_speeds.py\n'}
[0.403849] (base_msgs) StdoutLine: {'line': b'-- Up-to-date: /home/abc/planning_with_ros2/install/base_msgs/local/lib/python3.10/dist-packages/base_msgs/msg/_local_path_point_s.c\n'}
[0.403952] (base_msgs) StdoutLine: {'line': b'-- Up-to-date: /home/abc/planning_with_ros2/install/base_msgs/local/lib/python3.10/dist-packages/base_msgs/msg/_referline_point_s.c\n'}
[0.404037] (base_msgs) StdoutLine: {'line': b'-- Up-to-date: /home/abc/planning_with_ros2/install/base_msgs/local/lib/python3.10/dist-packages/base_msgs/msg/_local_path.py\n'}
[0.404120] (base_msgs) StdoutLine: {'line': b'-- Up-to-date: /home/abc/planning_with_ros2/install/base_msgs/local/lib/python3.10/dist-packages/base_msgs/msg/_local_trajectory_point.py\n'}
[0.404200] (base_msgs) StdoutLine: {'line': b'-- Up-to-date: /home/abc/planning_with_ros2/install/base_msgs/local/lib/python3.10/dist-packages/base_msgs/msg/_local_speeds_s.c\n'}
[0.404347] (base_msgs) StdoutLine: {'line': b'-- Up-to-date: /home/abc/planning_with_ros2/install/base_msgs/local/lib/python3.10/dist-packages/base_msgs/msg/_referline.py\n'}
[0.404449] (base_msgs) StdoutLine: {'line': b'-- Up-to-date: /home/abc/planning_with_ros2/install/base_msgs/local/lib/python3.10/dist-packages/base_msgs/msg/_local_speeds_point.py\n'}
[0.404514] (base_msgs) StdoutLine: {'line': b'-- Up-to-date: /home/abc/planning_with_ros2/install/base_msgs/local/lib/python3.10/dist-packages/base_msgs/msg/_pnc_map.py\n'}
[0.404569] (base_msgs) StdoutLine: {'line': b'-- Up-to-date: /home/abc/planning_with_ros2/install/base_msgs/local/lib/python3.10/dist-packages/base_msgs/msg/__init__.py\n'}
[0.404628] (base_msgs) StdoutLine: {'line': b'-- Up-to-date: /home/abc/planning_with_ros2/install/base_msgs/local/lib/python3.10/dist-packages/base_msgs/msg/_plot_info_s.c\n'}
[0.404683] (base_msgs) StdoutLine: {'line': b'-- Up-to-date: /home/abc/planning_with_ros2/install/base_msgs/local/lib/python3.10/dist-packages/base_msgs/msg/_local_trajectory_s.c\n'}
[0.404737] (base_msgs) StdoutLine: {'line': b'-- Up-to-date: /home/abc/planning_with_ros2/install/base_msgs/local/lib/python3.10/dist-packages/base_msgs/msg/_referline_point.py\n'}
[0.404794] (base_msgs) StdoutLine: {'line': b'-- Up-to-date: /home/abc/planning_with_ros2/install/base_msgs/local/lib/python3.10/dist-packages/base_msgs/msg/_local_speeds_point_s.c\n'}
[0.404848] (base_msgs) StdoutLine: {'line': b'-- Up-to-date: /home/abc/planning_with_ros2/install/base_msgs/local/lib/python3.10/dist-packages/base_msgs/msg/_local_path_point.py\n'}
[0.404927] (base_msgs) StdoutLine: {'line': b'-- Up-to-date: /home/abc/planning_with_ros2/install/base_msgs/local/lib/python3.10/dist-packages/base_msgs/msg/_pnc_map_s.c\n'}
[0.404985] (base_msgs) StdoutLine: {'line': b'-- Up-to-date: /home/abc/planning_with_ros2/install/base_msgs/local/lib/python3.10/dist-packages/base_msgs/msg/_local_trajectory.py\n'}
[0.405039] (base_msgs) StdoutLine: {'line': b'-- Up-to-date: /home/abc/planning_with_ros2/install/base_msgs/local/lib/python3.10/dist-packages/base_msgs/msg/_local_trajectory_point_s.c\n'}
[0.405098] (base_msgs) StdoutLine: {'line': b'-- Up-to-date: /home/abc/planning_with_ros2/install/base_msgs/local/lib/python3.10/dist-packages/base_msgs/msg/_plot_info.py\n'}
[0.405152] (base_msgs) StdoutLine: {'line': b'-- Up-to-date: /home/abc/planning_with_ros2/install/base_msgs/local/lib/python3.10/dist-packages/base_msgs/msg/_obs_info_s.c\n'}
[0.405206] (base_msgs) StdoutLine: {'line': b'-- Up-to-date: /home/abc/planning_with_ros2/install/base_msgs/local/lib/python3.10/dist-packages/base_msgs/__init__.py\n'}
[0.405268] (base_msgs) StdoutLine: {'line': b'-- Up-to-date: /home/abc/planning_with_ros2/install/base_msgs/local/lib/python3.10/dist-packages/base_msgs/base_msgs_s__rosidl_typesupport_introspection_c.cpython-310-x86_64-linux-gnu.so\n'}
[0.405325] (base_msgs) StdoutLine: {'line': b'-- Up-to-date: /home/abc/planning_with_ros2/install/base_msgs/local/lib/python3.10/dist-packages/base_msgs/_base_msgs_s.ep.rosidl_typesupport_fastrtps_c.c\n'}
[0.405379] (base_msgs) StdoutLine: {'line': b'-- Up-to-date: /home/abc/planning_with_ros2/install/base_msgs/local/lib/python3.10/dist-packages/base_msgs/srv\n'}
[0.405435] (base_msgs) StdoutLine: {'line': b'-- Up-to-date: /home/abc/planning_with_ros2/install/base_msgs/local/lib/python3.10/dist-packages/base_msgs/srv/_pnc_map_service.py\n'}
[0.405490] (base_msgs) StdoutLine: {'line': b'-- Up-to-date: /home/abc/planning_with_ros2/install/base_msgs/local/lib/python3.10/dist-packages/base_msgs/srv/_global_path_service_s.c\n'}
[0.405544] (base_msgs) StdoutLine: {'line': b'-- Up-to-date: /home/abc/planning_with_ros2/install/base_msgs/local/lib/python3.10/dist-packages/base_msgs/srv/__init__.py\n'}
[0.405598] (base_msgs) StdoutLine: {'line': b'-- Up-to-date: /home/abc/planning_with_ros2/install/base_msgs/local/lib/python3.10/dist-packages/base_msgs/srv/_global_path_service.py\n'}
[0.405659] (base_msgs) StdoutLine: {'line': b'-- Up-to-date: /home/abc/planning_with_ros2/install/base_msgs/local/lib/python3.10/dist-packages/base_msgs/srv/_pnc_map_service_s.c\n'}
[0.405751] (base_msgs) StdoutLine: {'line': b'-- Up-to-date: /home/abc/planning_with_ros2/install/base_msgs/local/lib/python3.10/dist-packages/base_msgs/base_msgs_s__rosidl_typesupport_fastrtps_c.cpython-310-x86_64-linux-gnu.so\n'}
[0.429665] (base_msgs) StdoutLine: {'line': b"Listing '/home/abc/planning_with_ros2/install/base_msgs/local/lib/python3.10/dist-packages/base_msgs'...\n"}
[0.429843] (base_msgs) StdoutLine: {'line': b"Listing '/home/abc/planning_with_ros2/install/base_msgs/local/lib/python3.10/dist-packages/base_msgs/msg'...\n"}
[0.429927] (base_msgs) StdoutLine: {'line': b"Listing '/home/abc/planning_with_ros2/install/base_msgs/local/lib/python3.10/dist-packages/base_msgs/srv'...\n"}
[0.434316] (base_msgs) StdoutLine: {'line': b'-- Up-to-date: /home/abc/planning_with_ros2/install/base_msgs/local/lib/python3.10/dist-packages/base_msgs/base_msgs_s__rosidl_typesupport_fastrtps_c.cpython-310-x86_64-linux-gnu.so\n'}
[0.434586] (base_msgs) StdoutLine: {'line': b'-- Up-to-date: /home/abc/planning_with_ros2/install/base_msgs/local/lib/python3.10/dist-packages/base_msgs/base_msgs_s__rosidl_typesupport_introspection_c.cpython-310-x86_64-linux-gnu.so\n'}
[0.434816] (base_msgs) StdoutLine: {'line': b'-- Up-to-date: /home/abc/planning_with_ros2/install/base_msgs/local/lib/python3.10/dist-packages/base_msgs/base_msgs_s__rosidl_typesupport_c.cpython-310-x86_64-linux-gnu.so\n'}
[0.435052] (base_msgs) StdoutLine: {'line': b'-- Up-to-date: /home/abc/planning_with_ros2/install/base_msgs/lib/libbase_msgs__rosidl_generator_py.so\n'}
[0.435194] (base_msgs) StdoutLine: {'line': b'-- Up-to-date: /home/abc/planning_with_ros2/install/base_msgs/share/base_msgs/srv/GlobalPathService.idl\n'}
[0.435287] (base_msgs) StdoutLine: {'line': b'-- Up-to-date: /home/abc/planning_with_ros2/install/base_msgs/share/base_msgs/srv/PNCMapService.idl\n'}
[0.435388] (base_msgs) StdoutLine: {'line': b'-- Up-to-date: /home/abc/planning_with_ros2/install/base_msgs/share/base_msgs/msg/PNCMap.idl\n'}
[0.435451] (base_msgs) StdoutLine: {'line': b'-- Up-to-date: /home/abc/planning_with_ros2/install/base_msgs/share/base_msgs/msg/ReferlinePoint.idl\n'}
[0.435548] (base_msgs) StdoutLine: {'line': b'-- Up-to-date: /home/abc/planning_with_ros2/install/base_msgs/share/base_msgs/msg/Referline.idl\n'}
[0.435617] (base_msgs) StdoutLine: {'line': b'-- Up-to-date: /home/abc/planning_with_ros2/install/base_msgs/share/base_msgs/msg/LocalPathPoint.idl\n'}
[0.435678] (base_msgs) StdoutLine: {'line': b'-- Up-to-date: /home/abc/planning_with_ros2/install/base_msgs/share/base_msgs/msg/LocalPath.idl\n'}
[0.435760] (base_msgs) StdoutLine: {'line': b'-- Up-to-date: /home/abc/planning_with_ros2/install/base_msgs/share/base_msgs/msg/LocalSpeedsPoint.idl\n'}
[0.435837] (base_msgs) StdoutLine: {'line': b'-- Up-to-date: /home/abc/planning_with_ros2/install/base_msgs/share/base_msgs/msg/LocalSpeeds.idl\n'}
[0.436048] (base_msgs) StdoutLine: {'line': b'-- Up-to-date: /home/abc/planning_with_ros2/install/base_msgs/share/base_msgs/msg/LocalTrajectoryPoint.idl\n'}
[0.436133] (base_msgs) StdoutLine: {'line': b'-- Up-to-date: /home/abc/planning_with_ros2/install/base_msgs/share/base_msgs/msg/LocalTrajectory.idl\n'}
[0.436221] (base_msgs) StdoutLine: {'line': b'-- Up-to-date: /home/abc/planning_with_ros2/install/base_msgs/share/base_msgs/msg/ObsInfo.idl\n'}
[0.436283] (base_msgs) StdoutLine: {'line': b'-- Up-to-date: /home/abc/planning_with_ros2/install/base_msgs/share/base_msgs/msg/PlotInfo.idl\n'}
[0.436344] (base_msgs) StdoutLine: {'line': b'-- Up-to-date: /home/abc/planning_with_ros2/install/base_msgs/share/base_msgs/srv/GlobalPathService.srv\n'}
[0.436403] (base_msgs) StdoutLine: {'line': b'-- Up-to-date: /home/abc/planning_with_ros2/install/base_msgs/share/base_msgs/srv/GlobalPathService_Request.msg\n'}
[0.436503] (base_msgs) StdoutLine: {'line': b'-- Up-to-date: /home/abc/planning_with_ros2/install/base_msgs/share/base_msgs/srv/GlobalPathService_Response.msg\n'}
[0.436564] (base_msgs) StdoutLine: {'line': b'-- Up-to-date: /home/abc/planning_with_ros2/install/base_msgs/share/base_msgs/srv/PNCMapService.srv\n'}
[0.436628] (base_msgs) StdoutLine: {'line': b'-- Up-to-date: /home/abc/planning_with_ros2/install/base_msgs/share/base_msgs/srv/PNCMapService_Request.msg\n'}
[0.436691] (base_msgs) StdoutLine: {'line': b'-- Up-to-date: /home/abc/planning_with_ros2/install/base_msgs/share/base_msgs/srv/PNCMapService_Response.msg\n'}
[0.436751] (base_msgs) StdoutLine: {'line': b'-- Up-to-date: /home/abc/planning_with_ros2/install/base_msgs/share/base_msgs/msg/PNCMap.msg\n'}
[0.436855] (base_msgs) StdoutLine: {'line': b'-- Up-to-date: /home/abc/planning_with_ros2/install/base_msgs/share/base_msgs/msg/ReferlinePoint.msg\n'}
[0.436927] (base_msgs) StdoutLine: {'line': b'-- Up-to-date: /home/abc/planning_with_ros2/install/base_msgs/share/base_msgs/msg/Referline.msg\n'}
[0.436987] (base_msgs) StdoutLine: {'line': b'-- Up-to-date: /home/abc/planning_with_ros2/install/base_msgs/share/base_msgs/msg/LocalPathPoint.msg\n'}
[0.437092] (base_msgs) StdoutLine: {'line': b'-- Up-to-date: /home/abc/planning_with_ros2/install/base_msgs/share/base_msgs/msg/LocalPath.msg\n'}
[0.437158] (base_msgs) StdoutLine: {'line': b'-- Up-to-date: /home/abc/planning_with_ros2/install/base_msgs/share/base_msgs/msg/LocalSpeedsPoint.msg\n'}
[0.437218] (base_msgs) StdoutLine: {'line': b'-- Up-to-date: /home/abc/planning_with_ros2/install/base_msgs/share/base_msgs/msg/LocalSpeeds.msg\n'}
[0.437277] (base_msgs) StdoutLine: {'line': b'-- Up-to-date: /home/abc/planning_with_ros2/install/base_msgs/share/base_msgs/msg/LocalTrajectoryPoint.msg\n'}
[0.437335] (base_msgs) StdoutLine: {'line': b'-- Up-to-date: /home/abc/planning_with_ros2/install/base_msgs/share/base_msgs/msg/LocalTrajectory.msg\n'}
[0.437394] (base_msgs) StdoutLine: {'line': b'-- Up-to-date: /home/abc/planning_with_ros2/install/base_msgs/share/base_msgs/msg/ObsInfo.msg\n'}
[0.437453] (base_msgs) StdoutLine: {'line': b'-- Up-to-date: /home/abc/planning_with_ros2/install/base_msgs/share/base_msgs/msg/PlotInfo.msg\n'}
[0.437511] (base_msgs) StdoutLine: {'line': b'-- Up-to-date: /home/abc/planning_with_ros2/install/base_msgs/share/ament_index/resource_index/package_run_dependencies/base_msgs\n'}
[0.437601] (base_msgs) StdoutLine: {'line': b'-- Up-to-date: /home/abc/planning_with_ros2/install/base_msgs/share/ament_index/resource_index/parent_prefix_path/base_msgs\n'}
[0.437661] (base_msgs) StdoutLine: {'line': b'-- Up-to-date: /home/abc/planning_with_ros2/install/base_msgs/share/base_msgs/environment/ament_prefix_path.sh\n'}
[0.437729] (base_msgs) StdoutLine: {'line': b'-- Up-to-date: /home/abc/planning_with_ros2/install/base_msgs/share/base_msgs/environment/ament_prefix_path.dsv\n'}
[0.437789] (base_msgs) StdoutLine: {'line': b'-- Up-to-date: /home/abc/planning_with_ros2/install/base_msgs/share/base_msgs/environment/path.sh\n'}
[0.437848] (base_msgs) StdoutLine: {'line': b'-- Up-to-date: /home/abc/planning_with_ros2/install/base_msgs/share/base_msgs/environment/path.dsv\n'}
[0.437943] (base_msgs) StdoutLine: {'line': b'-- Up-to-date: /home/abc/planning_with_ros2/install/base_msgs/share/base_msgs/local_setup.bash\n'}
[0.438028] (base_msgs) StdoutLine: {'line': b'-- Up-to-date: /home/abc/planning_with_ros2/install/base_msgs/share/base_msgs/local_setup.sh\n'}
[0.438085] (base_msgs) StdoutLine: {'line': b'-- Up-to-date: /home/abc/planning_with_ros2/install/base_msgs/share/base_msgs/local_setup.zsh\n'}
[0.438162] (base_msgs) StdoutLine: {'line': b'-- Up-to-date: /home/abc/planning_with_ros2/install/base_msgs/share/base_msgs/local_setup.dsv\n'}
[0.438222] (base_msgs) StdoutLine: {'line': b'-- Installing: /home/abc/planning_with_ros2/install/base_msgs/share/base_msgs/package.dsv\n'}
[0.438308] (base_msgs) StdoutLine: {'line': b'-- Up-to-date: /home/abc/planning_with_ros2/install/base_msgs/share/ament_index/resource_index/packages/base_msgs\n'}
[0.438369] (base_msgs) StdoutLine: {'line': b'-- Up-to-date: /home/abc/planning_with_ros2/install/base_msgs/share/base_msgs/cmake/export_base_msgs__rosidl_generator_cExport.cmake\n'}
[0.438429] (base_msgs) StdoutLine: {'line': b'-- Up-to-date: /home/abc/planning_with_ros2/install/base_msgs/share/base_msgs/cmake/export_base_msgs__rosidl_generator_cExport-noconfig.cmake\n'}
[0.438495] (base_msgs) StdoutLine: {'line': b'-- Up-to-date: /home/abc/planning_with_ros2/install/base_msgs/share/base_msgs/cmake/export_base_msgs__rosidl_typesupport_fastrtps_cExport.cmake\n'}
[0.438557] (base_msgs) StdoutLine: {'line': b'-- Up-to-date: /home/abc/planning_with_ros2/install/base_msgs/share/base_msgs/cmake/export_base_msgs__rosidl_typesupport_fastrtps_cExport-noconfig.cmake\n'}
[0.438617] (base_msgs) StdoutLine: {'line': b'-- Up-to-date: /home/abc/planning_with_ros2/install/base_msgs/share/base_msgs/cmake/base_msgs__rosidl_typesupport_introspection_cExport.cmake\n'}
[0.438675] (base_msgs) StdoutLine: {'line': b'-- Up-to-date: /home/abc/planning_with_ros2/install/base_msgs/share/base_msgs/cmake/base_msgs__rosidl_typesupport_introspection_cExport-noconfig.cmake\n'}
[0.438737] (base_msgs) StdoutLine: {'line': b'-- Up-to-date: /home/abc/planning_with_ros2/install/base_msgs/share/base_msgs/cmake/base_msgs__rosidl_typesupport_cExport.cmake\n'}
[0.438834] (base_msgs) StdoutLine: {'line': b'-- Up-to-date: /home/abc/planning_with_ros2/install/base_msgs/share/base_msgs/cmake/base_msgs__rosidl_typesupport_cExport-noconfig.cmake\n'}
[0.438896] (base_msgs) StdoutLine: {'line': b'-- Up-to-date: /home/abc/planning_with_ros2/install/base_msgs/share/base_msgs/cmake/export_base_msgs__rosidl_generator_cppExport.cmake\n'}
[0.438961] (base_msgs) StdoutLine: {'line': b'-- Up-to-date: /home/abc/planning_with_ros2/install/base_msgs/share/base_msgs/cmake/export_base_msgs__rosidl_typesupport_fastrtps_cppExport.cmake\n'}
[0.439019] (base_msgs) StdoutLine: {'line': b'-- Up-to-date: /home/abc/planning_with_ros2/install/base_msgs/share/base_msgs/cmake/export_base_msgs__rosidl_typesupport_fastrtps_cppExport-noconfig.cmake\n'}
[0.439074] (base_msgs) StdoutLine: {'line': b'-- Up-to-date: /home/abc/planning_with_ros2/install/base_msgs/share/base_msgs/cmake/base_msgs__rosidl_typesupport_introspection_cppExport.cmake\n'}
[0.439133] (base_msgs) StdoutLine: {'line': b'-- Up-to-date: /home/abc/planning_with_ros2/install/base_msgs/share/base_msgs/cmake/base_msgs__rosidl_typesupport_introspection_cppExport-noconfig.cmake\n'}
[0.439188] (base_msgs) StdoutLine: {'line': b'-- Up-to-date: /home/abc/planning_with_ros2/install/base_msgs/share/base_msgs/cmake/base_msgs__rosidl_typesupport_cppExport.cmake\n'}
[0.439242] (base_msgs) StdoutLine: {'line': b'-- Up-to-date: /home/abc/planning_with_ros2/install/base_msgs/share/base_msgs/cmake/base_msgs__rosidl_typesupport_cppExport-noconfig.cmake\n'}
[0.439296] (base_msgs) StdoutLine: {'line': b'-- Up-to-date: /home/abc/planning_with_ros2/install/base_msgs/share/base_msgs/cmake/export_base_msgs__rosidl_generator_pyExport.cmake\n'}
[0.439350] (base_msgs) StdoutLine: {'line': b'-- Up-to-date: /home/abc/planning_with_ros2/install/base_msgs/share/base_msgs/cmake/export_base_msgs__rosidl_generator_pyExport-noconfig.cmake\n'}
[0.439405] (base_msgs) StdoutLine: {'line': b'-- Up-to-date: /home/abc/planning_with_ros2/install/base_msgs/share/base_msgs/cmake/rosidl_cmake-extras.cmake\n'}
[0.439459] (base_msgs) StdoutLine: {'line': b'-- Up-to-date: /home/abc/planning_with_ros2/install/base_msgs/share/base_msgs/cmake/ament_cmake_export_dependencies-extras.cmake\n'}
[0.439518] (base_msgs) StdoutLine: {'line': b'-- Up-to-date: /home/abc/planning_with_ros2/install/base_msgs/share/base_msgs/cmake/ament_cmake_export_include_directories-extras.cmake\n'}
[0.439577] (base_msgs) StdoutLine: {'line': b'-- Up-to-date: /home/abc/planning_with_ros2/install/base_msgs/share/base_msgs/cmake/ament_cmake_export_libraries-extras.cmake\n'}
[0.439635] (base_msgs) StdoutLine: {'line': b'-- Up-to-date: /home/abc/planning_with_ros2/install/base_msgs/share/base_msgs/cmake/ament_cmake_export_targets-extras.cmake\n'}
[0.439698] (base_msgs) StdoutLine: {'line': b'-- Up-to-date: /home/abc/planning_with_ros2/install/base_msgs/share/base_msgs/cmake/rosidl_cmake_export_typesupport_targets-extras.cmake\n'}
[0.439758] (base_msgs) StdoutLine: {'line': b'-- Up-to-date: /home/abc/planning_with_ros2/install/base_msgs/share/base_msgs/cmake/rosidl_cmake_export_typesupport_libraries-extras.cmake\n'}
[0.439825] (base_msgs) StdoutLine: {'line': b'-- Up-to-date: /home/abc/planning_with_ros2/install/base_msgs/share/base_msgs/cmake/base_msgsConfig.cmake\n'}
[0.439883] (base_msgs) StdoutLine: {'line': b'-- Up-to-date: /home/abc/planning_with_ros2/install/base_msgs/share/base_msgs/cmake/base_msgsConfig-version.cmake\n'}
[0.440055] (base_msgs) StdoutLine: {'line': b'-- Up-to-date: /home/abc/planning_with_ros2/install/base_msgs/share/base_msgs/package.xml\n'}
[0.440514] (base_msgs) CommandEnded: {'returncode': 0}
[0.460421] (base_msgs) JobEnded: {'identifier': 'base_msgs', 'rc': 0}
[0.461848] (data_plot) JobStarted: {'identifier': 'data_plot'}
[0.468614] (planning) JobStarted: {'identifier': 'planning'}
[0.500284] (-) TimerEvent: {}
[0.600587] (-) TimerEvent: {}
[0.700896] (-) TimerEvent: {}
[0.780999] (planning) JobProgress: {'identifier': 'planning', 'progress': 'cmake'}
[0.781579] (planning) JobProgress: {'identifier': 'planning', 'progress': 'build'}
[0.782237] (planning) Command: {'cmd': ['/usr/local/bin/cmake', '--build', '/home/abc/planning_with_ros2/build/planning', '--', '-j12', '-l12'], 'cwd': '/home/abc/planning_with_ros2/build/planning', 'env': OrderedDict([('GJS_DEBUG_TOPICS', 'JS ERROR;JS LOG'), ('PYTHON_BASIC_REPL', '1'), ('LESSOPEN', '| /usr/bin/lesspipe %s'), ('LANGUAGE', 'en_US:en'), ('TENSORRT_DIR', '/home/abc/TensorRT-8.6'), ('USER', 'abc'), ('LC_TIME', 'zh_CN.UTF-8'), ('XDG_SESSION_TYPE', 'x11'), ('GIT_ASKPASS', '/usr/share/code/resources/app/extensions/git/dist/askpass.sh'), ('SHLVL', '1'), ('LD_LIBRARY_PATH', '/home/abc/planning_with_ros2/install/base_msgs/lib:/usr/local/cuda-11.8/lib64:/home/abc/planning_with_ros2/install/planning/lib:/usr/local/cuda-11.8/lib64:/home/abc/planning_with_ros2/install/planning/lib:/home/abc/planning_with_ros2/install/planning/lib:/home/abc/perception_with_ros2/install/perception/lib:/home/abc/perception_with_ros2/install/base_msgs_per/lib:/usr/lib/x86_64-linux-gnu/gazebo-11/plugins:/opt/ros/humble/opt/rviz_ogre_vendor/lib:/opt/ros/humble/lib/x86_64-linux-gnu:/opt/ros/humble/lib:/home/abc/TensorRT-8.6/lib:/home/abc/TensorRT-8.6/lib'), ('HOME', '/home/abc'), ('CHROME_DESKTOP', 'code.desktop'), ('TERM_PROGRAM_VERSION', '1.109.5'), ('DESKTOP_SESSION', 'ubuntu'), ('GIO_LAUNCHED_DESKTOP_FILE', '/usr/share/applications/code.desktop'), ('ROS_PYTHON_VERSION', '3'), ('GNOME_SHELL_SESSION_MODE', 'ubuntu'), ('GTK_MODULES', 'gail:atk-bridge'), ('VSCODE_GIT_ASKPASS_MAIN', '/usr/share/code/resources/app/extensions/git/dist/askpass-main.js'), ('LC_MONETARY', 'zh_CN.UTF-8'), ('VSCODE_GIT_ASKPASS_NODE', '/usr/share/code/code'), ('MANAGERPID', '1130'), ('PYDEVD_DISABLE_FILE_VALIDATION', '1'), ('SYSTEMD_EXEC_PID', '1595'), ('BUNDLED_DEBUGPY_PATH', '/home/abc/.vscode/extensions/ms-python.debugpy-2025.18.0-linux-x64/bundled/libs/debugpy'), ('VSCODE_PYTHON_AUTOACTIVATE_GUARD', '1'), ('DBUS_SESSION_BUS_ADDRESS', 'unix:path=/run/user/1000/bus'), ('COLORTERM', 'truecolor'), ('GIO_LAUNCHED_DESKTOP_FILE_PID', '364490'), ('COLCON_PREFIX_PATH', '/home/abc/planning_with_ros2/install:/home/abc/perception_with_ros2/install'), ('ROS_DISTRO', 'humble'), ('GTK_IM_MODULE', 'ibus'), ('LOGNAME', 'abc'), ('JOURNAL_STREAM', '8:6989'), ('_', '/usr/bin/colcon'), ('ROS_VERSION', '2'), ('XDG_SESSION_CLASS', 'user'), ('USERNAME', 'abc'), ('TERM', 'xterm-256color'), ('GNOME_DESKTOP_SESSION_ID', 'this-is-deprecated'), ('ROS2_PLANNING_COURSE_INSTALL', '/home/abc/planning_with_ros2/install'), ('FC_FONTATIONS', '1'), ('ROS_LOCALHOST_ONLY', '0'), ('WINDOWPATH', '2'), ('PATH', '/usr/local/cuda-11.8/bin:/home/abc/.config/Code/User/globalStorage/github.copilot-chat/debugCommand:/home/abc/.config/Code/User/globalStorage/github.copilot-chat/copilotCli:/usr/local/cuda-11.8/bin:/opt/ros/humble/bin:/usr/local/sbin:/usr/local/bin:/usr/sbin:/usr/bin:/sbin:/bin:/usr/games:/usr/local/games:/snap/bin:/snap/bin:/home/abc/.vscode/extensions/ms-python.debugpy-2025.18.0-linux-x64/bundled/scripts/noConfigScripts'), ('SESSION_MANAGER', 'local/abc-G3-3500:@/tmp/.ICE-unix/1554,unix/abc-G3-3500:/tmp/.ICE-unix/1554'), ('INVOCATION_ID', 'f3a9f1252eb845459ae16b5ad8fdee6d'), ('PAPERSIZE', 'a4'), ('XDG_MENU_PREFIX', 'gnome-'), ('LC_ADDRESS', 'zh_CN.UTF-8'), ('XDG_RUNTIME_DIR', '/run/user/1000'), ('GDK_BACKEND', 'x11'), ('DISPLAY', ':0'), ('VSCODE_DEBUGPY_ADAPTER_ENDPOINTS', '/home/abc/.vscode/extensions/ms-python.debugpy-2025.18.0-linux-x64/.noConfigDebugAdapterEndpoints/endpoint-73f3b4a0a422bf73.txt'), ('LANG', 'en_US.UTF-8'), ('XDG_CURRENT_DESKTOP', 'ubuntu:GNOME'), ('PYTHONSTARTUP', '/home/abc/.config/Code/User/workspaceStorage/4efd6db52f1c03b4cb1fb614d5084a17/ms-python.python/pythonrc.py'), ('LC_TELEPHONE', 'zh_CN.UTF-8'), ('XMODIFIERS', '@im=ibus'), ('XDG_SESSION_DESKTOP', 'ubuntu'), ('XAUTHORITY', '/run/user/1000/gdm/Xauthority'), ('LS_COLORS', 'rs=0:di=01;34:ln=01;36:mh=00:pi=40;33:so=01;35:do=01;35:bd=40;33;01:cd=40;33;01:or=40;31;01:mi=00:su=37;41:sg=30;43:ca=30;41:tw=30;42:ow=34;42:st=37;44:ex=01;32:*.tar=01;31:*.tgz=01;31:*.arc=01;31:*.arj=01;31:*.taz=01;31:*.lha=01;31:*.lz4=01;31:*.lzh=01;31:*.lzma=01;31:*.tlz=01;31:*.txz=01;31:*.tzo=01;31:*.t7z=01;31:*.zip=01;31:*.z=01;31:*.dz=01;31:*.gz=01;31:*.lrz=01;31:*.lz=01;31:*.lzo=01;31:*.xz=01;31:*.zst=01;31:*.tzst=01;31:*.bz2=01;31:*.bz=01;31:*.tbz=01;31:*.tbz2=01;31:*.tz=01;31:*.deb=01;31:*.rpm=01;31:*.jar=01;31:*.war=01;31:*.ear=01;31:*.sar=01;31:*.rar=01;31:*.alz=01;31:*.ace=01;31:*.zoo=01;31:*.cpio=01;31:*.7z=01;31:*.rz=01;31:*.cab=01;31:*.wim=01;31:*.swm=01;31:*.dwm=01;31:*.esd=01;31:*.jpg=01;35:*.jpeg=01;35:*.mjpg=01;35:*.mjpeg=01;35:*.gif=01;35:*.bmp=01;35:*.pbm=01;35:*.pgm=01;35:*.ppm=01;35:*.tga=01;35:*.xbm=01;35:*.xpm=01;35:*.tif=01;35:*.tiff=01;35:*.png=01;35:*.svg=01;35:*.svgz=01;35:*.mng=01;35:*.pcx=01;35:*.mov=01;35:*.mpg=01;35:*.mpeg=01;35:*.m2v=01;35:*.mkv=01;35:*.webm=01;35:*.webp=01;35:*.ogm=01;35:*.mp4=01;35:*.m4v=01;35:*.mp4v=01;35:*.vob=01;35:*.qt=01;35:*.nuv=01;35:*.wmv=01;35:*.asf=01;35:*.rm=01;35:*.rmvb=01;35:*.flc=01;35:*.avi=01;35:*.fli=01;35:*.flv=01;35:*.gl=01;35:*.dl=01;35:*.xcf=01;35:*.xwd=01;35:*.yuv=01;35:*.cgm=01;35:*.emf=01;35:*.ogv=01;35:*.ogx=01;35:*.aac=00;36:*.au=00;36:*.flac=00;36:*.m4a=00;36:*.mid=00;36:*.midi=00;36:*.mka=00;36:*.mp3=00;36:*.mpc=00;36:*.ogg=00;36:*.ra=00;36:*.wav=00;36:*.oga=00;36:*.opus=00;36:*.spx=00;36:*.xspf=00;36:'), ('VSCODE_GIT_IPC_HANDLE', '/run/user/1000/vscode-git-c59a044dc2.sock'), ('TERM_PROGRAM', 'vscode'), ('SSH_AGENT_LAUNCHER', 'gnome-keyring'), ('SSH_AUTH_SOCK', '/run/user/1000/keyring/ssh'), ('ROS_DOMAIN_ID', '2'), ('AMENT_PREFIX_PATH', '/home/abc/planning_with_ros2/install/planning:/home/abc/planning_with_ros2/install/data_plot:/home/abc/planning_with_ros2/install/base_msgs:/home/abc/perception_with_ros2/install/perception:/home/abc/perception_with_ros2/install/data_plot_per:/home/abc/perception_with_ros2/install/base_msgs_per:/opt/ros/humble'), ('SHELL', '/bin/bash'), ('LC_NAME', 'zh_CN.UTF-8'), ('QT_ACCESSIBILITY', '1'), ('GDMSESSION', 'ubuntu'), ('LESSCLOSE', '/usr/bin/lesspipe %s %s'), ('LC_MEASUREMENT', 'zh_CN.UTF-8'), ('GPG_AGENT_INFO', '/run/user/1000/gnupg/S.gpg-agent:0:1'), ('GJS_DEBUG_OUTPUT', 'stderr'), ('LC_IDENTIFICATION', 'zh_CN.UTF-8'), ('VSCODE_GIT_ASKPASS_EXTRA_ARGS', ''), ('QT_IM_MODULE', 'ibus'), ('PWD', '/home/abc/planning_with_ros2/build/planning'), ('LC_ALL', 'en_US.UTF-8'), ('XDG_CONFIG_DIRS', '/etc/xdg/xdg-ubuntu:/etc/xdg'), ('XDG_DATA_DIRS', '/usr/share/ubuntu:/usr/share/gnome:/usr/local/share/:/usr/share/:/var/lib/snapd/desktop'), ('PYTHONPATH', '/home/abc/planning_with_ros2/install/data_plot/lib/python3.10/site-packages:/home/abc/planning_with_ros2/install/base_msgs/local/lib/python3.10/dist-packages:/home/abc/perception_with_ros2/install/data_plot_per/lib/python3.10/site-packages:/home/abc/perception_with_ros2/install/base_msgs_per/local/lib/python3.10/dist-packages:/opt/ros/humble/lib/python3.10/site-packages:/opt/ros/humble/local/lib/python3.10/dist-packages'), ('LC_NUMERIC', 'zh_CN.UTF-8'), ('LC_PAPER', 'zh_CN.UTF-8'), ('COLCON', '1'), ('CMAKE_PREFIX_PATH', '/home/abc/planning_with_ros2/install/base_msgs:/home/abc/planning_with_ros2/install/planning:/home/abc/perception_with_ros2/install/perception:/home/abc/perception_with_ros2/install/base_msgs_per:/home/abc/planning_with_ros2/install/data_plot:/home/abc/perception_with_ros2/install/data_plot_per:/opt/ros/humble')]), 'shell': False}
[0.800962] (-) TimerEvent: {}
[0.808878] (planning) StdoutLine: {'line': b'[  5%] Built target config_reader\n'}
[0.813311] (planning) StdoutLine: {'line': b'[ 17%] Built target newton_test\n'}
[0.813543] (planning) StdoutLine: {'line': b'[ 17%] Built target osqp_test\n'}
[0.813652] (planning) StdoutLine: {'line': b'[ 23%] Built target mathlibs\n'}
[0.826031] (planning) StdoutLine: {'line': b'[ 28%] Built target global_planner\n'}
[0.828607] (planning) StdoutLine: {'line': b'[ 35%] Built target pnc_map_creator\n'}
[0.835519] (planning) StdoutLine: {'line': b'[ 43%] Built target vehicle_info\n'}
[0.836612] (planning) StdoutLine: {'line': b'[ 51%] Built target reference_line\n'}
[0.844580] (planning) StdoutLine: {'line': b'[ 56%] Built target global_path_server\n'}
[0.846829] (planning) StdoutLine: {'line': b'[ 61%] Built target pnc_map_server\n'}
[0.851756] (planning) StdoutLine: {'line': b'[ 66%] Built target decision_center\n'}
[0.854208] (planning) StdoutLine: {'line': b'[ 71%] Built target obs_move_cmd\n'}
[0.859163] (planning) StdoutLine: {'line': b'[ 76%] Built target car_move_cmd\n'}
[0.882032] (planning) StdoutLine: {'line': b'[ 92%] Built target local_planner\n'}
[0.901091] (-) TimerEvent: {}
[0.906787] (planning) StdoutLine: {'line': b'[100%] Built target planning_process\n'}
[0.910287] (planning) CommandEnded: {'returncode': 0}
[0.911191] (planning) JobProgress: {'identifier': 'planning', 'progress': 'install'}
[0.911809] (planning) Command: {'cmd': ['/usr/local/bin/cmake', '--install', '/home/abc/planning_with_ros2/build/planning'], 'cwd': '/home/abc/planning_with_ros2/build/planning', 'env': OrderedDict([('GJS_DEBUG_TOPICS', 'JS ERROR;JS LOG'), ('PYTHON_BASIC_REPL', '1'), ('LESSOPEN', '| /usr/bin/lesspipe %s'), ('LANGUAGE', 'en_US:en'), ('TENSORRT_DIR', '/home/abc/TensorRT-8.6'), ('USER', 'abc'), ('LC_TIME', 'zh_CN.UTF-8'), ('XDG_SESSION_TYPE', 'x11'), ('GIT_ASKPASS', '/usr/share/code/resources/app/extensions/git/dist/askpass.sh'), ('SHLVL', '1'), ('LD_LIBRARY_PATH', '/home/abc/planning_with_ros2/install/base_msgs/lib:/usr/local/cuda-11.8/lib64:/home/abc/planning_with_ros2/install/planning/lib:/usr/local/cuda-11.8/lib64:/home/abc/planning_with_ros2/install/planning/lib:/home/abc/planning_with_ros2/install/planning/lib:/home/abc/perception_with_ros2/install/perception/lib:/home/abc/perception_with_ros2/install/base_msgs_per/lib:/usr/lib/x86_64-linux-gnu/gazebo-11/plugins:/opt/ros/humble/opt/rviz_ogre_vendor/lib:/opt/ros/humble/lib/x86_64-linux-gnu:/opt/ros/humble/lib:/home/abc/TensorRT-8.6/lib:/home/abc/TensorRT-8.6/lib'), ('HOME', '/home/abc'), ('CHROME_DESKTOP', 'code.desktop'), ('TERM_PROGRAM_VERSION', '1.109.5'), ('DESKTOP_SESSION', 'ubuntu'), ('GIO_LAUNCHED_DESKTOP_FILE', '/usr/share/applications/code.desktop'), ('ROS_PYTHON_VERSION', '3'), ('GNOME_SHELL_SESSION_MODE', 'ubuntu'), ('GTK_MODULES', 'gail:atk-bridge'), ('VSCODE_GIT_ASKPASS_MAIN', '/usr/share/code/resources/app/extensions/git/dist/askpass-main.js'), ('LC_MONETARY', 'zh_CN.UTF-8'), ('VSCODE_GIT_ASKPASS_NODE', '/usr/share/code/code'), ('MANAGERPID', '1130'), ('PYDEVD_DISABLE_FILE_VALIDATION', '1'), ('SYSTEMD_EXEC_PID', '1595'), ('BUNDLED_DEBUGPY_PATH', '/home/abc/.vscode/extensions/ms-python.debugpy-2025.18.0-linux-x64/bundled/libs/debugpy'), ('VSCODE_PYTHON_AUTOACTIVATE_GUARD', '1'), ('DBUS_SESSION_BUS_ADDRESS', 'unix:path=/run/user/1000/bus'), ('COLORTERM', 'truecolor'), ('GIO_LAUNCHED_DESKTOP_FILE_PID', '364490'), ('COLCON_PREFIX_PATH', '/home/abc/planning_with_ros2/install:/home/abc/perception_with_ros2/install'), ('ROS_DISTRO', 'humble'), ('GTK_IM_MODULE', 'ibus'), ('LOGNAME', 'abc'), ('JOURNAL_STREAM', '8:6989'), ('_', '/usr/bin/colcon'), ('ROS_VERSION', '2'), ('XDG_SESSION_CLASS', 'user'), ('USERNAME', 'abc'), ('TERM', 'xterm-256color'), ('GNOME_DESKTOP_SESSION_ID', 'this-is-deprecated'), ('ROS2_PLANNING_COURSE_INSTALL', '/home/abc/planning_with_ros2/install'), ('FC_FONTATIONS', '1'), ('ROS_LOCALHOST_ONLY', '0'), ('WINDOWPATH', '2'), ('PATH', '/usr/local/cuda-11.8/bin:/home/abc/.config/Code/User/globalStorage/github.copilot-chat/debugCommand:/home/abc/.config/Code/User/globalStorage/github.copilot-chat/copilotCli:/usr/local/cuda-11.8/bin:/opt/ros/humble/bin:/usr/local/sbin:/usr/local/bin:/usr/sbin:/usr/bin:/sbin:/bin:/usr/games:/usr/local/games:/snap/bin:/snap/bin:/home/abc/.vscode/extensions/ms-python.debugpy-2025.18.0-linux-x64/bundled/scripts/noConfigScripts'), ('SESSION_MANAGER', 'local/abc-G3-3500:@/tmp/.ICE-unix/1554,unix/abc-G3-3500:/tmp/.ICE-unix/1554'), ('INVOCATION_ID', 'f3a9f1252eb845459ae16b5ad8fdee6d'), ('PAPERSIZE', 'a4'), ('XDG_MENU_PREFIX', 'gnome-'), ('LC_ADDRESS', 'zh_CN.UTF-8'), ('XDG_RUNTIME_DIR', '/run/user/1000'), ('GDK_BACKEND', 'x11'), ('DISPLAY', ':0'), ('VSCODE_DEBUGPY_ADAPTER_ENDPOINTS', '/home/abc/.vscode/extensions/ms-python.debugpy-2025.18.0-linux-x64/.noConfigDebugAdapterEndpoints/endpoint-73f3b4a0a422bf73.txt'), ('LANG', 'en_US.UTF-8'), ('XDG_CURRENT_DESKTOP', 'ubuntu:GNOME'), ('PYTHONSTARTUP', '/home/abc/.config/Code/User/workspaceStorage/4efd6db52f1c03b4cb1fb614d5084a17/ms-python.python/pythonrc.py'), ('LC_TELEPHONE', 'zh_CN.UTF-8'), ('XMODIFIERS', '@im=ibus'), ('XDG_SESSION_DESKTOP', 'ubuntu'), ('XAUTHORITY', '/run/user/1000/gdm/Xauthority'), ('LS_COLORS', 'rs=0:di=01;34:ln=01;36:mh=00:pi=40;33:so=01;35:do=01;35:bd=40;33;01:cd=40;33;01:or=40;31;01:mi=00:su=37;41:sg=30;43:ca=30;41:tw=30;42:ow=34;42:st=37;44:ex=01;32:*.tar=01;31:*.tgz=01;31:*.arc=01;31:*.arj=01;31:*.taz=01;31:*.lha=01;31:*.lz4=01;31:*.lzh=01;31:*.lzma=01;31:*.tlz=01;31:*.txz=01;31:*.tzo=01;31:*.t7z=01;31:*.zip=01;31:*.z=01;31:*.dz=01;31:*.gz=01;31:*.lrz=01;31:*.lz=01;31:*.lzo=01;31:*.xz=01;31:*.zst=01;31:*.tzst=01;31:*.bz2=01;31:*.bz=01;31:*.tbz=01;31:*.tbz2=01;31:*.tz=01;31:*.deb=01;31:*.rpm=01;31:*.jar=01;31:*.war=01;31:*.ear=01;31:*.sar=01;31:*.rar=01;31:*.alz=01;31:*.ace=01;31:*.zoo=01;31:*.cpio=01;31:*.7z=01;31:*.rz=01;31:*.cab=01;31:*.wim=01;31:*.swm=01;31:*.dwm=01;31:*.esd=01;31:*.jpg=01;35:*.jpeg=01;35:*.mjpg=01;35:*.mjpeg=01;35:*.gif=01;35:*.bmp=01;35:*.pbm=01;35:*.pgm=01;35:*.ppm=01;35:*.tga=01;35:*.xbm=01;35:*.xpm=01;35:*.tif=01;35:*.tiff=01;35:*.png=01;35:*.svg=01;35:*.svgz=01;35:*.mng=01;35:*.pcx=01;35:*.mov=01;35:*.mpg=01;35:*.mpeg=01;35:*.m2v=01;35:*.mkv=01;35:*.webm=01;35:*.webp=01;35:*.ogm=01;35:*.mp4=01;35:*.m4v=01;35:*.mp4v=01;35:*.vob=01;35:*.qt=01;35:*.nuv=01;35:*.wmv=01;35:*.asf=01;35:*.rm=01;35:*.rmvb=01;35:*.flc=01;35:*.avi=01;35:*.fli=01;35:*.flv=01;35:*.gl=01;35:*.dl=01;35:*.xcf=01;35:*.xwd=01;35:*.yuv=01;35:*.cgm=01;35:*.emf=01;35:*.ogv=01;35:*.ogx=01;35:*.aac=00;36:*.au=00;36:*.flac=00;36:*.m4a=00;36:*.mid=00;36:*.midi=00;36:*.mka=00;36:*.mp3=00;36:*.mpc=00;36:*.ogg=00;36:*.ra=00;36:*.wav=00;36:*.oga=00;36:*.opus=00;36:*.spx=00;36:*.xspf=00;36:'), ('VSCODE_GIT_IPC_HANDLE', '/run/user/1000/vscode-git-c59a044dc2.sock'), ('TERM_PROGRAM', 'vscode'), ('SSH_AGENT_LAUNCHER', 'gnome-keyring'), ('SSH_AUTH_SOCK', '/run/user/1000/keyring/ssh'), ('ROS_DOMAIN_ID', '2'), ('AMENT_PREFIX_PATH', '/home/abc/planning_with_ros2/install/planning:/home/abc/planning_with_ros2/install/data_plot:/home/abc/planning_with_ros2/install/base_msgs:/home/abc/perception_with_ros2/install/perception:/home/abc/perception_with_ros2/install/data_plot_per:/home/abc/perception_with_ros2/install/base_msgs_per:/opt/ros/humble'), ('SHELL', '/bin/bash'), ('LC_NAME', 'zh_CN.UTF-8'), ('QT_ACCESSIBILITY', '1'), ('GDMSESSION', 'ubuntu'), ('LESSCLOSE', '/usr/bin/lesspipe %s %s'), ('LC_MEASUREMENT', 'zh_CN.UTF-8'), ('GPG_AGENT_INFO', '/run/user/1000/gnupg/S.gpg-agent:0:1'), ('GJS_DEBUG_OUTPUT', 'stderr'), ('LC_IDENTIFICATION', 'zh_CN.UTF-8'), ('VSCODE_GIT_ASKPASS_EXTRA_ARGS', ''), ('QT_IM_MODULE', 'ibus'), ('PWD', '/home/abc/planning_with_ros2/build/planning'), ('LC_ALL', 'en_US.UTF-8'), ('XDG_CONFIG_DIRS', '/etc/xdg/xdg-ubuntu:/etc/xdg'), ('XDG_DATA_DIRS', '/usr/share/ubuntu:/usr/share/gnome:/usr/local/share/:/usr/share/:/var/lib/snapd/desktop'), ('PYTHONPATH', '/home/abc/planning_with_ros2/install/data_plot/lib/python3.10/site-packages:/home/abc/planning_with_ros2/install/base_msgs/local/lib/python3.10/dist-packages:/home/abc/perception_with_ros2/install/data_plot_per/lib/python3.10/site-packages:/home/abc/perception_with_ros2/install/base_msgs_per/local/lib/python3.10/dist-packages:/opt/ros/humble/lib/python3.10/site-packages:/opt/ros/humble/local/lib/python3.10/dist-packages'), ('LC_NUMERIC', 'zh_CN.UTF-8'), ('LC_PAPER', 'zh_CN.UTF-8'), ('COLCON', '1'), ('CMAKE_PREFIX_PATH', '/home/abc/planning_with_ros2/install/base_msgs:/home/abc/planning_with_ros2/install/planning:/home/abc/perception_with_ros2/install/perception:/home/abc/perception_with_ros2/install/base_msgs_per:/home/abc/planning_with_ros2/install/data_plot:/home/abc/perception_with_ros2/install/data_plot_per:/opt/ros/humble')]), 'shell': False}
[0.913488] (planning) StdoutLine: {'line': b'-- Install configuration: ""\n'}
[0.913816] (planning) StdoutLine: {'line': b'-- Up-to-date: /home/abc/planning_with_ros2/install/planning/lib/libconfig_reader.so\n'}
[0.914050] (planning) StdoutLine: {'line': b'-- Up-to-date: /home/abc/planning_with_ros2/install/planning/lib/libmathlibs.so\n'}
[0.914407] (planning) StdoutLine: {'line': b'-- Up-to-date: /home/abc/planning_with_ros2/install/planning/lib/libdecision_center.so\n'}
[0.914793] (planning) StdoutLine: {'line': b'-- Up-to-date: /home/abc/planning_with_ros2/install/planning/lib/libpnc_map_creator.so\n'}
[0.915023] (planning) StdoutLine: {'line': b'-- Up-to-date: /home/abc/planning_with_ros2/install/planning/lib/planning/pnc_map_server\n'}
[0.915431] (planning) StdoutLine: {'line': b'-- Up-to-date: /home/abc/planning_with_ros2/install/planning/lib/libglobal_planner.so\n'}
[0.915627] (planning) StdoutLine: {'line': b'-- Up-to-date: /home/abc/planning_with_ros2/install/planning/lib/planning/global_path_server\n'}
[0.916023] (planning) StdoutLine: {'line': b'-- Up-to-date: /home/abc/planning_with_ros2/install/planning/lib/liblocal_planner.so\n'}
[0.916404] (planning) StdoutLine: {'line': b'-- Up-to-date: /home/abc/planning_with_ros2/install/planning/lib/libreference_line.so\n'}
[0.916791] (planning) StdoutLine: {'line': b'-- Up-to-date: /home/abc/planning_with_ros2/install/planning/lib/planning/osqp_test\n'}
[0.917062] (planning) StdoutLine: {'line': b'-- Up-to-date: /home/abc/planning_with_ros2/install/planning/lib/planning/newton_test\n'}
[0.917452] (planning) StdoutLine: {'line': b'-- Up-to-date: /home/abc/planning_with_ros2/install/planning/lib/libvehicle_info.so\n'}
[0.917810] (planning) StdoutLine: {'line': b'-- Up-to-date: /home/abc/planning_with_ros2/install/planning/lib/planning/planning_process\n'}
[0.918244] (planning) StdoutLine: {'line': b'-- Up-to-date: /home/abc/planning_with_ros2/install/planning/lib/planning/car_move_cmd\n'}
[0.918469] (planning) StdoutLine: {'line': b'-- Up-to-date: /home/abc/planning_with_ros2/install/planning/lib/planning/obs_move_cmd\n'}
[0.918621] (planning) StdoutLine: {'line': b'-- Up-to-date: /home/abc/planning_with_ros2/install/planning/share/planning/config\n'}
[0.918794] (planning) StdoutLine: {'line': b'-- Up-to-date: /home/abc/planning_with_ros2/install/planning/share/planning/config/planning_static_obs_config.yaml\n'}
[0.919000] (planning) StdoutLine: {'line': b'-- Up-to-date: /home/abc/planning_with_ros2/install/planning/share/planning/config/scenario_config.yaml\n'}
[0.919119] (planning) StdoutLine: {'line': b'-- Up-to-date: /home/abc/planning_with_ros2/install/planning/share/planning/config/planning_dynamic_obs_config.yaml\n'}
[0.919255] (planning) StdoutLine: {'line': b'-- Up-to-date: /home/abc/planning_with_ros2/install/planning/share/planning/config/planning_onlane_obs_config.yaml\n'}
[0.919386] (planning) StdoutLine: {'line': b'-- Up-to-date: /home/abc/planning_with_ros2/install/planning/share/planning/launch\n'}
[0.919488] (planning) StdoutLine: {'line': b'-- Up-to-date: /home/abc/planning_with_ros2/install/planning/share/planning/launch/planning_launch.py\n'}
[0.919622] (planning) StdoutLine: {'line': b'-- Up-to-date: /home/abc/planning_with_ros2/install/planning/share/planning/launch/move_cmd_launch.py\n'}
[0.919729] (planning) StdoutLine: {'line': b'-- Up-to-date: /home/abc/planning_with_ros2/install/planning/share/planning/urdf\n'}
[0.919828] (planning) StdoutLine: {'line': b'-- Up-to-date: /home/abc/planning_with_ros2/install/planning/share/planning/urdf/main_car\n'}
[0.919931] (planning) StdoutLine: {'line': b'-- Up-to-date: /home/abc/planning_with_ros2/install/planning/share/planning/urdf/main_car/car_camera.xacro\n'}
[0.920038] (planning) StdoutLine: {'line': b'-- Up-to-date: /home/abc/planning_with_ros2/install/planning/share/planning/urdf/main_car/car_base.xacro\n'}
[0.920137] (planning) StdoutLine: {'line': b'-- Up-to-date: /home/abc/planning_with_ros2/install/planning/share/planning/urdf/main_car/car_radar.xacro\n'}
[0.920286] (planning) StdoutLine: {'line': b'-- Up-to-date: /home/abc/planning_with_ros2/install/planning/share/planning/urdf/main_car/car.xacro\n'}
[0.920503] (planning) StdoutLine: {'line': b'-- Up-to-date: /home/abc/planning_with_ros2/install/planning/share/planning/urdf/main_car/car_wheels.xacro\n'}
[0.920602] (planning) StdoutLine: {'line': b'-- Up-to-date: /home/abc/planning_with_ros2/install/planning/share/planning/urdf/obs_car\n'}
[0.920699] (planning) StdoutLine: {'line': b'-- Up-to-date: /home/abc/planning_with_ros2/install/planning/share/planning/urdf/obs_car/obs_car.xacro\n'}
[0.920796] (planning) StdoutLine: {'line': b'-- Up-to-date: /home/abc/planning_with_ros2/install/planning/share/planning/rviz\n'}
[0.920900] (planning) StdoutLine: {'line': b'-- Up-to-date: /home/abc/planning_with_ros2/install/planning/share/planning/rviz/planning.rviz\n'}
[0.921864] (planning) StdoutLine: {'line': b'-- Up-to-date: /home/abc/planning_with_ros2/install/planning/share/ament_index/resource_index/package_run_dependencies/planning\n'}
[0.922253] (planning) StdoutLine: {'line': b'-- Up-to-date: /home/abc/planning_with_ros2/install/planning/share/ament_index/resource_index/parent_prefix_path/planning\n'}
[0.922453] (planning) StdoutLine: {'line': b'-- Up-to-date: /home/abc/planning_with_ros2/install/planning/share/planning/environment/ament_prefix_path.sh\n'}
[0.922567] (planning) StdoutLine: {'line': b'-- Up-to-date: /home/abc/planning_with_ros2/install/planning/share/planning/environment/ament_prefix_path.dsv\n'}
[0.922833] (planning) StdoutLine: {'line': b'-- Up-to-date: /home/abc/planning_with_ros2/install/planning/share/planning/environment/path.sh\n'}
[0.922991] (planning) StdoutLine: {'line': b'-- Up-to-date: /home/abc/planning_with_ros2/install/planning/share/planning/environment/path.dsv\n'}
[0.923196] (planning) StdoutLine: {'line': b'-- Up-to-date: /home/abc/planning_with_ros2/install/planning/share/planning/local_setup.bash\n'}
[0.923339] (planning) StdoutLine: {'line': b'-- Up-to-date: /home/abc/planning_with_ros2/install/planning/share/planning/local_setup.sh\n'}
[0.923448] (planning) StdoutLine: {'line': b'-- Up-to-date: /home/abc/planning_with_ros2/install/planning/share/planning/local_setup.zsh\n'}
[0.923582] (planning) StdoutLine: {'line': b'-- Up-to-date: /home/abc/planning_with_ros2/install/planning/share/planning/local_setup.dsv\n'}
[0.923698] (planning) StdoutLine: {'line': b'-- Installing: /home/abc/planning_with_ros2/install/planning/share/planning/package.dsv\n'}
[0.923808] (planning) StdoutLine: {'line': b'-- Up-to-date: /home/abc/planning_with_ros2/install/planning/share/ament_index/resource_index/packages/planning\n'}
[0.923939] (planning) StdoutLine: {'line': b'-- Up-to-date: /home/abc/planning_with_ros2/install/planning/share/planning/cmake/planningConfig.cmake\n'}
[0.924093] (planning) StdoutLine: {'line': b'-- Up-to-date: /home/abc/planning_with_ros2/install/planning/share/planning/cmake/planningConfig-version.cmake\n'}
[0.924208] (planning) StdoutLine: {'line': b'-- Up-to-date: /home/abc/planning_with_ros2/install/planning/share/planning/package.xml\n'}
[0.924318] (planning) CommandEnded: {'returncode': 0}
[0.938590] (planning) JobEnded: {'identifier': 'planning', 'rc': 0}
[1.001210] (-) TimerEvent: {}
[1.101509] (-) TimerEvent: {}
[1.164665] (data_plot) Command: {'cmd': ['/usr/bin/python3', '-W', 'ignore:setup.py install is deprecated', '-W', 'ignore:easy_install command is deprecated', 'setup.py', 'egg_info', '--egg-base', '../../build/data_plot', 'build', '--build-base', '/home/abc/planning_with_ros2/build/data_plot/build', 'install', '--record', '/home/abc/planning_with_ros2/build/data_plot/install.log', '--single-version-externally-managed', 'install_data'], 'cwd': '/home/abc/planning_with_ros2/src/data_plot', 'env': {'GJS_DEBUG_TOPICS': 'JS ERROR;JS LOG', 'PYTHON_BASIC_REPL': '1', 'LESSOPEN': '| /usr/bin/lesspipe %s', 'LANGUAGE': 'en_US:en', 'TENSORRT_DIR': '/home/abc/TensorRT-8.6', 'USER': 'abc', 'LC_TIME': 'zh_CN.UTF-8', 'XDG_SESSION_TYPE': 'x11', 'GIT_ASKPASS': '/usr/share/code/resources/app/extensions/git/dist/askpass.sh', 'SHLVL': '1', 'LD_LIBRARY_PATH': '/home/abc/planning_with_ros2/install/base_msgs/lib:/usr/local/cuda-11.8/lib64:/home/abc/planning_with_ros2/install/planning/lib:/usr/local/cuda-11.8/lib64:/home/abc/planning_with_ros2/install/planning/lib:/home/abc/planning_with_ros2/install/planning/lib:/home/abc/perception_with_ros2/install/perception/lib:/home/abc/perception_with_ros2/install/base_msgs_per/lib:/usr/lib/x86_64-linux-gnu/gazebo-11/plugins:/opt/ros/humble/opt/rviz_ogre_vendor/lib:/opt/ros/humble/lib/x86_64-linux-gnu:/opt/ros/humble/lib:/home/abc/TensorRT-8.6/lib:/home/abc/TensorRT-8.6/lib', 'HOME': '/home/abc', 'CHROME_DESKTOP': 'code.desktop', 'TERM_PROGRAM_VERSION': '1.109.5', 'DESKTOP_SESSION': 'ubuntu', 'GIO_LAUNCHED_DESKTOP_FILE': '/usr/share/applications/code.desktop', 'ROS_PYTHON_VERSION': '3', 'GNOME_SHELL_SESSION_MODE': 'ubuntu', 'GTK_MODULES': 'gail:atk-bridge', 'VSCODE_GIT_ASKPASS_MAIN': '/usr/share/code/resources/app/extensions/git/dist/askpass-main.js', 'LC_MONETARY': 'zh_CN.UTF-8', 'VSCODE_GIT_ASKPASS_NODE': '/usr/share/code/code', 'MANAGERPID': '1130', 'PYDEVD_DISABLE_FILE_VALIDATION': '1', 'SYSTEMD_EXEC_PID': '1595', 'BUNDLED_DEBUGPY_PATH': '/home/abc/.vscode/extensions/ms-python.debugpy-2025.18.0-linux-x64/bundled/libs/debugpy', 'VSCODE_PYTHON_AUTOACTIVATE_GUARD': '1', 'DBUS_SESSION_BUS_ADDRESS': 'unix:path=/run/user/1000/bus', 'COLORTERM': 'truecolor', 'GIO_LAUNCHED_DESKTOP_FILE_PID': '364490', 'COLCON_PREFIX_PATH': '/home/abc/planning_with_ros2/install:/home/abc/perception_with_ros2/install', 'ROS_DISTRO': 'humble', 'GTK_IM_MODULE': 'ibus', 'LOGNAME': 'abc', 'JOURNAL_STREAM': '8:6989', '_': '/usr/bin/colcon', 'ROS_VERSION': '2', 'XDG_SESSION_CLASS': 'user', 'USERNAME': 'abc', 'TERM': 'xterm-256color', 'GNOME_DESKTOP_SESSION_ID': 'this-is-deprecated', 'ROS2_PLANNING_COURSE_INSTALL': '/home/abc/planning_with_ros2/install', 'FC_FONTATIONS': '1', 'ROS_LOCALHOST_ONLY': '0', 'WINDOWPATH': '2', 'PATH': '/usr/local/cuda-11.8/bin:/home/abc/.config/Code/User/globalStorage/github.copilot-chat/debugCommand:/home/abc/.config/Code/User/globalStorage/github.copilot-chat/copilotCli:/usr/local/cuda-11.8/bin:/opt/ros/humble/bin:/usr/local/sbin:/usr/local/bin:/usr/sbin:/usr/bin:/sbin:/bin:/usr/games:/usr/local/games:/snap/bin:/snap/bin:/home/abc/.vscode/extensions/ms-python.debugpy-2025.18.0-linux-x64/bundled/scripts/noConfigScripts', 'SESSION_MANAGER': 'local/abc-G3-3500:@/tmp/.ICE-unix/1554,unix/abc-G3-3500:/tmp/.ICE-unix/1554', 'INVOCATION_ID': 'f3a9f1252eb845459ae16b5ad8fdee6d', 'PAPERSIZE': 'a4', 'XDG_MENU_PREFIX': 'gnome-', 'LC_ADDRESS': 'zh_CN.UTF-8', 'XDG_RUNTIME_DIR': '/run/user/1000', 'GDK_BACKEND': 'x11', 'DISPLAY': ':0', 'VSCODE_DEBUGPY_ADAPTER_ENDPOINTS': '/home/abc/.vscode/extensions/ms-python.debugpy-2025.18.0-linux-x64/.noConfigDebugAdapterEndpoints/endpoint-73f3b4a0a422bf73.txt', 'LANG': 'en_US.UTF-8', 'XDG_CURRENT_DESKTOP': 'ubuntu:GNOME', 'PYTHONSTARTUP': '/home/abc/.config/Code/User/workspaceStorage/4efd6db52f1c03b4cb1fb614d5084a17/ms-python.python/pythonrc.py', 'LC_TELEPHONE': 'zh_CN.UTF-8', 'XMODIFIERS': '@im=ibus', 'XDG_SESSION_DESKTOP': 'ubuntu', 'XAUTHORITY': '/run/user/1000/gdm/Xauthority', 'LS_COLORS': 'rs=0:di=01;34:ln=01;36:mh=00:pi=40;33:so=01;35:do=01;35:bd=40;33;01:cd=40;33;01:or=40;31;01:mi=00:su=37;41:sg=30;43:ca=30;41:tw=30;42:ow=34;42:st=37;44:ex=01;32:*.tar=01;31:*.tgz=01;31:*.arc=01;31:*.arj=01;31:*.taz=01;31:*.lha=01;31:*.lz4=01;31:*.lzh=01;31:*.lzma=01;31:*.tlz=01;31:*.txz=01;31:*.tzo=01;31:*.t7z=01;31:*.zip=01;31:*.z=01;31:*.dz=01;31:*.gz=01;31:*.lrz=01;31:*.lz=01;31:*.lzo=01;31:*.xz=01;31:*.zst=01;31:*.tzst=01;31:*.bz2=01;31:*.bz=01;31:*.tbz=01;31:*.tbz2=01;31:*.tz=01;31:*.deb=01;31:*.rpm=01;31:*.jar=01;31:*.war=01;31:*.ear=01;31:*.sar=01;31:*.rar=01;31:*.alz=01;31:*.ace=01;31:*.zoo=01;31:*.cpio=01;31:*.7z=01;31:*.rz=01;31:*.cab=01;31:*.wim=01;31:*.swm=01;31:*.dwm=01;31:*.esd=01;31:*.jpg=01;35:*.jpeg=01;35:*.mjpg=01;35:*.mjpeg=01;35:*.gif=01;35:*.bmp=01;35:*.pbm=01;35:*.pgm=01;35:*.ppm=01;35:*.tga=01;35:*.xbm=01;35:*.xpm=01;35:*.tif=01;35:*.tiff=01;35:*.png=01;35:*.svg=01;35:*.svgz=01;35:*.mng=01;35:*.pcx=01;35:*.mov=01;35:*.mpg=01;35:*.mpeg=01;35:*.m2v=01;35:*.mkv=01;35:*.webm=01;35:*.webp=01;35:*.ogm=01;35:*.mp4=01;35:*.m4v=01;35:*.mp4v=01;35:*.vob=01;35:*.qt=01;35:*.nuv=01;35:*.wmv=01;35:*.asf=01;35:*.rm=01;35:*.rmvb=01;35:*.flc=01;35:*.avi=01;35:*.fli=01;35:*.flv=01;35:*.gl=01;35:*.dl=01;35:*.xcf=01;35:*.xwd=01;35:*.yuv=01;35:*.cgm=01;35:*.emf=01;35:*.ogv=01;35:*.ogx=01;35:*.aac=00;36:*.au=00;36:*.flac=00;36:*.m4a=00;36:*.mid=00;36:*.midi=00;36:*.mka=00;36:*.mp3=00;36:*.mpc=00;36:*.ogg=00;36:*.ra=00;36:*.wav=00;36:*.oga=00;36:*.opus=00;36:*.spx=00;36:*.xspf=00;36:', 'VSCODE_GIT_IPC_HANDLE': '/run/user/1000/vscode-git-c59a044dc2.sock', 'TERM_PROGRAM': 'vscode', 'SSH_AGENT_LAUNCHER': 'gnome-keyring', 'SSH_AUTH_SOCK': '/run/user/1000/keyring/ssh', 'ROS_DOMAIN_ID': '2', 'AMENT_PREFIX_PATH': '/home/abc/planning_with_ros2/install/planning:/home/abc/planning_with_ros2/install/data_plot:/home/abc/planning_with_ros2/install/base_msgs:/home/abc/perception_with_ros2/install/perception:/home/abc/perception_with_ros2/install/data_plot_per:/home/abc/perception_with_ros2/install/base_msgs_per:/opt/ros/humble', 'SHELL': '/bin/bash', 'LC_NAME': 'zh_CN.UTF-8', 'QT_ACCESSIBILITY': '1', 'GDMSESSION': 'ubuntu', 'LESSCLOSE': '/usr/bin/lesspipe %s %s', 'LC_MEASUREMENT': 'zh_CN.UTF-8', 'GPG_AGENT_INFO': '/run/user/1000/gnupg/S.gpg-agent:0:1', 'GJS_DEBUG_OUTPUT': 'stderr', 'LC_IDENTIFICATION': 'zh_CN.UTF-8', 'VSCODE_GIT_ASKPASS_EXTRA_ARGS': '', 'QT_IM_MODULE': 'ibus', 'PWD': '/home/abc/planning_with_ros2/build/data_plot', 'LC_ALL': 'en_US.UTF-8', 'XDG_CONFIG_DIRS': '/etc/xdg/xdg-ubuntu:/etc/xdg', 'XDG_DATA_DIRS': '/usr/share/ubuntu:/usr/share/gnome:/usr/local/share/:/usr/share/:/var/lib/snapd/desktop', 'PYTHONPATH': '/home/abc/planning_with_ros2/build/data_plot/prefix_override:/usr/lib/python3/dist-packages/colcon_core/task/python/colcon_distutils_commands:/home/abc/planning_with_ros2/install/data_plot/lib/python3.10/site-packages:/home/abc/planning_with_ros2/install/data_plot/lib/python3.10/site-packages:/home/abc/planning_with_ros2/install/base_msgs/local/lib/python3.10/dist-packages:/home/abc/perception_with_ros2/install/data_plot_per/lib/python3.10/site-packages:/home/abc/perception_with_ros2/install/base_msgs_per/local/lib/python3.10/dist-packages:/opt/ros/humble/lib/python3.10/site-packages:/opt/ros/humble/local/lib/python3.10/dist-packages', 'LC_NUMERIC': 'zh_CN.UTF-8', 'LC_PAPER': 'zh_CN.UTF-8', 'COLCON': '1', 'CMAKE_PREFIX_PATH': '/home/abc/planning_with_ros2/install/base_msgs:/home/abc/planning_with_ros2/install/planning:/home/abc/perception_with_ros2/install/perception:/home/abc/perception_with_ros2/install/base_msgs_per'}, 'shell': False}
[1.201589] (-) TimerEvent: {}
[1.301795] (-) TimerEvent: {}
[1.402012] (-) TimerEvent: {}
[1.404560] (data_plot) StdoutLine: {'line': b'running egg_info\n'}
[1.405182] (data_plot) StdoutLine: {'line': b'writing ../../build/data_plot/data_plot.egg-info/PKG-INFO\n'}
[1.405374] (data_plot) StdoutLine: {'line': b'writing dependency_links to ../../build/data_plot/data_plot.egg-info/dependency_links.txt\n'}
[1.405511] (data_plot) StdoutLine: {'line': b'writing entry points to ../../build/data_plot/data_plot.egg-info/entry_points.txt\n'}
[1.405618] (data_plot) StdoutLine: {'line': b'writing requirements to ../../build/data_plot/data_plot.egg-info/requires.txt\n'}
[1.405711] (data_plot) StdoutLine: {'line': b'writing top-level names to ../../build/data_plot/data_plot.egg-info/top_level.txt\n'}
[1.407201] (data_plot) StdoutLine: {'line': b"reading manifest file '../../build/data_plot/data_plot.egg-info/SOURCES.txt'\n"}
[1.407937] (data_plot) StdoutLine: {'line': b"writing manifest file '../../build/data_plot/data_plot.egg-info/SOURCES.txt'\n"}
[1.408053] (data_plot) StdoutLine: {'line': b'running build\n'}
[1.408148] (data_plot) StdoutLine: {'line': b'running build_py\n'}
[1.408331] (data_plot) StdoutLine: {'line': b'running install\n'}
[1.408625] (data_plot) StdoutLine: {'line': b'running install_lib\n'}
[1.410427] (data_plot) StdoutLine: {'line': b'running install_data\n'}
[1.410550] (data_plot) StdoutLine: {'line': b'running install_egg_info\n'}
[1.412105] (data_plot) StdoutLine: {'line': b"removing '/home/abc/planning_with_ros2/install/data_plot/lib/python3.10/site-packages/data_plot-0.0.0-py3.10.egg-info' (and everything under it)\n"}
[1.412338] (data_plot) StdoutLine: {'line': b'Copying ../../build/data_plot/data_plot.egg-info to /home/abc/planning_with_ros2/install/data_plot/lib/python3.10/site-packages/data_plot-0.0.0-py3.10.egg-info\n'}
[1.413042] (data_plot) StdoutLine: {'line': b'running install_scripts\n'}
[1.433007] (data_plot) StdoutLine: {'line': b'Installing data_plot script to /home/abc/planning_with_ros2/install/data_plot/lib/data_plot\n'}
[1.433287] (data_plot) StdoutLine: {'line': b"writing list of installed files to '/home/abc/planning_with_ros2/build/data_plot/install.log'\n"}
[1.452209] (data_plot) CommandEnded: {'returncode': 0}
[1.458404] (data_plot) JobEnded: {'identifier': 'data_plot', 'rc': 0}
[1.459290] (-) EventReactorShutdown: {}
