[0.000000] (-) TimerEvent: {}
[0.000112] (base_msgs) JobQueued: {'identifier': 'base_msgs', 'dependencies': OrderedDict()}
[0.000179] (data_plot) JobQueued: {'identifier': 'data_plot', 'dependencies': OrderedDict([('base_msgs', '/home/abc/planning_with_ros2/install/base_msgs')])}
[0.000354] (planning) JobQueued: {'identifier': 'planning', 'dependencies': OrderedDict([('base_msgs', '/home/abc/planning_with_ros2/install/base_msgs')])}
[0.000572] (base_msgs) JobStarted: {'identifier': 'base_msgs'}
[0.007939] (base_msgs) JobProgress: {'identifier': 'base_msgs', 'progress': 'cmake'}
[0.008424] (base_msgs) JobProgress: {'identifier': 'base_msgs', 'progress': 'build'}
[0.009084] (base_msgs) Command: {'cmd': ['/usr/local/bin/cmake', '--build', '/home/abc/planning_with_ros2/build/base_msgs', '--', '-j12', '-l12'], 'cwd': '/home/abc/planning_with_ros2/build/base_msgs', 'env': OrderedDict([('GJS_DEBUG_TOPICS', 'JS ERROR;JS LOG'), ('PYTHON_BASIC_REPL', '1'), ('LESSOPEN', '| /usr/bin/lesspipe %s'), ('LANGUAGE', 'en_US:en'), ('TENSORRT_DIR', '/home/abc/TensorRT-8.6'), ('USER', 'abc'), ('LC_TIME', 'zh_CN.UTF-8'), ('XDG_SESSION_TYPE', 'x11'), ('GIT_ASKPASS', '/usr/share/code/resources/app/extensions/git/dist/askpass.sh'), ('SHLVL', '1'), ('LD_LIBRARY_PATH', '/usr/local/cuda-11.8/lib64:/home/abc/planning_with_ros2/install/planning/lib:/usr/local/cuda-11.8/lib64:/home/abc/planning_with_ros2/install/planning/lib:/home/abc/planning_with_ros2/install/planning/lib:/home/abc/planning_with_ros2/install/base_msgs/lib:/home/abc/perception_with_ros2/install/perception/lib:/home/abc/perception_with_ros2/install/base_msgs_per/lib:/usr/lib/x86_64-linux-gnu/gazebo-11/plugins:/opt/ros/humble/opt/rviz_ogre_vendor/lib:/opt/ros/humble/lib/x86_64-linux-gnu:/opt/ros/humble/lib:/home/abc/TensorRT-8.6/lib:/home/abc/TensorRT-8.6/lib'), ('HOME', '/home/abc'), ('CHROME_DESKTOP', 'code.desktop'), ('TERM_PROGRAM_VERSION', '1.109.5'), ('DESKTOP_SESSION', 'ubuntu'), ('GIO_LAUNCHED_DESKTOP_FILE', '/usr/share/applications/code.desktop'), ('ROS_PYTHON_VERSION', '3'), ('GNOME_SHELL_SESSION_MODE', 'ubuntu'), ('GTK_MODULES', 'gail:atk-bridge'), ('VSCODE_GIT_ASKPASS_MAIN', '/usr/share/code/resources/app/extensions/git/dist/askpass-main.js'), ('LC_MONETARY', 'zh_CN.UTF-8'), ('VSCODE_GIT_ASKPASS_NODE', '/usr/share/code/code'), ('MANAGERPID', '1130'), ('PYDEVD_DISABLE_FILE_VALIDATION', '1'), ('SYSTEMD_EXEC_PID', '1595'), ('BUNDLED_DEBUGPY_PATH', '/home/abc/.vscode/extensions/ms-python.debugpy-2025.18.0-linux-x64/bundled/libs/debugpy'), ('VSCODE_PYTHON_AUTOACTIVATE_GUARD', '1'), ('DBUS_SESSION_BUS_ADDRESS', 'unix:path=/run/user/1000/bus'), ('COLORTERM', 'truecolor'), ('GIO_LAUNCHED_DESKTOP_FILE_PID', '364490'), ('COLCON_PREFIX_PATH', '/home/abc/planning_with_ros2/install:/home/abc/perception_with_ros2/install'), ('ROS_DISTRO', 'humble'), ('GTK_IM_MODULE', 'ibus'), ('LOGNAME', 'abc'), ('JOURNAL_STREAM', '8:6989'), ('_', '/usr/bin/colcon'), ('ROS_VERSION', '2'), ('XDG_SESSION_CLASS', 'user'), ('USERNAME', 'abc'), ('TERM', 'xterm-256color'), ('GNOME_DESKTOP_SESSION_ID', 'this-is-deprecated'), ('ROS2_PLANNING_COURSE_INSTALL', '/home/abc/planning_with_ros2/install'), ('FC_FONTATIONS', '1'), ('ROS_LOCALHOST_ONLY', '0'), ('WINDOWPATH', '2'), ('PATH', '/usr/local/cuda-11.8/bin:/home/abc/.config/Code/User/globalStorage/github.copilot-chat/debugCommand:/home/abc/.config/Code/User/globalStorage/github.copilot-chat/copilotCli:/usr/local/cuda-11.8/bin:/opt/ros/humble/bin:/usr/local/sbin:/usr/local/bin:/usr/sbin:/usr/bin:/sbin:/bin:/usr/games:/usr/local/games:/snap/bin:/snap/bin:/home/abc/.vscode/extensions/ms-python.debugpy-2025.18.0-linux-x64/bundled/scripts/noConfigScripts'), ('SESSION_MANAGER', 'local/abc-G3-3500:@/tmp/.ICE-unix/1554,unix/abc-G3-3500:/tmp/.ICE-unix/1554'), ('INVOCATION_ID', 'f3a9f1252eb845459ae16b5ad8fdee6d'), ('PAPERSIZE', 'a4'), ('XDG_MENU_PREFIX', 'gnome-'), ('LC_ADDRESS', 'zh_CN.UTF-8'), ('XDG_RUNTIME_DIR', '/run/user/1000'), ('GDK_BACKEND', 'x11'), ('DISPLAY', ':0'), ('VSCODE_DEBUGPY_ADAPTER_ENDPOINTS', '/home/abc/.vscode/extensions/ms-python.debugpy-2025.18.0-linux-x64/.noConfigDebugAdapterEndpoints/endpoint-73f3b4a0a422bf73.txt'), ('LANG', 'en_US.UTF-8'), ('XDG_CURRENT_DESKTOP', 'ubuntu:GNOME'), ('PYTHONSTARTUP', '/home/abc/.config/Code/User/workspaceStorage/4efd6db52f1c03b4cb1fb614d5084a17/ms-python.python/pythonrc.py'), ('LC_TELEPHONE', 'zh_CN.UTF-8'), ('XMODIFIERS', '@im=ibus'), ('XDG_SESSION_DESKTOP', 'ubuntu'), ('XAUTHORITY', '/run/user/1000/gdm/Xauthority'), ('LS_COLORS', 'rs=0:di=01;34:ln=01;36:mh=00:pi=40;33:so=01;35:do=01;35:bd=40;33;01:cd=40;33;01:or=40;31;01:mi=00:su=37;41:sg=30;43:ca=30;41:tw=30;42:ow=34;42:st=37;44:ex=01;32:*.tar=01;31:*.tgz=01;31:*.arc=01;31:*.arj=01;31:*.taz=01;31:*.lha=01;31:*.lz4=01;31:*.lzh=01;31:*.lzma=01;31:*.tlz=01;31:*.txz=01;31:*.tzo=01;31:*.t7z=01;31:*.zip=01;31:*.z=01;31:*.dz=01;31:*.gz=01;31:*.lrz=01;31:*.lz=01;31:*.lzo=01;31:*.xz=01;31:*.zst=01;31:*.tzst=01;31:*.bz2=01;31:*.bz=01;31:*.tbz=01;31:*.tbz2=01;31:*.tz=01;31:*.deb=01;31:*.rpm=01;31:*.jar=01;31:*.war=01;31:*.ear=01;31:*.sar=01;31:*.rar=01;31:*.alz=01;31:*.ace=01;31:*.zoo=01;31:*.cpio=01;31:*.7z=01;31:*.rz=01;31:*.cab=01;31:*.wim=01;31:*.swm=01;31:*.dwm=01;31:*.esd=01;31:*.jpg=01;35:*.jpeg=01;35:*.mjpg=01;35:*.mjpeg=01;35:*.gif=01;35:*.bmp=01;35:*.pbm=01;35:*.pgm=01;35:*.ppm=01;35:*.tga=01;35:*.xbm=01;35:*.xpm=01;35:*.tif=01;35:*.tiff=01;35:*.png=01;35:*.svg=01;35:*.svgz=01;35:*.mng=01;35:*.pcx=01;35:*.mov=01;35:*.mpg=01;35:*.mpeg=01;35:*.m2v=01;35:*.mkv=01;35:*.webm=01;35:*.webp=01;35:*.ogm=01;35:*.mp4=01;35:*.m4v=01;35:*.mp4v=01;35:*.vob=01;35:*.qt=01;35:*.nuv=01;35:*.wmv=01;35:*.asf=01;35:*.rm=01;35:*.rmvb=01;35:*.flc=01;35:*.avi=01;35:*.fli=01;35:*.flv=01;35:*.gl=01;35:*.dl=01;35:*.xcf=01;35:*.xwd=01;35:*.yuv=01;35:*.cgm=01;35:*.emf=01;35:*.ogv=01;35:*.ogx=01;35:*.aac=00;36:*.au=00;36:*.flac=00;36:*.m4a=00;36:*.mid=00;36:*.midi=00;36:*.mka=00;36:*.mp3=00;36:*.mpc=00;36:*.ogg=00;36:*.ra=00;36:*.wav=00;36:*.oga=00;36:*.opus=00;36:*.spx=00;36:*.xspf=00;36:'), ('VSCODE_GIT_IPC_HANDLE', '/run/user/1000/vscode-git-c59a044dc2.sock'), ('TERM_PROGRAM', 'vscode'), ('SSH_AGENT_LAUNCHER', 'gnome-keyring'), ('SSH_AUTH_SOCK', '/run/user/1000/keyring/ssh'), ('ROS_DOMAIN_ID', '2'), ('AMENT_PREFIX_PATH', '/home/abc/planning_with_ros2/install/planning:/home/abc/planning_with_ros2/install/data_plot:/home/abc/planning_with_ros2/install/base_msgs:/home/abc/perception_with_ros2/install/perception:/home/abc/perception_with_ros2/install/data_plot_per:/home/abc/perception_with_ros2/install/base_msgs_per:/opt/ros/humble'), ('SHELL', '/bin/bash'), ('LC_NAME', 'zh_CN.UTF-8'), ('QT_ACCESSIBILITY', '1'), ('GDMSESSION', 'ubuntu'), ('LESSCLOSE', '/usr/bin/lesspipe %s %s'), ('LC_MEASUREMENT', 'zh_CN.UTF-8'), ('GPG_AGENT_INFO', '/run/user/1000/gnupg/S.gpg-agent:0:1'), ('GJS_DEBUG_OUTPUT', 'stderr'), ('LC_IDENTIFICATION', 'zh_CN.UTF-8'), ('VSCODE_GIT_ASKPASS_EXTRA_ARGS', ''), ('QT_IM_MODULE', 'ibus'), ('PWD', '/home/abc/planning_with_ros2/build/base_msgs'), ('LC_ALL', 'en_US.UTF-8'), ('XDG_CONFIG_DIRS', '/etc/xdg/xdg-ubuntu:/etc/xdg'), ('XDG_DATA_DIRS', '/usr/share/ubuntu:/usr/share/gnome:/usr/local/share/:/usr/share/:/var/lib/snapd/desktop'), ('PYTHONPATH', '/home/abc/planning_with_ros2/install/data_plot/lib/python3.10/site-packages:/home/abc/planning_with_ros2/install/base_msgs/local/lib/python3.10/dist-packages:/home/abc/perception_with_ros2/install/data_plot_per/lib/python3.10/site-packages:/home/abc/perception_with_ros2/install/base_msgs_per/local/lib/python3.10/dist-packages:/opt/ros/humble/lib/python3.10/site-packages:/opt/ros/humble/local/lib/python3.10/dist-packages'), ('LC_NUMERIC', 'zh_CN.UTF-8'), ('LC_PAPER', 'zh_CN.UTF-8'), ('COLCON', '1'), ('CMAKE_PREFIX_PATH', '/home/abc/planning_with_ros2/install/planning:/home/abc/planning_with_ros2/install/base_msgs:/home/abc/perception_with_ros2/install/perception:/home/abc/perception_with_ros2/install/base_msgs_per:/home/abc/planning_with_ros2/install/data_plot:/home/abc/perception_with_ros2/install/data_plot_per:/opt/ros/humble')]), 'shell': False}
[0.033112] (base_msgs) StdoutLine: {'line': b'[  0%] Built target base_msgs__cpp\n'}
[0.035425] (base_msgs) StdoutLine: {'line': b'[  0%] Built target ament_cmake_python_copy_base_msgs\n'}
[0.040701] (base_msgs) StdoutLine: {'line': b'[ 12%] Built target base_msgs__rosidl_generator_c\n'}
[0.057471] (base_msgs) StdoutLine: {'line': b'[ 24%] Built target base_msgs__rosidl_typesupport_cpp\n'}
[0.058357] (base_msgs) StdoutLine: {'line': b'[ 36%] Built target base_msgs__rosidl_typesupport_introspection_cpp\n'}
[0.058714] (base_msgs) StdoutLine: {'line': b'[ 48%] Built target base_msgs__rosidl_typesupport_c\n'}
[0.063033] (base_msgs) StdoutLine: {'line': b'[ 60%] Built target base_msgs__rosidl_typesupport_introspection_c\n'}
[0.064893] (base_msgs) StdoutLine: {'line': b'[ 72%] Built target base_msgs__rosidl_typesupport_fastrtps_cpp\n'}
[0.068134] (base_msgs) StdoutLine: {'line': b'[ 84%] Built target base_msgs__rosidl_typesupport_fastrtps_c\n'}
[0.075266] (base_msgs) StdoutLine: {'line': b'[ 84%] Built target base_msgs\n'}
[0.083300] (base_msgs) StdoutLine: {'line': b'[ 85%] Built target base_msgs__py\n'}
[0.099789] (-) TimerEvent: {}
[0.104727] (base_msgs) StdoutLine: {'line': b'[ 96%] Built target base_msgs__rosidl_generator_py\n'}
[0.117499] (base_msgs) StdoutLine: {'line': b'[ 97%] Built target base_msgs__rosidl_typesupport_c__pyext\n'}
[0.118596] (base_msgs) StdoutLine: {'line': b'[ 99%] Built target base_msgs__rosidl_typesupport_fastrtps_c__pyext\n'}
[0.118795] (base_msgs) StdoutLine: {'line': b'[100%] Built target base_msgs__rosidl_typesupport_introspection_c__pyext\n'}
[0.199892] (-) TimerEvent: {}
[0.300120] (-) TimerEvent: {}
[0.373593] (base_msgs) StdoutLine: {'line': b'running egg_info\n'}
[0.374231] (base_msgs) StdoutLine: {'line': b'writing base_msgs.egg-info/PKG-INFO\n'}
[0.374424] (base_msgs) StdoutLine: {'line': b'writing dependency_links to base_msgs.egg-info/dependency_links.txt\n'}
[0.374571] (base_msgs) StdoutLine: {'line': b'writing top-level names to base_msgs.egg-info/top_level.txt\n'}
[0.376749] (base_msgs) StdoutLine: {'line': b"reading manifest file 'base_msgs.egg-info/SOURCES.txt'\n"}
[0.377334] (base_msgs) StdoutLine: {'line': b"writing manifest file 'base_msgs.egg-info/SOURCES.txt'\n"}
[0.395190] (base_msgs) StdoutLine: {'line': b'[100%] Built target ament_cmake_python_build_base_msgs_egg\n'}
[0.399328] (base_msgs) CommandEnded: {'returncode': 0}
[0.399991] (base_msgs) JobProgress: {'identifier': 'base_msgs', 'progress': 'install'}
[0.400289] (-) TimerEvent: {}
[0.402411] (base_msgs) Command: {'cmd': ['/usr/local/bin/cmake', '--install', '/home/abc/planning_with_ros2/build/base_msgs'], 'cwd': '/home/abc/planning_with_ros2/build/base_msgs', 'env': OrderedDict([('GJS_DEBUG_TOPICS', 'JS ERROR;JS LOG'), ('PYTHON_BASIC_REPL', '1'), ('LESSOPEN', '| /usr/bin/lesspipe %s'), ('LANGUAGE', 'en_US:en'), ('TENSORRT_DIR', '/home/abc/TensorRT-8.6'), ('USER', 'abc'), ('LC_TIME', 'zh_CN.UTF-8'), ('XDG_SESSION_TYPE', 'x11'), ('GIT_ASKPASS', '/usr/share/code/resources/app/extensions/git/dist/askpass.sh'), ('SHLVL', '1'), ('LD_LIBRARY_PATH', '/usr/local/cuda-11.8/lib64:/home/abc/planning_with_ros2/install/planning/lib:/usr/local/cuda-11.8/lib64:/home/abc/planning_with_ros2/install/planning/lib:/home/abc/planning_with_ros2/install/planning/lib:/home/abc/planning_with_ros2/install/base_msgs/lib:/home/abc/perception_with_ros2/install/perception/lib:/home/abc/perception_with_ros2/install/base_msgs_per/lib:/usr/lib/x86_64-linux-gnu/gazebo-11/plugins:/opt/ros/humble/opt/rviz_ogre_vendor/lib:/opt/ros/humble/lib/x86_64-linux-gnu:/opt/ros/humble/lib:/home/abc/TensorRT-8.6/lib:/home/abc/TensorRT-8.6/lib'), ('HOME', '/home/abc'), ('CHROME_DESKTOP', 'code.desktop'), ('TERM_PROGRAM_VERSION', '1.109.5'), ('DESKTOP_SESSION', 'ubuntu'), ('GIO_LAUNCHED_DESKTOP_FILE', '/usr/share/applications/code.desktop'), ('ROS_PYTHON_VERSION', '3'), ('GNOME_SHELL_SESSION_MODE', 'ubuntu'), ('GTK_MODULES', 'gail:atk-bridge'), ('VSCODE_GIT_ASKPASS_MAIN', '/usr/share/code/resources/app/extensions/git/dist/askpass-main.js'), ('LC_MONETARY', 'zh_CN.UTF-8'), ('VSCODE_GIT_ASKPASS_NODE', '/usr/share/code/code'), ('MANAGERPID', '1130'), ('PYDEVD_DISABLE_FILE_VALIDATION', '1'), ('SYSTEMD_EXEC_PID', '1595'), ('BUNDLED_DEBUGPY_PATH', '/home/abc/.vscode/extensions/ms-python.debugpy-2025.18.0-linux-x64/bundled/libs/debugpy'), ('VSCODE_PYTHON_AUTOACTIVATE_GUARD', '1'), ('DBUS_SESSION_BUS_ADDRESS', 'unix:path=/run/user/1000/bus'), ('COLORTERM', 'truecolor'), ('GIO_LAUNCHED_DESKTOP_FILE_PID', '364490'), ('COLCON_PREFIX_PATH', '/home/abc/planning_with_ros2/install:/home/abc/perception_with_ros2/install'), ('ROS_DISTRO', 'humble'), ('GTK_IM_MODULE', 'ibus'), ('LOGNAME', 'abc'), ('JOURNAL_STREAM', '8:6989'), ('_', '/usr/bin/colcon'), ('ROS_VERSION', '2'), ('XDG_SESSION_CLASS', 'user'), ('USERNAME', 'abc'), ('TERM', 'xterm-256color'), ('GNOME_DESKTOP_SESSION_ID', 'this-is-deprecated'), ('ROS2_PLANNING_COURSE_INSTALL', '/home/abc/planning_with_ros2/install'), ('FC_FONTATIONS', '1'), ('ROS_LOCALHOST_ONLY', '0'), ('WINDOWPATH', '2'), ('PATH', '/usr/local/cuda-11.8/bin:/home/abc/.config/Code/User/globalStorage/github.copilot-chat/debugCommand:/home/abc/.config/Code/User/globalStorage/github.copilot-chat/copilotCli:/usr/local/cuda-11.8/bin:/opt/ros/humble/bin:/usr/local/sbin:/usr/local/bin:/usr/sbin:/usr/bin:/sbin:/bin:/usr/games:/usr/local/games:/snap/bin:/snap/bin:/home/abc/.vscode/extensions/ms-python.debugpy-2025.18.0-linux-x64/bundled/scripts/noConfigScripts'), ('SESSION_MANAGER', 'local/abc-G3-3500:@/tmp/.ICE-unix/1554,unix/abc-G3-3500:/tmp/.ICE-unix/1554'), ('INVOCATION_ID', 'f3a9f1252eb845459ae16b5ad8fdee6d'), ('PAPERSIZE', 'a4'), ('XDG_MENU_PREFIX', 'gnome-'), ('LC_ADDRESS', 'zh_CN.UTF-8'), ('XDG_RUNTIME_DIR', '/run/user/1000'), ('GDK_BACKEND', 'x11'), ('DISPLAY', ':0'), ('VSCODE_DEBUGPY_ADAPTER_ENDPOINTS', '/home/abc/.vscode/extensions/ms-python.debugpy-2025.18.0-linux-x64/.noConfigDebugAdapterEndpoints/endpoint-73f3b4a0a422bf73.txt'), ('LANG', 'en_US.UTF-8'), ('XDG_CURRENT_DESKTOP', 'ubuntu:GNOME'), ('PYTHONSTARTUP', '/home/abc/.config/Code/User/workspaceStorage/4efd6db52f1c03b4cb1fb614d5084a17/ms-python.python/pythonrc.py'), ('LC_TELEPHONE', 'zh_CN.UTF-8'), ('XMODIFIERS', '@im=ibus'), ('XDG_SESSION_DESKTOP', 'ubuntu'), ('XAUTHORITY', '/run/user/1000/gdm/Xauthority'), ('LS_COLORS', 'rs=0:di=01;34:ln=01;36:mh=00:pi=40;33:so=01;35:do=01;35:bd=40;33;01:cd=40;33;01:or=40;31;01:mi=00:su=37;41:sg=30;43:ca=30;41:tw=30;42:ow=34;42:st=37;44:ex=01;32:*.tar=01;31:*.tgz=01;31:*.arc=01;31:*.arj=01;31:*.taz=01;31:*.lha=01;31:*.lz4=01;31:*.lzh=01;31:*.lzma=01;31:*.tlz=01;31:*.txz=01;31:*.tzo=01;31:*.t7z=01;31:*.zip=01;31:*.z=01;31:*.dz=01;31:*.gz=01;31:*.lrz=01;31:*.lz=01;31:*.lzo=01;31:*.xz=01;31:*.zst=01;31:*.tzst=01;31:*.bz2=01;31:*.bz=01;31:*.tbz=01;31:*.tbz2=01;31:*.tz=01;31:*.deb=01;31:*.rpm=01;31:*.jar=01;31:*.war=01;31:*.ear=01;31:*.sar=01;31:*.rar=01;31:*.alz=01;31:*.ace=01;31:*.zoo=01;31:*.cpio=01;31:*.7z=01;31:*.rz=01;31:*.cab=01;31:*.wim=01;31:*.swm=01;31:*.dwm=01;31:*.esd=01;31:*.jpg=01;35:*.jpeg=01;35:*.mjpg=01;35:*.mjpeg=01;35:*.gif=01;35:*.bmp=01;35:*.pbm=01;35:*.pgm=01;35:*.ppm=01;35:*.tga=01;35:*.xbm=01;35:*.xpm=01;35:*.tif=01;35:*.tiff=01;35:*.png=01;35:*.svg=01;35:*.svgz=01;35:*.mng=01;35:*.pcx=01;35:*.mov=01;35:*.mpg=01;35:*.mpeg=01;35:*.m2v=01;35:*.mkv=01;35:*.webm=01;35:*.webp=01;35:*.ogm=01;35:*.mp4=01;35:*.m4v=01;35:*.mp4v=01;35:*.vob=01;35:*.qt=01;35:*.nuv=01;35:*.wmv=01;35:*.asf=01;35:*.rm=01;35:*.rmvb=01;35:*.flc=01;35:*.avi=01;35:*.fli=01;35:*.flv=01;35:*.gl=01;35:*.dl=01;35:*.xcf=01;35:*.xwd=01;35:*.yuv=01;35:*.cgm=01;35:*.emf=01;35:*.ogv=01;35:*.ogx=01;35:*.aac=00;36:*.au=00;36:*.flac=00;36:*.m4a=00;36:*.mid=00;36:*.midi=00;36:*.mka=00;36:*.mp3=00;36:*.mpc=00;36:*.ogg=00;36:*.ra=00;36:*.wav=00;36:*.oga=00;36:*.opus=00;36:*.spx=00;36:*.xspf=00;36:'), ('VSCODE_GIT_IPC_HANDLE', '/run/user/1000/vscode-git-c59a044dc2.sock'), ('TERM_PROGRAM', 'vscode'), ('SSH_AGENT_LAUNCHER', 'gnome-keyring'), ('SSH_AUTH_SOCK', '/run/user/1000/keyring/ssh'), ('ROS_DOMAIN_ID', '2'), ('AMENT_PREFIX_PATH', '/home/abc/planning_with_ros2/install/planning:/home/abc/planning_with_ros2/install/data_plot:/home/abc/planning_with_ros2/install/base_msgs:/home/abc/perception_with_ros2/install/perception:/home/abc/perception_with_ros2/install/data_plot_per:/home/abc/perception_with_ros2/install/base_msgs_per:/opt/ros/humble'), ('SHELL', '/bin/bash'), ('LC_NAME', 'zh_CN.UTF-8'), ('QT_ACCESSIBILITY', '1'), ('GDMSESSION', 'ubuntu'), ('LESSCLOSE', '/usr/bin/lesspipe %s %s'), ('LC_MEASUREMENT', 'zh_CN.UTF-8'), ('GPG_AGENT_INFO', '/run/user/1000/gnupg/S.gpg-agent:0:1'), ('GJS_DEBUG_OUTPUT', 'stderr'), ('LC_IDENTIFICATION', 'zh_CN.UTF-8'), ('VSCODE_GIT_ASKPASS_EXTRA_ARGS', ''), ('QT_IM_MODULE', 'ibus'), ('PWD', '/home/abc/planning_with_ros2/build/base_msgs'), ('LC_ALL', 'en_US.UTF-8'), ('XDG_CONFIG_DIRS', '/etc/xdg/xdg-ubuntu:/etc/xdg'), ('XDG_DATA_DIRS', '/usr/share/ubuntu:/usr/share/gnome:/usr/local/share/:/usr/share/:/var/lib/snapd/desktop'), ('PYTHONPATH', '/home/abc/planning_with_ros2/install/data_plot/lib/python3.10/site-packages:/home/abc/planning_with_ros2/install/base_msgs/local/lib/python3.10/dist-packages:/home/abc/perception_with_ros2/install/data_plot_per/lib/python3.10/site-packages:/home/abc/perception_with_ros2/install/base_msgs_per/local/lib/python3.10/dist-packages:/opt/ros/humble/lib/python3.10/site-packages:/opt/ros/humble/local/lib/python3.10/dist-packages'), ('LC_NUMERIC', 'zh_CN.UTF-8'), ('LC_PAPER', 'zh_CN.UTF-8'), ('COLCON', '1'), ('CMAKE_PREFIX_PATH', '/home/abc/planning_with_ros2/install/planning:/home/abc/planning_with_ros2/install/base_msgs:/home/abc/perception_with_ros2/install/perception:/home/abc/perception_with_ros2/install/base_msgs_per:/home/abc/planning_with_ros2/install/data_plot:/home/abc/perception_with_ros2/install/data_plot_per:/opt/ros/humble')]), 'shell': False}
[0.405387] (base_msgs) StdoutLine: {'line': b'-- Install configuration: ""\n'}
[0.405540] (base_msgs) StdoutLine: {'line': b'-- Up-to-date: /home/abc/planning_with_ros2/install/base_msgs/share/ament_index/resource_index/rosidl_interfaces/base_msgs\n'}
[0.405696] (base_msgs) StdoutLine: {'line': b'-- Up-to-date: /home/abc/planning_with_ros2/install/base_msgs/include/base_msgs/base_msgs\n'}
[0.405930] (base_msgs) StdoutLine: {'line': b'-- Up-to-date: /home/abc/planning_with_ros2/install/base_msgs/include/base_msgs/base_msgs/msg\n'}
[0.406009] (base_msgs) StdoutLine: {'line': b'-- Up-to-date: /home/abc/planning_with_ros2/install/base_msgs/include/base_msgs/base_msgs/msg/pnc_map.h\n'}
[0.406075] (base_msgs) StdoutLine: {'line': b'-- Up-to-date: /home/abc/planning_with_ros2/install/base_msgs/include/base_msgs/base_msgs/msg/local_trajectory_point.h\n'}
[0.406139] (base_msgs) StdoutLine: {'line': b'-- Up-to-date: /home/abc/planning_with_ros2/install/base_msgs/include/base_msgs/base_msgs/msg/plot_info.h\n'}
[0.406199] (base_msgs) StdoutLine: {'line': b'-- Up-to-date: /home/abc/planning_with_ros2/install/base_msgs/include/base_msgs/base_msgs/msg/rosidl_generator_c__visibility_control.h\n'}
[0.406259] (base_msgs) StdoutLine: {'line': b'-- Up-to-date: /home/abc/planning_with_ros2/install/base_msgs/include/base_msgs/base_msgs/msg/local_path.h\n'}
[0.406332] (base_msgs) StdoutLine: {'line': b'-- Up-to-date: /home/abc/planning_with_ros2/install/base_msgs/include/base_msgs/base_msgs/msg/detail\n'}
[0.406409] (base_msgs) StdoutLine: {'line': b'-- Up-to-date: /home/abc/planning_with_ros2/install/base_msgs/include/base_msgs/base_msgs/msg/detail/obs_info__type_support.h\n'}
[0.406488] (base_msgs) StdoutLine: {'line': b'-- Up-to-date: /home/abc/planning_with_ros2/install/base_msgs/include/base_msgs/base_msgs/msg/detail/local_speeds__functions.c\n'}
[0.406563] (base_msgs) StdoutLine: {'line': b'-- Up-to-date: /home/abc/planning_with_ros2/install/base_msgs/include/base_msgs/base_msgs/msg/detail/local_speeds_point__struct.h\n'}
[0.406671] (base_msgs) StdoutLine: {'line': b'-- Up-to-date: /home/abc/planning_with_ros2/install/base_msgs/include/base_msgs/base_msgs/msg/detail/referline_point__type_support.h\n'}
[0.406906] (base_msgs) StdoutLine: {'line': b'-- Up-to-date: /home/abc/planning_with_ros2/install/base_msgs/include/base_msgs/base_msgs/msg/detail/obs_info__struct.h\n'}
[0.407029] (base_msgs) StdoutLine: {'line': b'-- Up-to-date: /home/abc/planning_with_ros2/install/base_msgs/include/base_msgs/base_msgs/msg/detail/referline__struct.h\n'}
[0.407107] (base_msgs) StdoutLine: {'line': b'-- Up-to-date: /home/abc/planning_with_ros2/install/base_msgs/include/base_msgs/base_msgs/msg/detail/local_speeds__functions.h\n'}
[0.407184] (base_msgs) StdoutLine: {'line': b'-- Up-to-date: /home/abc/planning_with_ros2/install/base_msgs/include/base_msgs/base_msgs/msg/detail/local_path_point__functions.h\n'}
[0.407258] (base_msgs) StdoutLine: {'line': b'-- Up-to-date: /home/abc/planning_with_ros2/install/base_msgs/include/base_msgs/base_msgs/msg/detail/pnc_map__struct.h\n'}
[0.407332] (base_msgs) StdoutLine: {'line': b'-- Up-to-date: /home/abc/planning_with_ros2/install/base_msgs/include/base_msgs/base_msgs/msg/detail/plot_info__struct.h\n'}
[0.407405] (base_msgs) StdoutLine: {'line': b'-- Up-to-date: /home/abc/planning_with_ros2/install/base_msgs/include/base_msgs/base_msgs/msg/detail/local_path_point__struct.h\n'}
[0.407478] (base_msgs) StdoutLine: {'line': b'-- Up-to-date: /home/abc/planning_with_ros2/install/base_msgs/include/base_msgs/base_msgs/msg/detail/local_path__struct.h\n'}
[0.407550] (base_msgs) StdoutLine: {'line': b'-- Up-to-date: /home/abc/planning_with_ros2/install/base_msgs/include/base_msgs/base_msgs/msg/detail/obs_info__functions.h\n'}
[0.407628] (base_msgs) StdoutLine: {'line': b'-- Up-to-date: /home/abc/planning_with_ros2/install/base_msgs/include/base_msgs/base_msgs/msg/detail/obs_info__functions.c\n'}
[0.407906] (base_msgs) StdoutLine: {'line': b'-- Up-to-date: /home/abc/planning_with_ros2/install/base_msgs/include/base_msgs/base_msgs/msg/detail/local_speeds__struct.h\n'}
[0.407991] (base_msgs) StdoutLine: {'line': b'-- Up-to-date: /home/abc/planning_with_ros2/install/base_msgs/include/base_msgs/base_msgs/msg/detail/referline__functions.h\n'}
[0.408169] (base_msgs) StdoutLine: {'line': b'-- Up-to-date: /home/abc/planning_with_ros2/install/base_msgs/include/base_msgs/base_msgs/msg/detail/local_trajectory__type_support.h\n'}
[0.408251] (base_msgs) StdoutLine: {'line': b'-- Up-to-date: /home/abc/planning_with_ros2/install/base_msgs/include/base_msgs/base_msgs/msg/detail/local_trajectory__functions.h\n'}
[0.408327] (base_msgs) StdoutLine: {'line': b'-- Up-to-date: /home/abc/planning_with_ros2/install/base_msgs/include/base_msgs/base_msgs/msg/detail/local_path_point__type_support.h\n'}
[0.408400] (base_msgs) StdoutLine: {'line': b'-- Up-to-date: /home/abc/planning_with_ros2/install/base_msgs/include/base_msgs/base_msgs/msg/detail/local_path_point__functions.c\n'}
[0.408474] (base_msgs) StdoutLine: {'line': b'-- Up-to-date: /home/abc/planning_with_ros2/install/base_msgs/include/base_msgs/base_msgs/msg/detail/referline__type_support.h\n'}
[0.408548] (base_msgs) StdoutLine: {'line': b'-- Up-to-date: /home/abc/planning_with_ros2/install/base_msgs/include/base_msgs/base_msgs/msg/detail/local_trajectory_point__functions.c\n'}
[0.408628] (base_msgs) StdoutLine: {'line': b'-- Up-to-date: /home/abc/planning_with_ros2/install/base_msgs/include/base_msgs/base_msgs/msg/detail/local_trajectory_point__functions.h\n'}
[0.408807] (base_msgs) StdoutLine: {'line': b'-- Up-to-date: /home/abc/planning_with_ros2/install/base_msgs/include/base_msgs/base_msgs/msg/detail/local_path__functions.h\n'}
[0.408873] (base_msgs) StdoutLine: {'line': b'-- Up-to-date: /home/abc/planning_with_ros2/install/base_msgs/include/base_msgs/base_msgs/msg/detail/pnc_map__functions.c\n'}
[0.408954] (base_msgs) StdoutLine: {'line': b'-- Up-to-date: /home/abc/planning_with_ros2/install/base_msgs/include/base_msgs/base_msgs/msg/detail/referline__functions.c\n'}
[0.409031] (base_msgs) StdoutLine: {'line': b'-- Up-to-date: /home/abc/planning_with_ros2/install/base_msgs/include/base_msgs/base_msgs/msg/detail/referline_point__struct.h\n'}
[0.409105] (base_msgs) StdoutLine: {'line': b'-- Up-to-date: /home/abc/planning_with_ros2/install/base_msgs/include/base_msgs/base_msgs/msg/detail/local_trajectory__struct.h\n'}
[0.409181] (base_msgs) StdoutLine: {'line': b'-- Up-to-date: /home/abc/planning_with_ros2/install/base_msgs/include/base_msgs/base_msgs/msg/detail/local_speeds_point__type_support.h\n'}
[0.409329] (base_msgs) StdoutLine: {'line': b'-- Up-to-date: /home/abc/planning_with_ros2/install/base_msgs/include/base_msgs/base_msgs/msg/detail/local_speeds_point__functions.h\n'}
[0.409406] (base_msgs) StdoutLine: {'line': b'-- Up-to-date: /home/abc/planning_with_ros2/install/base_msgs/include/base_msgs/base_msgs/msg/detail/local_trajectory_point__struct.h\n'}
[0.409481] (base_msgs) StdoutLine: {'line': b'-- Up-to-date: /home/abc/planning_with_ros2/install/base_msgs/include/base_msgs/base_msgs/msg/detail/local_path__functions.c\n'}
[0.409555] (base_msgs) StdoutLine: {'line': b'-- Up-to-date: /home/abc/planning_with_ros2/install/base_msgs/include/base_msgs/base_msgs/msg/detail/plot_info__functions.c\n'}
[0.409657] (base_msgs) StdoutLine: {'line': b'-- Up-to-date: /home/abc/planning_with_ros2/install/base_msgs/include/base_msgs/base_msgs/msg/detail/local_trajectory__functions.c\n'}
[0.409885] (base_msgs) StdoutLine: {'line': b'-- Up-to-date: /home/abc/planning_with_ros2/install/base_msgs/include/base_msgs/base_msgs/msg/detail/local_speeds__type_support.h\n'}
[0.410032] (base_msgs) StdoutLine: {'line': b'-- Up-to-date: /home/abc/planning_with_ros2/install/base_msgs/include/base_msgs/base_msgs/msg/detail/plot_info__type_support.h\n'}
[0.410116] (base_msgs) StdoutLine: {'line': b'-- Up-to-date: /home/abc/planning_with_ros2/install/base_msgs/include/base_msgs/base_msgs/msg/detail/referline_point__functions.c\n'}
[0.410193] (base_msgs) StdoutLine: {'line': b'-- Up-to-date: /home/abc/planning_with_ros2/install/base_msgs/include/base_msgs/base_msgs/msg/detail/local_path__type_support.h\n'}
[0.410269] (base_msgs) StdoutLine: {'line': b'-- Up-to-date: /home/abc/planning_with_ros2/install/base_msgs/include/base_msgs/base_msgs/msg/detail/plot_info__functions.h\n'}
[0.410343] (base_msgs) StdoutLine: {'line': b'-- Up-to-date: /home/abc/planning_with_ros2/install/base_msgs/include/base_msgs/base_msgs/msg/detail/pnc_map__type_support.h\n'}
[0.410417] (base_msgs) StdoutLine: {'line': b'-- Up-to-date: /home/abc/planning_with_ros2/install/base_msgs/include/base_msgs/base_msgs/msg/detail/pnc_map__functions.h\n'}
[0.410491] (base_msgs) StdoutLine: {'line': b'-- Up-to-date: /home/abc/planning_with_ros2/install/base_msgs/include/base_msgs/base_msgs/msg/detail/local_trajectory_point__type_support.h\n'}
[0.410565] (base_msgs) StdoutLine: {'line': b'-- Up-to-date: /home/abc/planning_with_ros2/install/base_msgs/include/base_msgs/base_msgs/msg/detail/local_speeds_point__functions.c\n'}
[0.410757] (base_msgs) StdoutLine: {'line': b'-- Up-to-date: /home/abc/planning_with_ros2/install/base_msgs/include/base_msgs/base_msgs/msg/detail/referline_point__functions.h\n'}
[0.410842] (base_msgs) StdoutLine: {'line': b'-- Up-to-date: /home/abc/planning_with_ros2/install/base_msgs/include/base_msgs/base_msgs/msg/referline_point.h\n'}
[0.410919] (base_msgs) StdoutLine: {'line': b'-- Up-to-date: /home/abc/planning_with_ros2/install/base_msgs/include/base_msgs/base_msgs/msg/obs_info.h\n'}
[0.410993] (base_msgs) StdoutLine: {'line': b'-- Up-to-date: /home/abc/planning_with_ros2/install/base_msgs/include/base_msgs/base_msgs/msg/referline.h\n'}
[0.411067] (base_msgs) StdoutLine: {'line': b'-- Up-to-date: /home/abc/planning_with_ros2/install/base_msgs/include/base_msgs/base_msgs/msg/local_speeds_point.h\n'}
[0.411201] (base_msgs) StdoutLine: {'line': b'-- Up-to-date: /home/abc/planning_with_ros2/install/base_msgs/include/base_msgs/base_msgs/msg/local_speeds.h\n'}
[0.411304] (base_msgs) StdoutLine: {'line': b'-- Up-to-date: /home/abc/planning_with_ros2/install/base_msgs/include/base_msgs/base_msgs/msg/local_trajectory.h\n'}
[0.411382] (base_msgs) StdoutLine: {'line': b'-- Up-to-date: /home/abc/planning_with_ros2/install/base_msgs/include/base_msgs/base_msgs/msg/local_path_point.h\n'}
[0.411457] (base_msgs) StdoutLine: {'line': b'-- Up-to-date: /home/abc/planning_with_ros2/install/base_msgs/include/base_msgs/base_msgs/srv\n'}
[0.411532] (base_msgs) StdoutLine: {'line': b'-- Up-to-date: /home/abc/planning_with_ros2/install/base_msgs/include/base_msgs/base_msgs/srv/detail\n'}
[0.411650] (base_msgs) StdoutLine: {'line': b'-- Up-to-date: /home/abc/planning_with_ros2/install/base_msgs/include/base_msgs/base_msgs/srv/detail/global_path_service__functions.h\n'}
[0.411864] (base_msgs) StdoutLine: {'line': b'-- Up-to-date: /home/abc/planning_with_ros2/install/base_msgs/include/base_msgs/base_msgs/srv/detail/pnc_map_service__struct.h\n'}
[0.411926] (base_msgs) StdoutLine: {'line': b'-- Up-to-date: /home/abc/planning_with_ros2/install/base_msgs/include/base_msgs/base_msgs/srv/detail/pnc_map_service__functions.c\n'}
[0.411999] (base_msgs) StdoutLine: {'line': b'-- Up-to-date: /home/abc/planning_with_ros2/install/base_msgs/include/base_msgs/base_msgs/srv/detail/global_path_service__type_support.h\n'}
[0.412075] (base_msgs) StdoutLine: {'line': b'-- Up-to-date: /home/abc/planning_with_ros2/install/base_msgs/include/base_msgs/base_msgs/srv/detail/global_path_service__struct.h\n'}
[0.412150] (base_msgs) StdoutLine: {'line': b'-- Up-to-date: /home/abc/planning_with_ros2/install/base_msgs/include/base_msgs/base_msgs/srv/detail/pnc_map_service__type_support.h\n'}
[0.412253] (base_msgs) StdoutLine: {'line': b'-- Up-to-date: /home/abc/planning_with_ros2/install/base_msgs/include/base_msgs/base_msgs/srv/detail/global_path_service__functions.c\n'}
[0.412329] (base_msgs) StdoutLine: {'line': b'-- Up-to-date: /home/abc/planning_with_ros2/install/base_msgs/include/base_msgs/base_msgs/srv/detail/pnc_map_service__functions.h\n'}
[0.412404] (base_msgs) StdoutLine: {'line': b'-- Up-to-date: /home/abc/planning_with_ros2/install/base_msgs/include/base_msgs/base_msgs/srv/pnc_map_service.h\n'}
[0.412480] (base_msgs) StdoutLine: {'line': b'-- Up-to-date: /home/abc/planning_with_ros2/install/base_msgs/include/base_msgs/base_msgs/srv/global_path_service.h\n'}
[0.412555] (base_msgs) StdoutLine: {'line': b'-- Up-to-date: /home/abc/planning_with_ros2/install/base_msgs/share/base_msgs/environment/library_path.sh\n'}
[0.412676] (base_msgs) StdoutLine: {'line': b'-- Up-to-date: /home/abc/planning_with_ros2/install/base_msgs/share/base_msgs/environment/library_path.dsv\n'}
[0.412766] (base_msgs) StdoutLine: {'line': b'-- Up-to-date: /home/abc/planning_with_ros2/install/base_msgs/lib/libbase_msgs__rosidl_generator_c.so\n'}
[0.412842] (base_msgs) StdoutLine: {'line': b'-- Up-to-date: /home/abc/planning_with_ros2/install/base_msgs/include/base_msgs/base_msgs\n'}
[0.412950] (base_msgs) StdoutLine: {'line': b'-- Up-to-date: /home/abc/planning_with_ros2/install/base_msgs/include/base_msgs/base_msgs/msg\n'}
[0.413029] (base_msgs) StdoutLine: {'line': b'-- Up-to-date: /home/abc/planning_with_ros2/install/base_msgs/include/base_msgs/base_msgs/msg/rosidl_typesupport_fastrtps_c__visibility_control.h\n'}
[0.413104] (base_msgs) StdoutLine: {'line': b'-- Up-to-date: /home/abc/planning_with_ros2/install/base_msgs/include/base_msgs/base_msgs/msg/detail\n'}
[0.413177] (base_msgs) StdoutLine: {'line': b'-- Up-to-date: /home/abc/planning_with_ros2/install/base_msgs/include/base_msgs/base_msgs/msg/detail/obs_info__rosidl_typesupport_fastrtps_c.h\n'}
[0.413250] (base_msgs) StdoutLine: {'line': b'-- Up-to-date: /home/abc/planning_with_ros2/install/base_msgs/include/base_msgs/base_msgs/msg/detail/local_trajectory_point__rosidl_typesupport_fastrtps_c.h\n'}
[0.413324] (base_msgs) StdoutLine: {'line': b'-- Up-to-date: /home/abc/planning_with_ros2/install/base_msgs/include/base_msgs/base_msgs/msg/detail/local_speeds__rosidl_typesupport_fastrtps_c.h\n'}
[0.413406] (base_msgs) StdoutLine: {'line': b'-- Up-to-date: /home/abc/planning_with_ros2/install/base_msgs/include/base_msgs/base_msgs/msg/detail/local_speeds_point__rosidl_typesupport_fastrtps_c.h\n'}
[0.413479] (base_msgs) StdoutLine: {'line': b'-- Up-to-date: /home/abc/planning_with_ros2/install/base_msgs/include/base_msgs/base_msgs/msg/detail/plot_info__rosidl_typesupport_fastrtps_c.h\n'}
[0.413579] (base_msgs) StdoutLine: {'line': b'-- Up-to-date: /home/abc/planning_with_ros2/install/base_msgs/include/base_msgs/base_msgs/msg/detail/local_trajectory__rosidl_typesupport_fastrtps_c.h\n'}
[0.413764] (base_msgs) StdoutLine: {'line': b'-- Up-to-date: /home/abc/planning_with_ros2/install/base_msgs/include/base_msgs/base_msgs/msg/detail/local_path_point__rosidl_typesupport_fastrtps_c.h\n'}
[0.413824] (base_msgs) StdoutLine: {'line': b'-- Up-to-date: /home/abc/planning_with_ros2/install/base_msgs/include/base_msgs/base_msgs/msg/detail/referline_point__rosidl_typesupport_fastrtps_c.h\n'}
[0.413880] (base_msgs) StdoutLine: {'line': b'-- Up-to-date: /home/abc/planning_with_ros2/install/base_msgs/include/base_msgs/base_msgs/msg/detail/pnc_map__rosidl_typesupport_fastrtps_c.h\n'}
[0.413934] (base_msgs) StdoutLine: {'line': b'-- Up-to-date: /home/abc/planning_with_ros2/install/base_msgs/include/base_msgs/base_msgs/msg/detail/referline__rosidl_typesupport_fastrtps_c.h\n'}
[0.413988] (base_msgs) StdoutLine: {'line': b'-- Up-to-date: /home/abc/planning_with_ros2/install/base_msgs/include/base_msgs/base_msgs/msg/detail/local_path__rosidl_typesupport_fastrtps_c.h\n'}
[0.414050] (base_msgs) StdoutLine: {'line': b'-- Up-to-date: /home/abc/planning_with_ros2/install/base_msgs/include/base_msgs/base_msgs/srv\n'}
[0.414104] (base_msgs) StdoutLine: {'line': b'-- Up-to-date: /home/abc/planning_with_ros2/install/base_msgs/include/base_msgs/base_msgs/srv/detail\n'}
[0.414158] (base_msgs) StdoutLine: {'line': b'-- Up-to-date: /home/abc/planning_with_ros2/install/base_msgs/include/base_msgs/base_msgs/srv/detail/pnc_map_service__rosidl_typesupport_fastrtps_c.h\n'}
[0.414212] (base_msgs) StdoutLine: {'line': b'-- Up-to-date: /home/abc/planning_with_ros2/install/base_msgs/include/base_msgs/base_msgs/srv/detail/global_path_service__rosidl_typesupport_fastrtps_c.h\n'}
[0.414267] (base_msgs) StdoutLine: {'line': b'-- Up-to-date: /home/abc/planning_with_ros2/install/base_msgs/lib/libbase_msgs__rosidl_typesupport_fastrtps_c.so\n'}
[0.414320] (base_msgs) StdoutLine: {'line': b'-- Up-to-date: /home/abc/planning_with_ros2/install/base_msgs/include/base_msgs/base_msgs\n'}
[0.414374] (base_msgs) StdoutLine: {'line': b'-- Up-to-date: /home/abc/planning_with_ros2/install/base_msgs/include/base_msgs/base_msgs/msg\n'}
[0.414429] (base_msgs) StdoutLine: {'line': b'-- Up-to-date: /home/abc/planning_with_ros2/install/base_msgs/include/base_msgs/base_msgs/msg/rosidl_typesupport_introspection_c__visibility_control.h\n'}
[0.414483] (base_msgs) StdoutLine: {'line': b'-- Up-to-date: /home/abc/planning_with_ros2/install/base_msgs/include/base_msgs/base_msgs/msg/detail\n'}
[0.414538] (base_msgs) StdoutLine: {'line': b'-- Up-to-date: /home/abc/planning_with_ros2/install/base_msgs/include/base_msgs/base_msgs/msg/detail/local_trajectory__type_support.c\n'}
[0.414595] (base_msgs) StdoutLine: {'line': b'-- Up-to-date: /home/abc/planning_with_ros2/install/base_msgs/include/base_msgs/base_msgs/msg/detail/local_path_point__rosidl_typesupport_introspection_c.h\n'}
[0.414663] (base_msgs) StdoutLine: {'line': b'-- Up-to-date: /home/abc/planning_with_ros2/install/base_msgs/include/base_msgs/base_msgs/msg/detail/local_speeds_point__type_support.c\n'}
[0.414718] (base_msgs) StdoutLine: {'line': b'-- Up-to-date: /home/abc/planning_with_ros2/install/base_msgs/include/base_msgs/base_msgs/msg/detail/referline__type_support.c\n'}
[0.414773] (base_msgs) StdoutLine: {'line': b'-- Up-to-date: /home/abc/planning_with_ros2/install/base_msgs/include/base_msgs/base_msgs/msg/detail/pnc_map__rosidl_typesupport_introspection_c.h\n'}
[0.414827] (base_msgs) StdoutLine: {'line': b'-- Up-to-date: /home/abc/planning_with_ros2/install/base_msgs/include/base_msgs/base_msgs/msg/detail/local_speeds_point__rosidl_typesupport_introspection_c.h\n'}
[0.414888] (base_msgs) StdoutLine: {'line': b'-- Up-to-date: /home/abc/planning_with_ros2/install/base_msgs/include/base_msgs/base_msgs/msg/detail/local_trajectory__rosidl_typesupport_introspection_c.h\n'}
[0.414943] (base_msgs) StdoutLine: {'line': b'-- Up-to-date: /home/abc/planning_with_ros2/install/base_msgs/include/base_msgs/base_msgs/msg/detail/local_speeds__type_support.c\n'}
[0.414997] (base_msgs) StdoutLine: {'line': b'-- Up-to-date: /home/abc/planning_with_ros2/install/base_msgs/include/base_msgs/base_msgs/msg/detail/referline_point__type_support.c\n'}
[0.415054] (base_msgs) StdoutLine: {'line': b'-- Up-to-date: /home/abc/planning_with_ros2/install/base_msgs/include/base_msgs/base_msgs/msg/detail/referline_point__rosidl_typesupport_introspection_c.h\n'}
[0.415107] (base_msgs) StdoutLine: {'line': b'-- Up-to-date: /home/abc/planning_with_ros2/install/base_msgs/include/base_msgs/base_msgs/msg/detail/pnc_map__type_support.c\n'}
[0.415176] (base_msgs) StdoutLine: {'line': b'-- Up-to-date: /home/abc/planning_with_ros2/install/base_msgs/include/base_msgs/base_msgs/msg/detail/referline__rosidl_typesupport_introspection_c.h\n'}
[0.415272] (base_msgs) StdoutLine: {'line': b'-- Up-to-date: /home/abc/planning_with_ros2/install/base_msgs/include/base_msgs/base_msgs/msg/detail/local_trajectory_point__rosidl_typesupport_introspection_c.h\n'}
[0.415338] (base_msgs) StdoutLine: {'line': b'-- Up-to-date: /home/abc/planning_with_ros2/install/base_msgs/include/base_msgs/base_msgs/msg/detail/obs_info__rosidl_typesupport_introspection_c.h\n'}
[0.415393] (base_msgs) StdoutLine: {'line': b'-- Up-to-date: /home/abc/planning_with_ros2/install/base_msgs/include/base_msgs/base_msgs/msg/detail/obs_info__type_support.c\n'}
[0.415447] (base_msgs) StdoutLine: {'line': b'-- Up-to-date: /home/abc/planning_with_ros2/install/base_msgs/include/base_msgs/base_msgs/msg/detail/local_path__type_support.c\n'}
[0.415504] (base_msgs) StdoutLine: {'line': b'-- Up-to-date: /home/abc/planning_with_ros2/install/base_msgs/include/base_msgs/base_msgs/msg/detail/local_path_point__type_support.c\n'}
[0.415580] (base_msgs) StdoutLine: {'line': b'-- Up-to-date: /home/abc/planning_with_ros2/install/base_msgs/include/base_msgs/base_msgs/msg/detail/local_trajectory_point__type_support.c\n'}
[0.415650] (base_msgs) StdoutLine: {'line': b'-- Up-to-date: /home/abc/planning_with_ros2/install/base_msgs/include/base_msgs/base_msgs/msg/detail/plot_info__type_support.c\n'}
[0.415709] (base_msgs) StdoutLine: {'line': b'-- Up-to-date: /home/abc/planning_with_ros2/install/base_msgs/include/base_msgs/base_msgs/msg/detail/local_speeds__rosidl_typesupport_introspection_c.h\n'}
[0.415767] (base_msgs) StdoutLine: {'line': b'-- Up-to-date: /home/abc/planning_with_ros2/install/base_msgs/include/base_msgs/base_msgs/msg/detail/local_path__rosidl_typesupport_introspection_c.h\n'}
[0.415830] (base_msgs) StdoutLine: {'line': b'-- Up-to-date: /home/abc/planning_with_ros2/install/base_msgs/include/base_msgs/base_msgs/msg/detail/plot_info__rosidl_typesupport_introspection_c.h\n'}
[0.415885] (base_msgs) StdoutLine: {'line': b'-- Up-to-date: /home/abc/planning_with_ros2/install/base_msgs/include/base_msgs/base_msgs/srv\n'}
[0.415953] (base_msgs) StdoutLine: {'line': b'-- Up-to-date: /home/abc/planning_with_ros2/install/base_msgs/include/base_msgs/base_msgs/srv/detail\n'}
[0.416041] (base_msgs) StdoutLine: {'line': b'-- Up-to-date: /home/abc/planning_with_ros2/install/base_msgs/include/base_msgs/base_msgs/srv/detail/global_path_service__type_support.c\n'}
[0.416102] (base_msgs) StdoutLine: {'line': b'-- Up-to-date: /home/abc/planning_with_ros2/install/base_msgs/include/base_msgs/base_msgs/srv/detail/global_path_service__rosidl_typesupport_introspection_c.h\n'}
[0.416168] (base_msgs) StdoutLine: {'line': b'-- Up-to-date: /home/abc/planning_with_ros2/install/base_msgs/include/base_msgs/base_msgs/srv/detail/pnc_map_service__rosidl_typesupport_introspection_c.h\n'}
[0.416222] (base_msgs) StdoutLine: {'line': b'-- Up-to-date: /home/abc/planning_with_ros2/install/base_msgs/include/base_msgs/base_msgs/srv/detail/pnc_map_service__type_support.c\n'}
[0.416276] (base_msgs) StdoutLine: {'line': b'-- Up-to-date: /home/abc/planning_with_ros2/install/base_msgs/lib/libbase_msgs__rosidl_typesupport_introspection_c.so\n'}
[0.416330] (base_msgs) StdoutLine: {'line': b'-- Up-to-date: /home/abc/planning_with_ros2/install/base_msgs/lib/libbase_msgs__rosidl_typesupport_c.so\n'}
[0.416383] (base_msgs) StdoutLine: {'line': b'-- Up-to-date: /home/abc/planning_with_ros2/install/base_msgs/include/base_msgs/base_msgs\n'}
[0.416441] (base_msgs) StdoutLine: {'line': b'-- Up-to-date: /home/abc/planning_with_ros2/install/base_msgs/include/base_msgs/base_msgs/msg\n'}
[0.416494] (base_msgs) StdoutLine: {'line': b'-- Up-to-date: /home/abc/planning_with_ros2/install/base_msgs/include/base_msgs/base_msgs/msg/local_speeds.hpp\n'}
[0.416550] (base_msgs) StdoutLine: {'line': b'-- Up-to-date: /home/abc/planning_with_ros2/install/base_msgs/include/base_msgs/base_msgs/msg/local_path_point.hpp\n'}
[0.416604] (base_msgs) StdoutLine: {'line': b'-- Up-to-date: /home/abc/planning_with_ros2/install/base_msgs/include/base_msgs/base_msgs/msg/detail\n'}
[0.416679] (base_msgs) StdoutLine: {'line': b'-- Up-to-date: /home/abc/planning_with_ros2/install/base_msgs/include/base_msgs/base_msgs/msg/detail/pnc_map__traits.hpp\n'}
[0.416734] (base_msgs) StdoutLine: {'line': b'-- Up-to-date: /home/abc/planning_with_ros2/install/base_msgs/include/base_msgs/base_msgs/msg/detail/local_trajectory_point__type_support.hpp\n'}
[0.416788] (base_msgs) StdoutLine: {'line': b'-- Up-to-date: /home/abc/planning_with_ros2/install/base_msgs/include/base_msgs/base_msgs/msg/detail/obs_info__builder.hpp\n'}
[0.416841] (base_msgs) StdoutLine: {'line': b'-- Up-to-date: /home/abc/planning_with_ros2/install/base_msgs/include/base_msgs/base_msgs/msg/detail/referline_point__type_support.hpp\n'}
[0.416894] (base_msgs) StdoutLine: {'line': b'-- Up-to-date: /home/abc/planning_with_ros2/install/base_msgs/include/base_msgs/base_msgs/msg/detail/local_path__struct.hpp\n'}
[0.416947] (base_msgs) StdoutLine: {'line': b'-- Up-to-date: /home/abc/planning_with_ros2/install/base_msgs/include/base_msgs/base_msgs/msg/detail/plot_info__struct.hpp\n'}
[0.417000] (base_msgs) StdoutLine: {'line': b'-- Up-to-date: /home/abc/planning_with_ros2/install/base_msgs/include/base_msgs/base_msgs/msg/detail/pnc_map__builder.hpp\n'}
[0.417053] (base_msgs) StdoutLine: {'line': b'-- Up-to-date: /home/abc/planning_with_ros2/install/base_msgs/include/base_msgs/base_msgs/msg/detail/plot_info__builder.hpp\n'}
[0.417106] (base_msgs) StdoutLine: {'line': b'-- Up-to-date: /home/abc/planning_with_ros2/install/base_msgs/include/base_msgs/base_msgs/msg/detail/referline__traits.hpp\n'}
[0.417159] (base_msgs) StdoutLine: {'line': b'-- Up-to-date: /home/abc/planning_with_ros2/install/base_msgs/include/base_msgs/base_msgs/msg/detail/local_speeds_point__struct.hpp\n'}
[0.417212] (base_msgs) StdoutLine: {'line': b'-- Up-to-date: /home/abc/planning_with_ros2/install/base_msgs/include/base_msgs/base_msgs/msg/detail/local_trajectory__type_support.hpp\n'}
[0.417266] (base_msgs) StdoutLine: {'line': b'-- Up-to-date: /home/abc/planning_with_ros2/install/base_msgs/include/base_msgs/base_msgs/msg/detail/local_path_point__struct.hpp\n'}
[0.417319] (base_msgs) StdoutLine: {'line': b'-- Up-to-date: /home/abc/planning_with_ros2/install/base_msgs/include/base_msgs/base_msgs/msg/detail/local_speeds__builder.hpp\n'}
[0.417372] (base_msgs) StdoutLine: {'line': b'-- Up-to-date: /home/abc/planning_with_ros2/install/base_msgs/include/base_msgs/base_msgs/msg/detail/local_path__traits.hpp\n'}
[0.417451] (base_msgs) StdoutLine: {'line': b'-- Up-to-date: /home/abc/planning_with_ros2/install/base_msgs/include/base_msgs/base_msgs/msg/detail/local_trajectory__struct.hpp\n'}
[0.417510] (base_msgs) StdoutLine: {'line': b'-- Up-to-date: /home/abc/planning_with_ros2/install/base_msgs/include/base_msgs/base_msgs/msg/detail/local_speeds_point__traits.hpp\n'}
[0.417565] (base_msgs) StdoutLine: {'line': b'-- Up-to-date: /home/abc/planning_with_ros2/install/base_msgs/include/base_msgs/base_msgs/msg/detail/local_speeds_point__type_support.hpp\n'}
[0.417630] (base_msgs) StdoutLine: {'line': b'-- Up-to-date: /home/abc/planning_with_ros2/install/base_msgs/include/base_msgs/base_msgs/msg/detail/local_path__builder.hpp\n'}
[0.417693] (base_msgs) StdoutLine: {'line': b'-- Up-to-date: /home/abc/planning_with_ros2/install/base_msgs/include/base_msgs/base_msgs/msg/detail/plot_info__type_support.hpp\n'}
[0.417760] (base_msgs) StdoutLine: {'line': b'-- Up-to-date: /home/abc/planning_with_ros2/install/base_msgs/include/base_msgs/base_msgs/msg/detail/referline_point__builder.hpp\n'}
[0.417814] (base_msgs) StdoutLine: {'line': b'-- Up-to-date: /home/abc/planning_with_ros2/install/base_msgs/include/base_msgs/base_msgs/msg/detail/obs_info__type_support.hpp\n'}
[0.417868] (base_msgs) StdoutLine: {'line': b'-- Up-to-date: /home/abc/planning_with_ros2/install/base_msgs/include/base_msgs/base_msgs/msg/detail/referline__builder.hpp\n'}
[0.417922] (base_msgs) StdoutLine: {'line': b'-- Up-to-date: /home/abc/planning_with_ros2/install/base_msgs/include/base_msgs/base_msgs/msg/detail/pnc_map__struct.hpp\n'}
[0.417975] (base_msgs) StdoutLine: {'line': b'-- Up-to-date: /home/abc/planning_with_ros2/install/base_msgs/include/base_msgs/base_msgs/msg/detail/local_path_point__traits.hpp\n'}
[0.418028] (base_msgs) StdoutLine: {'line': b'-- Up-to-date: /home/abc/planning_with_ros2/install/base_msgs/include/base_msgs/base_msgs/msg/detail/local_speeds__type_support.hpp\n'}
[0.418082] (base_msgs) StdoutLine: {'line': b'-- Up-to-date: /home/abc/planning_with_ros2/install/base_msgs/include/base_msgs/base_msgs/msg/detail/obs_info__traits.hpp\n'}
[0.418135] (base_msgs) StdoutLine: {'line': b'-- Up-to-date: /home/abc/planning_with_ros2/install/base_msgs/include/base_msgs/base_msgs/msg/detail/local_trajectory__builder.hpp\n'}
[0.418188] (base_msgs) StdoutLine: {'line': b'-- Up-to-date: /home/abc/planning_with_ros2/install/base_msgs/include/base_msgs/base_msgs/msg/detail/local_trajectory__traits.hpp\n'}
[0.418241] (base_msgs) StdoutLine: {'line': b'-- Up-to-date: /home/abc/planning_with_ros2/install/base_msgs/include/base_msgs/base_msgs/msg/detail/referline__struct.hpp\n'}
[0.418293] (base_msgs) StdoutLine: {'line': b'-- Up-to-date: /home/abc/planning_with_ros2/install/base_msgs/include/base_msgs/base_msgs/msg/detail/referline__type_support.hpp\n'}
[0.418351] (base_msgs) StdoutLine: {'line': b'-- Up-to-date: /home/abc/planning_with_ros2/install/base_msgs/include/base_msgs/base_msgs/msg/detail/referline_point__struct.hpp\n'}
[0.418406] (base_msgs) StdoutLine: {'line': b'-- Up-to-date: /home/abc/planning_with_ros2/install/base_msgs/include/base_msgs/base_msgs/msg/detail/plot_info__traits.hpp\n'}
[0.418459] (base_msgs) StdoutLine: {'line': b'-- Up-to-date: /home/abc/planning_with_ros2/install/base_msgs/include/base_msgs/base_msgs/msg/detail/local_trajectory_point__builder.hpp\n'}
[0.418513] (base_msgs) StdoutLine: {'line': b'-- Up-to-date: /home/abc/planning_with_ros2/install/base_msgs/include/base_msgs/base_msgs/msg/detail/local_speeds__traits.hpp\n'}
[0.418566] (base_msgs) StdoutLine: {'line': b'-- Up-to-date: /home/abc/planning_with_ros2/install/base_msgs/include/base_msgs/base_msgs/msg/detail/local_trajectory_point__traits.hpp\n'}
[0.418626] (base_msgs) StdoutLine: {'line': b'-- Up-to-date: /home/abc/planning_with_ros2/install/base_msgs/include/base_msgs/base_msgs/msg/detail/local_path__type_support.hpp\n'}
[0.418687] (base_msgs) StdoutLine: {'line': b'-- Up-to-date: /home/abc/planning_with_ros2/install/base_msgs/include/base_msgs/base_msgs/msg/detail/local_path_point__type_support.hpp\n'}
[0.418740] (base_msgs) StdoutLine: {'line': b'-- Up-to-date: /home/abc/planning_with_ros2/install/base_msgs/include/base_msgs/base_msgs/msg/detail/local_trajectory_point__struct.hpp\n'}
[0.418793] (base_msgs) StdoutLine: {'line': b'-- Up-to-date: /home/abc/planning_with_ros2/install/base_msgs/include/base_msgs/base_msgs/msg/detail/obs_info__struct.hpp\n'}
[0.418847] (base_msgs) StdoutLine: {'line': b'-- Up-to-date: /home/abc/planning_with_ros2/install/base_msgs/include/base_msgs/base_msgs/msg/detail/referline_point__traits.hpp\n'}
[0.418899] (base_msgs) StdoutLine: {'line': b'-- Up-to-date: /home/abc/planning_with_ros2/install/base_msgs/include/base_msgs/base_msgs/msg/detail/local_speeds_point__builder.hpp\n'}
[0.418952] (base_msgs) StdoutLine: {'line': b'-- Up-to-date: /home/abc/planning_with_ros2/install/base_msgs/include/base_msgs/base_msgs/msg/detail/pnc_map__type_support.hpp\n'}
[0.419010] (base_msgs) StdoutLine: {'line': b'-- Up-to-date: /home/abc/planning_with_ros2/install/base_msgs/include/base_msgs/base_msgs/msg/detail/local_speeds__struct.hpp\n'}
[0.419063] (base_msgs) StdoutLine: {'line': b'-- Up-to-date: /home/abc/planning_with_ros2/install/base_msgs/include/base_msgs/base_msgs/msg/detail/local_path_point__builder.hpp\n'}
[0.419116] (base_msgs) StdoutLine: {'line': b'-- Up-to-date: /home/abc/planning_with_ros2/install/base_msgs/include/base_msgs/base_msgs/msg/local_path.hpp\n'}
[0.419169] (base_msgs) StdoutLine: {'line': b'-- Up-to-date: /home/abc/planning_with_ros2/install/base_msgs/include/base_msgs/base_msgs/msg/rosidl_generator_cpp__visibility_control.hpp\n'}
[0.419226] (base_msgs) StdoutLine: {'line': b'-- Up-to-date: /home/abc/planning_with_ros2/install/base_msgs/include/base_msgs/base_msgs/msg/referline.hpp\n'}
[0.419280] (base_msgs) StdoutLine: {'line': b'-- Up-to-date: /home/abc/planning_with_ros2/install/base_msgs/include/base_msgs/base_msgs/msg/local_trajectory_point.hpp\n'}
[0.419332] (base_msgs) StdoutLine: {'line': b'-- Up-to-date: /home/abc/planning_with_ros2/install/base_msgs/include/base_msgs/base_msgs/msg/obs_info.hpp\n'}
[0.419385] (base_msgs) StdoutLine: {'line': b'-- Up-to-date: /home/abc/planning_with_ros2/install/base_msgs/include/base_msgs/base_msgs/msg/plot_info.hpp\n'}
[0.419438] (base_msgs) StdoutLine: {'line': b'-- Up-to-date: /home/abc/planning_with_ros2/install/base_msgs/include/base_msgs/base_msgs/msg/local_trajectory.hpp\n'}
[0.419498] (base_msgs) StdoutLine: {'line': b'-- Up-to-date: /home/abc/planning_with_ros2/install/base_msgs/include/base_msgs/base_msgs/msg/local_speeds_point.hpp\n'}
[0.419551] (base_msgs) StdoutLine: {'line': b'-- Up-to-date: /home/abc/planning_with_ros2/install/base_msgs/include/base_msgs/base_msgs/msg/pnc_map.hpp\n'}
[0.419604] (base_msgs) StdoutLine: {'line': b'-- Up-to-date: /home/abc/planning_with_ros2/install/base_msgs/include/base_msgs/base_msgs/msg/referline_point.hpp\n'}
[0.419667] (base_msgs) StdoutLine: {'line': b'-- Up-to-date: /home/abc/planning_with_ros2/install/base_msgs/include/base_msgs/base_msgs/srv\n'}
[0.419723] (base_msgs) StdoutLine: {'line': b'-- Up-to-date: /home/abc/planning_with_ros2/install/base_msgs/include/base_msgs/base_msgs/srv/pnc_map_service.hpp\n'}
[0.419776] (base_msgs) StdoutLine: {'line': b'-- Up-to-date: /home/abc/planning_with_ros2/install/base_msgs/include/base_msgs/base_msgs/srv/detail\n'}
[0.419828] (base_msgs) StdoutLine: {'line': b'-- Up-to-date: /home/abc/planning_with_ros2/install/base_msgs/include/base_msgs/base_msgs/srv/detail/global_path_service__builder.hpp\n'}
[0.419881] (base_msgs) StdoutLine: {'line': b'-- Up-to-date: /home/abc/planning_with_ros2/install/base_msgs/include/base_msgs/base_msgs/srv/detail/pnc_map_service__traits.hpp\n'}
[0.419933] (base_msgs) StdoutLine: {'line': b'-- Up-to-date: /home/abc/planning_with_ros2/install/base_msgs/include/base_msgs/base_msgs/srv/detail/pnc_map_service__type_support.hpp\n'}
[0.419985] (base_msgs) StdoutLine: {'line': b'-- Up-to-date: /home/abc/planning_with_ros2/install/base_msgs/include/base_msgs/base_msgs/srv/detail/global_path_service__struct.hpp\n'}
[0.420041] (base_msgs) StdoutLine: {'line': b'-- Up-to-date: /home/abc/planning_with_ros2/install/base_msgs/include/base_msgs/base_msgs/srv/detail/pnc_map_service__builder.hpp\n'}
[0.420096] (base_msgs) StdoutLine: {'line': b'-- Up-to-date: /home/abc/planning_with_ros2/install/base_msgs/include/base_msgs/base_msgs/srv/detail/global_path_service__type_support.hpp\n'}
[0.420149] (base_msgs) StdoutLine: {'line': b'-- Up-to-date: /home/abc/planning_with_ros2/install/base_msgs/include/base_msgs/base_msgs/srv/detail/global_path_service__traits.hpp\n'}
[0.420202] (base_msgs) StdoutLine: {'line': b'-- Up-to-date: /home/abc/planning_with_ros2/install/base_msgs/include/base_msgs/base_msgs/srv/detail/pnc_map_service__struct.hpp\n'}
[0.420255] (base_msgs) StdoutLine: {'line': b'-- Up-to-date: /home/abc/planning_with_ros2/install/base_msgs/include/base_msgs/base_msgs/srv/global_path_service.hpp\n'}
[0.420320] (base_msgs) StdoutLine: {'line': b'-- Up-to-date: /home/abc/planning_with_ros2/install/base_msgs/include/base_msgs/base_msgs\n'}
[0.420390] (base_msgs) StdoutLine: {'line': b'-- Up-to-date: /home/abc/planning_with_ros2/install/base_msgs/include/base_msgs/base_msgs/msg\n'}
[0.420453] (base_msgs) StdoutLine: {'line': b'-- Up-to-date: /home/abc/planning_with_ros2/install/base_msgs/include/base_msgs/base_msgs/msg/detail\n'}
[0.420507] (base_msgs) StdoutLine: {'line': b'-- Up-to-date: /home/abc/planning_with_ros2/install/base_msgs/include/base_msgs/base_msgs/msg/detail/local_path__rosidl_typesupport_fastrtps_cpp.hpp\n'}
[0.420560] (base_msgs) StdoutLine: {'line': b'-- Up-to-date: /home/abc/planning_with_ros2/install/base_msgs/include/base_msgs/base_msgs/msg/detail/referline__rosidl_typesupport_fastrtps_cpp.hpp\n'}
[0.420619] (base_msgs) StdoutLine: {'line': b'-- Up-to-date: /home/abc/planning_with_ros2/install/base_msgs/include/base_msgs/base_msgs/msg/detail/local_trajectory__rosidl_typesupport_fastrtps_cpp.hpp\n'}
[0.420681] (base_msgs) StdoutLine: {'line': b'-- Up-to-date: /home/abc/planning_with_ros2/install/base_msgs/include/base_msgs/base_msgs/msg/detail/local_trajectory_point__rosidl_typesupport_fastrtps_cpp.hpp\n'}
[0.420735] (base_msgs) StdoutLine: {'line': b'-- Up-to-date: /home/abc/planning_with_ros2/install/base_msgs/include/base_msgs/base_msgs/msg/detail/obs_info__rosidl_typesupport_fastrtps_cpp.hpp\n'}
[0.420789] (base_msgs) StdoutLine: {'line': b'-- Up-to-date: /home/abc/planning_with_ros2/install/base_msgs/include/base_msgs/base_msgs/msg/detail/local_path_point__rosidl_typesupport_fastrtps_cpp.hpp\n'}
[0.420843] (base_msgs) StdoutLine: {'line': b'-- Up-to-date: /home/abc/planning_with_ros2/install/base_msgs/include/base_msgs/base_msgs/msg/detail/referline_point__rosidl_typesupport_fastrtps_cpp.hpp\n'}
[0.420895] (base_msgs) StdoutLine: {'line': b'-- Up-to-date: /home/abc/planning_with_ros2/install/base_msgs/include/base_msgs/base_msgs/msg/detail/pnc_map__rosidl_typesupport_fastrtps_cpp.hpp\n'}
[0.420948] (base_msgs) StdoutLine: {'line': b'-- Up-to-date: /home/abc/planning_with_ros2/install/base_msgs/include/base_msgs/base_msgs/msg/detail/local_speeds__rosidl_typesupport_fastrtps_cpp.hpp\n'}
[0.421004] (base_msgs) StdoutLine: {'line': b'-- Up-to-date: /home/abc/planning_with_ros2/install/base_msgs/include/base_msgs/base_msgs/msg/detail/dds_fastrtps\n'}
[0.421091] (base_msgs) StdoutLine: {'line': b'-- Up-to-date: /home/abc/planning_with_ros2/install/base_msgs/include/base_msgs/base_msgs/msg/detail/local_speeds_point__rosidl_typesupport_fastrtps_cpp.hpp\n'}
[0.421182] (base_msgs) StdoutLine: {'line': b'-- Up-to-date: /home/abc/planning_with_ros2/install/base_msgs/include/base_msgs/base_msgs/msg/detail/plot_info__rosidl_typesupport_fastrtps_cpp.hpp\n'}
[0.421239] (base_msgs) StdoutLine: {'line': b'-- Up-to-date: /home/abc/planning_with_ros2/install/base_msgs/include/base_msgs/base_msgs/msg/rosidl_typesupport_fastrtps_cpp__visibility_control.h\n'}
[0.421293] (base_msgs) StdoutLine: {'line': b'-- Up-to-date: /home/abc/planning_with_ros2/install/base_msgs/include/base_msgs/base_msgs/srv\n'}
[0.421361] (base_msgs) StdoutLine: {'line': b'-- Up-to-date: /home/abc/planning_with_ros2/install/base_msgs/include/base_msgs/base_msgs/srv/detail\n'}
[0.421415] (base_msgs) StdoutLine: {'line': b'-- Up-to-date: /home/abc/planning_with_ros2/install/base_msgs/include/base_msgs/base_msgs/srv/detail/global_path_service__rosidl_typesupport_fastrtps_cpp.hpp\n'}
[0.421472] (base_msgs) StdoutLine: {'line': b'-- Up-to-date: /home/abc/planning_with_ros2/install/base_msgs/include/base_msgs/base_msgs/srv/detail/pnc_map_service__rosidl_typesupport_fastrtps_cpp.hpp\n'}
[0.421525] (base_msgs) StdoutLine: {'line': b'-- Up-to-date: /home/abc/planning_with_ros2/install/base_msgs/include/base_msgs/base_msgs/srv/detail/dds_fastrtps\n'}
[0.421577] (base_msgs) StdoutLine: {'line': b'-- Up-to-date: /home/abc/planning_with_ros2/install/base_msgs/lib/libbase_msgs__rosidl_typesupport_fastrtps_cpp.so\n'}
[0.421648] (base_msgs) StdoutLine: {'line': b'-- Up-to-date: /home/abc/planning_with_ros2/install/base_msgs/include/base_msgs/base_msgs\n'}
[0.421704] (base_msgs) StdoutLine: {'line': b'-- Up-to-date: /home/abc/planning_with_ros2/install/base_msgs/include/base_msgs/base_msgs/msg\n'}
[0.421756] (base_msgs) StdoutLine: {'line': b'-- Up-to-date: /home/abc/planning_with_ros2/install/base_msgs/include/base_msgs/base_msgs/msg/detail\n'}
[0.421811] (base_msgs) StdoutLine: {'line': b'-- Up-to-date: /home/abc/planning_with_ros2/install/base_msgs/include/base_msgs/base_msgs/msg/detail/local_trajectory__type_support.cpp\n'}
[0.421864] (base_msgs) StdoutLine: {'line': b'-- Up-to-date: /home/abc/planning_with_ros2/install/base_msgs/include/base_msgs/base_msgs/msg/detail/local_speeds_point__type_support.cpp\n'}
[0.421916] (base_msgs) StdoutLine: {'line': b'-- Up-to-date: /home/abc/planning_with_ros2/install/base_msgs/include/base_msgs/base_msgs/msg/detail/local_speeds_point__rosidl_typesupport_introspection_cpp.hpp\n'}
[0.421970] (base_msgs) StdoutLine: {'line': b'-- Up-to-date: /home/abc/planning_with_ros2/install/base_msgs/include/base_msgs/base_msgs/msg/detail/pnc_map__type_support.cpp\n'}
[0.422022] (base_msgs) StdoutLine: {'line': b'-- Up-to-date: /home/abc/planning_with_ros2/install/base_msgs/include/base_msgs/base_msgs/msg/detail/referline__type_support.cpp\n'}
[0.422075] (base_msgs) StdoutLine: {'line': b'-- Up-to-date: /home/abc/planning_with_ros2/install/base_msgs/include/base_msgs/base_msgs/msg/detail/obs_info__rosidl_typesupport_introspection_cpp.hpp\n'}
[0.422127] (base_msgs) StdoutLine: {'line': b'-- Up-to-date: /home/abc/planning_with_ros2/install/base_msgs/include/base_msgs/base_msgs/msg/detail/referline__rosidl_typesupport_introspection_cpp.hpp\n'}
[0.422181] (base_msgs) StdoutLine: {'line': b'-- Up-to-date: /home/abc/planning_with_ros2/install/base_msgs/include/base_msgs/base_msgs/msg/detail/local_speeds__type_support.cpp\n'}
[0.422234] (base_msgs) StdoutLine: {'line': b'-- Up-to-date: /home/abc/planning_with_ros2/install/base_msgs/include/base_msgs/base_msgs/msg/detail/local_trajectory_point__rosidl_typesupport_introspection_cpp.hpp\n'}
[0.422287] (base_msgs) StdoutLine: {'line': b'-- Up-to-date: /home/abc/planning_with_ros2/install/base_msgs/include/base_msgs/base_msgs/msg/detail/plot_info__type_support.cpp\n'}
[0.422339] (base_msgs) StdoutLine: {'line': b'-- Up-to-date: /home/abc/planning_with_ros2/install/base_msgs/include/base_msgs/base_msgs/msg/detail/local_path__rosidl_typesupport_introspection_cpp.hpp\n'}
[0.422392] (base_msgs) StdoutLine: {'line': b'-- Up-to-date: /home/abc/planning_with_ros2/install/base_msgs/include/base_msgs/base_msgs/msg/detail/local_path_point__type_support.cpp\n'}
[0.422445] (base_msgs) StdoutLine: {'line': b'-- Up-to-date: /home/abc/planning_with_ros2/install/base_msgs/include/base_msgs/base_msgs/msg/detail/pnc_map__rosidl_typesupport_introspection_cpp.hpp\n'}
[0.422505] (base_msgs) StdoutLine: {'line': b'-- Up-to-date: /home/abc/planning_with_ros2/install/base_msgs/include/base_msgs/base_msgs/msg/detail/plot_info__rosidl_typesupport_introspection_cpp.hpp\n'}
[0.422595] (base_msgs) StdoutLine: {'line': b'-- Up-to-date: /home/abc/planning_with_ros2/install/base_msgs/include/base_msgs/base_msgs/msg/detail/local_trajectory__rosidl_typesupport_introspection_cpp.hpp\n'}
[0.422667] (base_msgs) StdoutLine: {'line': b'-- Up-to-date: /home/abc/planning_with_ros2/install/base_msgs/include/base_msgs/base_msgs/msg/detail/referline_point__type_support.cpp\n'}
[0.422724] (base_msgs) StdoutLine: {'line': b'-- Up-to-date: /home/abc/planning_with_ros2/install/base_msgs/include/base_msgs/base_msgs/msg/detail/obs_info__type_support.cpp\n'}
[0.422779] (base_msgs) StdoutLine: {'line': b'-- Up-to-date: /home/abc/planning_with_ros2/install/base_msgs/include/base_msgs/base_msgs/msg/detail/referline_point__rosidl_typesupport_introspection_cpp.hpp\n'}
[0.422858] (base_msgs) StdoutLine: {'line': b'-- Up-to-date: /home/abc/planning_with_ros2/install/base_msgs/include/base_msgs/base_msgs/msg/detail/local_speeds__rosidl_typesupport_introspection_cpp.hpp\n'}
[0.422921] (base_msgs) StdoutLine: {'line': b'-- Up-to-date: /home/abc/planning_with_ros2/install/base_msgs/include/base_msgs/base_msgs/msg/detail/local_path__type_support.cpp\n'}
[0.422975] (base_msgs) StdoutLine: {'line': b'-- Up-to-date: /home/abc/planning_with_ros2/install/base_msgs/include/base_msgs/base_msgs/msg/detail/local_trajectory_point__type_support.cpp\n'}
[0.423028] (base_msgs) StdoutLine: {'line': b'-- Up-to-date: /home/abc/planning_with_ros2/install/base_msgs/include/base_msgs/base_msgs/msg/detail/local_path_point__rosidl_typesupport_introspection_cpp.hpp\n'}
[0.423087] (base_msgs) StdoutLine: {'line': b'-- Up-to-date: /home/abc/planning_with_ros2/install/base_msgs/include/base_msgs/base_msgs/srv\n'}
[0.423141] (base_msgs) StdoutLine: {'line': b'-- Up-to-date: /home/abc/planning_with_ros2/install/base_msgs/include/base_msgs/base_msgs/srv/detail\n'}
[0.423194] (base_msgs) StdoutLine: {'line': b'-- Up-to-date: /home/abc/planning_with_ros2/install/base_msgs/include/base_msgs/base_msgs/srv/detail/pnc_map_service__rosidl_typesupport_introspection_cpp.hpp\n'}
[0.423247] (base_msgs) StdoutLine: {'line': b'-- Up-to-date: /home/abc/planning_with_ros2/install/base_msgs/include/base_msgs/base_msgs/srv/detail/pnc_map_service__type_support.cpp\n'}
[0.423299] (base_msgs) StdoutLine: {'line': b'-- Up-to-date: /home/abc/planning_with_ros2/install/base_msgs/include/base_msgs/base_msgs/srv/detail/global_path_service__type_support.cpp\n'}
[0.423354] (base_msgs) StdoutLine: {'line': b'-- Up-to-date: /home/abc/planning_with_ros2/install/base_msgs/include/base_msgs/base_msgs/srv/detail/global_path_service__rosidl_typesupport_introspection_cpp.hpp\n'}
[0.423407] (base_msgs) StdoutLine: {'line': b'-- Up-to-date: /home/abc/planning_with_ros2/install/base_msgs/lib/libbase_msgs__rosidl_typesupport_introspection_cpp.so\n'}
[0.423460] (base_msgs) StdoutLine: {'line': b'-- Up-to-date: /home/abc/planning_with_ros2/install/base_msgs/lib/libbase_msgs__rosidl_typesupport_cpp.so\n'}
[0.423513] (base_msgs) StdoutLine: {'line': b'-- Up-to-date: /home/abc/planning_with_ros2/install/base_msgs/share/base_msgs/environment/pythonpath.sh\n'}
[0.423565] (base_msgs) StdoutLine: {'line': b'-- Up-to-date: /home/abc/planning_with_ros2/install/base_msgs/share/base_msgs/environment/pythonpath.dsv\n'}
[0.423624] (base_msgs) StdoutLine: {'line': b'-- Up-to-date: /home/abc/planning_with_ros2/install/base_msgs/local/lib/python3.10/dist-packages/base_msgs-0.0.0-py3.10.egg-info\n'}
[0.423685] (base_msgs) StdoutLine: {'line': b'-- Installing: /home/abc/planning_with_ros2/install/base_msgs/local/lib/python3.10/dist-packages/base_msgs-0.0.0-py3.10.egg-info/dependency_links.txt\n'}
[0.423739] (base_msgs) StdoutLine: {'line': b'-- Installing: /home/abc/planning_with_ros2/install/base_msgs/local/lib/python3.10/dist-packages/base_msgs-0.0.0-py3.10.egg-info/SOURCES.txt\n'}
[0.423793] (base_msgs) StdoutLine: {'line': b'-- Installing: /home/abc/planning_with_ros2/install/base_msgs/local/lib/python3.10/dist-packages/base_msgs-0.0.0-py3.10.egg-info/top_level.txt\n'}
[0.423845] (base_msgs) StdoutLine: {'line': b'-- Installing: /home/abc/planning_with_ros2/install/base_msgs/local/lib/python3.10/dist-packages/base_msgs-0.0.0-py3.10.egg-info/PKG-INFO\n'}
[0.423898] (base_msgs) StdoutLine: {'line': b'-- Up-to-date: /home/abc/planning_with_ros2/install/base_msgs/local/lib/python3.10/dist-packages/base_msgs\n'}
[0.423951] (base_msgs) StdoutLine: {'line': b'-- Up-to-date: /home/abc/planning_with_ros2/install/base_msgs/local/lib/python3.10/dist-packages/base_msgs/base_msgs_s__rosidl_typesupport_c.cpython-310-x86_64-linux-gnu.so\n'}
[0.424004] (base_msgs) StdoutLine: {'line': b'-- Up-to-date: /home/abc/planning_with_ros2/install/base_msgs/local/lib/python3.10/dist-packages/base_msgs/_base_msgs_s.ep.rosidl_typesupport_c.c\n'}
[0.424057] (base_msgs) StdoutLine: {'line': b'-- Up-to-date: /home/abc/planning_with_ros2/install/base_msgs/local/lib/python3.10/dist-packages/base_msgs/libbase_msgs__rosidl_generator_py.so\n'}
[0.424110] (base_msgs) StdoutLine: {'line': b'-- Up-to-date: /home/abc/planning_with_ros2/install/base_msgs/local/lib/python3.10/dist-packages/base_msgs/_base_msgs_s.ep.rosidl_typesupport_introspection_c.c\n'}
[0.424167] (base_msgs) StdoutLine: {'line': b'-- Up-to-date: /home/abc/planning_with_ros2/install/base_msgs/local/lib/python3.10/dist-packages/base_msgs/msg\n'}
[0.424219] (base_msgs) StdoutLine: {'line': b'-- Up-to-date: /home/abc/planning_with_ros2/install/base_msgs/local/lib/python3.10/dist-packages/base_msgs/msg/_obs_info.py\n'}
[0.424273] (base_msgs) StdoutLine: {'line': b'-- Up-to-date: /home/abc/planning_with_ros2/install/base_msgs/local/lib/python3.10/dist-packages/base_msgs/msg/_referline_s.c\n'}
[0.424326] (base_msgs) StdoutLine: {'line': b'-- Up-to-date: /home/abc/planning_with_ros2/install/base_msgs/local/lib/python3.10/dist-packages/base_msgs/msg/_local_path_s.c\n'}
[0.424378] (base_msgs) StdoutLine: {'line': b'-- Up-to-date: /home/abc/planning_with_ros2/install/base_msgs/local/lib/python3.10/dist-packages/base_msgs/msg/_local_speeds.py\n'}
[0.424430] (base_msgs) StdoutLine: {'line': b'-- Up-to-date: /home/abc/planning_with_ros2/install/base_msgs/local/lib/python3.10/dist-packages/base_msgs/msg/_local_path_point_s.c\n'}
[0.424482] (base_msgs) StdoutLine: {'line': b'-- Up-to-date: /home/abc/planning_with_ros2/install/base_msgs/local/lib/python3.10/dist-packages/base_msgs/msg/_referline_point_s.c\n'}
[0.424534] (base_msgs) StdoutLine: {'line': b'-- Up-to-date: /home/abc/planning_with_ros2/install/base_msgs/local/lib/python3.10/dist-packages/base_msgs/msg/_local_path.py\n'}
[0.424585] (base_msgs) StdoutLine: {'line': b'-- Up-to-date: /home/abc/planning_with_ros2/install/base_msgs/local/lib/python3.10/dist-packages/base_msgs/msg/_local_trajectory_point.py\n'}
[0.424651] (base_msgs) StdoutLine: {'line': b'-- Up-to-date: /home/abc/planning_with_ros2/install/base_msgs/local/lib/python3.10/dist-packages/base_msgs/msg/_local_speeds_s.c\n'}
[0.424705] (base_msgs) StdoutLine: {'line': b'-- Up-to-date: /home/abc/planning_with_ros2/install/base_msgs/local/lib/python3.10/dist-packages/base_msgs/msg/_referline.py\n'}
[0.424764] (base_msgs) StdoutLine: {'line': b'-- Up-to-date: /home/abc/planning_with_ros2/install/base_msgs/local/lib/python3.10/dist-packages/base_msgs/msg/_local_speeds_point.py\n'}
[0.424816] (base_msgs) StdoutLine: {'line': b'-- Up-to-date: /home/abc/planning_with_ros2/install/base_msgs/local/lib/python3.10/dist-packages/base_msgs/msg/_pnc_map.py\n'}
[0.424867] (base_msgs) StdoutLine: {'line': b'-- Up-to-date: /home/abc/planning_with_ros2/install/base_msgs/local/lib/python3.10/dist-packages/base_msgs/msg/__init__.py\n'}
[0.424921] (base_msgs) StdoutLine: {'line': b'-- Up-to-date: /home/abc/planning_with_ros2/install/base_msgs/local/lib/python3.10/dist-packages/base_msgs/msg/_plot_info_s.c\n'}
[0.424973] (base_msgs) StdoutLine: {'line': b'-- Up-to-date: /home/abc/planning_with_ros2/install/base_msgs/local/lib/python3.10/dist-packages/base_msgs/msg/_local_trajectory_s.c\n'}
[0.425025] (base_msgs) StdoutLine: {'line': b'-- Up-to-date: /home/abc/planning_with_ros2/install/base_msgs/local/lib/python3.10/dist-packages/base_msgs/msg/_referline_point.py\n'}
[0.425077] (base_msgs) StdoutLine: {'line': b'-- Up-to-date: /home/abc/planning_with_ros2/install/base_msgs/local/lib/python3.10/dist-packages/base_msgs/msg/_local_speeds_point_s.c\n'}
[0.425129] (base_msgs) StdoutLine: {'line': b'-- Up-to-date: /home/abc/planning_with_ros2/install/base_msgs/local/lib/python3.10/dist-packages/base_msgs/msg/_local_path_point.py\n'}
[0.425181] (base_msgs) StdoutLine: {'line': b'-- Up-to-date: /home/abc/planning_with_ros2/install/base_msgs/local/lib/python3.10/dist-packages/base_msgs/msg/_pnc_map_s.c\n'}
[0.425234] (base_msgs) StdoutLine: {'line': b'-- Up-to-date: /home/abc/planning_with_ros2/install/base_msgs/local/lib/python3.10/dist-packages/base_msgs/msg/_local_trajectory.py\n'}
[0.425286] (base_msgs) StdoutLine: {'line': b'-- Up-to-date: /home/abc/planning_with_ros2/install/base_msgs/local/lib/python3.10/dist-packages/base_msgs/msg/_local_trajectory_point_s.c\n'}
[0.425342] (base_msgs) StdoutLine: {'line': b'-- Up-to-date: /home/abc/planning_with_ros2/install/base_msgs/local/lib/python3.10/dist-packages/base_msgs/msg/_plot_info.py\n'}
[0.425395] (base_msgs) StdoutLine: {'line': b'-- Up-to-date: /home/abc/planning_with_ros2/install/base_msgs/local/lib/python3.10/dist-packages/base_msgs/msg/_obs_info_s.c\n'}
[0.425448] (base_msgs) StdoutLine: {'line': b'-- Up-to-date: /home/abc/planning_with_ros2/install/base_msgs/local/lib/python3.10/dist-packages/base_msgs/__init__.py\n'}
[0.425503] (base_msgs) StdoutLine: {'line': b'-- Up-to-date: /home/abc/planning_with_ros2/install/base_msgs/local/lib/python3.10/dist-packages/base_msgs/base_msgs_s__rosidl_typesupport_introspection_c.cpython-310-x86_64-linux-gnu.so\n'}
[0.425557] (base_msgs) StdoutLine: {'line': b'-- Up-to-date: /home/abc/planning_with_ros2/install/base_msgs/local/lib/python3.10/dist-packages/base_msgs/_base_msgs_s.ep.rosidl_typesupport_fastrtps_c.c\n'}
[0.425618] (base_msgs) StdoutLine: {'line': b'-- Up-to-date: /home/abc/planning_with_ros2/install/base_msgs/local/lib/python3.10/dist-packages/base_msgs/srv\n'}
[0.425679] (base_msgs) StdoutLine: {'line': b'-- Up-to-date: /home/abc/planning_with_ros2/install/base_msgs/local/lib/python3.10/dist-packages/base_msgs/srv/_pnc_map_service.py\n'}
[0.425734] (base_msgs) StdoutLine: {'line': b'-- Up-to-date: /home/abc/planning_with_ros2/install/base_msgs/local/lib/python3.10/dist-packages/base_msgs/srv/_global_path_service_s.c\n'}
[0.425788] (base_msgs) StdoutLine: {'line': b'-- Up-to-date: /home/abc/planning_with_ros2/install/base_msgs/local/lib/python3.10/dist-packages/base_msgs/srv/__init__.py\n'}
[0.425840] (base_msgs) StdoutLine: {'line': b'-- Up-to-date: /home/abc/planning_with_ros2/install/base_msgs/local/lib/python3.10/dist-packages/base_msgs/srv/_global_path_service.py\n'}
[0.425893] (base_msgs) StdoutLine: {'line': b'-- Up-to-date: /home/abc/planning_with_ros2/install/base_msgs/local/lib/python3.10/dist-packages/base_msgs/srv/_pnc_map_service_s.c\n'}
[0.425946] (base_msgs) StdoutLine: {'line': b'-- Up-to-date: /home/abc/planning_with_ros2/install/base_msgs/local/lib/python3.10/dist-packages/base_msgs/base_msgs_s__rosidl_typesupport_fastrtps_c.cpython-310-x86_64-linux-gnu.so\n'}
[0.444796] (base_msgs) StdoutLine: {'line': b"Listing '/home/abc/planning_with_ros2/install/base_msgs/local/lib/python3.10/dist-packages/base_msgs'...\n"}
[0.444937] (base_msgs) StdoutLine: {'line': b"Listing '/home/abc/planning_with_ros2/install/base_msgs/local/lib/python3.10/dist-packages/base_msgs/msg'...\n"}
[0.445004] (base_msgs) StdoutLine: {'line': b"Listing '/home/abc/planning_with_ros2/install/base_msgs/local/lib/python3.10/dist-packages/base_msgs/srv'...\n"}
[0.448962] (base_msgs) StdoutLine: {'line': b'-- Up-to-date: /home/abc/planning_with_ros2/install/base_msgs/local/lib/python3.10/dist-packages/base_msgs/base_msgs_s__rosidl_typesupport_fastrtps_c.cpython-310-x86_64-linux-gnu.so\n'}
[0.449208] (base_msgs) StdoutLine: {'line': b'-- Up-to-date: /home/abc/planning_with_ros2/install/base_msgs/local/lib/python3.10/dist-packages/base_msgs/base_msgs_s__rosidl_typesupport_introspection_c.cpython-310-x86_64-linux-gnu.so\n'}
[0.449442] (base_msgs) StdoutLine: {'line': b'-- Up-to-date: /home/abc/planning_with_ros2/install/base_msgs/local/lib/python3.10/dist-packages/base_msgs/base_msgs_s__rosidl_typesupport_c.cpython-310-x86_64-linux-gnu.so\n'}
[0.449695] (base_msgs) StdoutLine: {'line': b'-- Up-to-date: /home/abc/planning_with_ros2/install/base_msgs/lib/libbase_msgs__rosidl_generator_py.so\n'}
[0.449871] (base_msgs) StdoutLine: {'line': b'-- Up-to-date: /home/abc/planning_with_ros2/install/base_msgs/share/base_msgs/srv/GlobalPathService.idl\n'}
[0.449997] (base_msgs) StdoutLine: {'line': b'-- Up-to-date: /home/abc/planning_with_ros2/install/base_msgs/share/base_msgs/srv/PNCMapService.idl\n'}
[0.450089] (base_msgs) StdoutLine: {'line': b'-- Up-to-date: /home/abc/planning_with_ros2/install/base_msgs/share/base_msgs/msg/PNCMap.idl\n'}
[0.450150] (base_msgs) StdoutLine: {'line': b'-- Up-to-date: /home/abc/planning_with_ros2/install/base_msgs/share/base_msgs/msg/ReferlinePoint.idl\n'}
[0.450258] (base_msgs) StdoutLine: {'line': b'-- Up-to-date: /home/abc/planning_with_ros2/install/base_msgs/share/base_msgs/msg/Referline.idl\n'}
[0.450328] (base_msgs) StdoutLine: {'line': b'-- Up-to-date: /home/abc/planning_with_ros2/install/base_msgs/share/base_msgs/msg/LocalPathPoint.idl\n'}
[0.450424] (base_msgs) StdoutLine: {'line': b'-- Up-to-date: /home/abc/planning_with_ros2/install/base_msgs/share/base_msgs/msg/LocalPath.idl\n'}
[0.450523] (base_msgs) StdoutLine: {'line': b'-- Up-to-date: /home/abc/planning_with_ros2/install/base_msgs/share/base_msgs/msg/LocalSpeedsPoint.idl\n'}
[0.450627] (base_msgs) StdoutLine: {'line': b'-- Up-to-date: /home/abc/planning_with_ros2/install/base_msgs/share/base_msgs/msg/LocalSpeeds.idl\n'}
[0.450822] (base_msgs) StdoutLine: {'line': b'-- Up-to-date: /home/abc/planning_with_ros2/install/base_msgs/share/base_msgs/msg/LocalTrajectoryPoint.idl\n'}
[0.450886] (base_msgs) StdoutLine: {'line': b'-- Up-to-date: /home/abc/planning_with_ros2/install/base_msgs/share/base_msgs/msg/LocalTrajectory.idl\n'}
[0.450945] (base_msgs) StdoutLine: {'line': b'-- Up-to-date: /home/abc/planning_with_ros2/install/base_msgs/share/base_msgs/msg/ObsInfo.idl\n'}
[0.451002] (base_msgs) StdoutLine: {'line': b'-- Up-to-date: /home/abc/planning_with_ros2/install/base_msgs/share/base_msgs/msg/PlotInfo.idl\n'}
[0.451059] (base_msgs) StdoutLine: {'line': b'-- Up-to-date: /home/abc/planning_with_ros2/install/base_msgs/share/base_msgs/srv/GlobalPathService.srv\n'}
[0.451124] (base_msgs) StdoutLine: {'line': b'-- Up-to-date: /home/abc/planning_with_ros2/install/base_msgs/share/base_msgs/srv/GlobalPathService_Request.msg\n'}
[0.451194] (base_msgs) StdoutLine: {'line': b'-- Up-to-date: /home/abc/planning_with_ros2/install/base_msgs/share/base_msgs/srv/GlobalPathService_Response.msg\n'}
[0.451325] (base_msgs) StdoutLine: {'line': b'-- Up-to-date: /home/abc/planning_with_ros2/install/base_msgs/share/base_msgs/srv/PNCMapService.srv\n'}
[0.451426] (base_msgs) StdoutLine: {'line': b'-- Up-to-date: /home/abc/planning_with_ros2/install/base_msgs/share/base_msgs/srv/PNCMapService_Request.msg\n'}
[0.451488] (base_msgs) StdoutLine: {'line': b'-- Up-to-date: /home/abc/planning_with_ros2/install/base_msgs/share/base_msgs/srv/PNCMapService_Response.msg\n'}
[0.451577] (base_msgs) StdoutLine: {'line': b'-- Up-to-date: /home/abc/planning_with_ros2/install/base_msgs/share/base_msgs/msg/PNCMap.msg\n'}
[0.451727] (base_msgs) StdoutLine: {'line': b'-- Up-to-date: /home/abc/planning_with_ros2/install/base_msgs/share/base_msgs/msg/ReferlinePoint.msg\n'}
[0.451818] (base_msgs) StdoutLine: {'line': b'-- Up-to-date: /home/abc/planning_with_ros2/install/base_msgs/share/base_msgs/msg/Referline.msg\n'}
[0.451877] (base_msgs) StdoutLine: {'line': b'-- Up-to-date: /home/abc/planning_with_ros2/install/base_msgs/share/base_msgs/msg/LocalPathPoint.msg\n'}
[0.451954] (base_msgs) StdoutLine: {'line': b'-- Up-to-date: /home/abc/planning_with_ros2/install/base_msgs/share/base_msgs/msg/LocalPath.msg\n'}
[0.452031] (base_msgs) StdoutLine: {'line': b'-- Up-to-date: /home/abc/planning_with_ros2/install/base_msgs/share/base_msgs/msg/LocalSpeedsPoint.msg\n'}
[0.452105] (base_msgs) StdoutLine: {'line': b'-- Up-to-date: /home/abc/planning_with_ros2/install/base_msgs/share/base_msgs/msg/LocalSpeeds.msg\n'}
[0.452180] (base_msgs) StdoutLine: {'line': b'-- Up-to-date: /home/abc/planning_with_ros2/install/base_msgs/share/base_msgs/msg/LocalTrajectoryPoint.msg\n'}
[0.452254] (base_msgs) StdoutLine: {'line': b'-- Up-to-date: /home/abc/planning_with_ros2/install/base_msgs/share/base_msgs/msg/LocalTrajectory.msg\n'}
[0.452328] (base_msgs) StdoutLine: {'line': b'-- Up-to-date: /home/abc/planning_with_ros2/install/base_msgs/share/base_msgs/msg/ObsInfo.msg\n'}
[0.452401] (base_msgs) StdoutLine: {'line': b'-- Up-to-date: /home/abc/planning_with_ros2/install/base_msgs/share/base_msgs/msg/PlotInfo.msg\n'}
[0.452478] (base_msgs) StdoutLine: {'line': b'-- Up-to-date: /home/abc/planning_with_ros2/install/base_msgs/share/ament_index/resource_index/package_run_dependencies/base_msgs\n'}
[0.452651] (base_msgs) StdoutLine: {'line': b'-- Up-to-date: /home/abc/planning_with_ros2/install/base_msgs/share/ament_index/resource_index/parent_prefix_path/base_msgs\n'}
[0.452760] (base_msgs) StdoutLine: {'line': b'-- Up-to-date: /home/abc/planning_with_ros2/install/base_msgs/share/base_msgs/environment/ament_prefix_path.sh\n'}
[0.452837] (base_msgs) StdoutLine: {'line': b'-- Up-to-date: /home/abc/planning_with_ros2/install/base_msgs/share/base_msgs/environment/ament_prefix_path.dsv\n'}
[0.452910] (base_msgs) StdoutLine: {'line': b'-- Up-to-date: /home/abc/planning_with_ros2/install/base_msgs/share/base_msgs/environment/path.sh\n'}
[0.452984] (base_msgs) StdoutLine: {'line': b'-- Up-to-date: /home/abc/planning_with_ros2/install/base_msgs/share/base_msgs/environment/path.dsv\n'}
[0.453057] (base_msgs) StdoutLine: {'line': b'-- Up-to-date: /home/abc/planning_with_ros2/install/base_msgs/share/base_msgs/local_setup.bash\n'}
[0.453129] (base_msgs) StdoutLine: {'line': b'-- Up-to-date: /home/abc/planning_with_ros2/install/base_msgs/share/base_msgs/local_setup.sh\n'}
[0.453201] (base_msgs) StdoutLine: {'line': b'-- Up-to-date: /home/abc/planning_with_ros2/install/base_msgs/share/base_msgs/local_setup.zsh\n'}
[0.453328] (base_msgs) StdoutLine: {'line': b'-- Up-to-date: /home/abc/planning_with_ros2/install/base_msgs/share/base_msgs/local_setup.dsv\n'}
[0.453393] (base_msgs) StdoutLine: {'line': b'-- Installing: /home/abc/planning_with_ros2/install/base_msgs/share/base_msgs/package.dsv\n'}
[0.453455] (base_msgs) StdoutLine: {'line': b'-- Up-to-date: /home/abc/planning_with_ros2/install/base_msgs/share/ament_index/resource_index/packages/base_msgs\n'}
[0.453510] (base_msgs) StdoutLine: {'line': b'-- Up-to-date: /home/abc/planning_with_ros2/install/base_msgs/share/base_msgs/cmake/export_base_msgs__rosidl_generator_cExport.cmake\n'}
[0.453565] (base_msgs) StdoutLine: {'line': b'-- Up-to-date: /home/abc/planning_with_ros2/install/base_msgs/share/base_msgs/cmake/export_base_msgs__rosidl_generator_cExport-noconfig.cmake\n'}
[0.453625] (base_msgs) StdoutLine: {'line': b'-- Up-to-date: /home/abc/planning_with_ros2/install/base_msgs/share/base_msgs/cmake/export_base_msgs__rosidl_typesupport_fastrtps_cExport.cmake\n'}
[0.453688] (base_msgs) StdoutLine: {'line': b'-- Up-to-date: /home/abc/planning_with_ros2/install/base_msgs/share/base_msgs/cmake/export_base_msgs__rosidl_typesupport_fastrtps_cExport-noconfig.cmake\n'}
[0.453741] (base_msgs) StdoutLine: {'line': b'-- Up-to-date: /home/abc/planning_with_ros2/install/base_msgs/share/base_msgs/cmake/base_msgs__rosidl_typesupport_introspection_cExport.cmake\n'}
[0.453794] (base_msgs) StdoutLine: {'line': b'-- Up-to-date: /home/abc/planning_with_ros2/install/base_msgs/share/base_msgs/cmake/base_msgs__rosidl_typesupport_introspection_cExport-noconfig.cmake\n'}
[0.453850] (base_msgs) StdoutLine: {'line': b'-- Up-to-date: /home/abc/planning_with_ros2/install/base_msgs/share/base_msgs/cmake/base_msgs__rosidl_typesupport_cExport.cmake\n'}
[0.453904] (base_msgs) StdoutLine: {'line': b'-- Up-to-date: /home/abc/planning_with_ros2/install/base_msgs/share/base_msgs/cmake/base_msgs__rosidl_typesupport_cExport-noconfig.cmake\n'}
[0.453958] (base_msgs) StdoutLine: {'line': b'-- Up-to-date: /home/abc/planning_with_ros2/install/base_msgs/share/base_msgs/cmake/export_base_msgs__rosidl_generator_cppExport.cmake\n'}
[0.454011] (base_msgs) StdoutLine: {'line': b'-- Up-to-date: /home/abc/planning_with_ros2/install/base_msgs/share/base_msgs/cmake/export_base_msgs__rosidl_typesupport_fastrtps_cppExport.cmake\n'}
[0.454064] (base_msgs) StdoutLine: {'line': b'-- Up-to-date: /home/abc/planning_with_ros2/install/base_msgs/share/base_msgs/cmake/export_base_msgs__rosidl_typesupport_fastrtps_cppExport-noconfig.cmake\n'}
[0.454157] (base_msgs) StdoutLine: {'line': b'-- Up-to-date: /home/abc/planning_with_ros2/install/base_msgs/share/base_msgs/cmake/base_msgs__rosidl_typesupport_introspection_cppExport.cmake\n'}
[0.454302] (base_msgs) StdoutLine: {'line': b'-- Up-to-date: /home/abc/planning_with_ros2/install/base_msgs/share/base_msgs/cmake/base_msgs__rosidl_typesupport_introspection_cppExport-noconfig.cmake\n'}
[0.454378] (base_msgs) StdoutLine: {'line': b'-- Up-to-date: /home/abc/planning_with_ros2/install/base_msgs/share/base_msgs/cmake/base_msgs__rosidl_typesupport_cppExport.cmake\n'}
[0.454453] (base_msgs) StdoutLine: {'line': b'-- Up-to-date: /home/abc/planning_with_ros2/install/base_msgs/share/base_msgs/cmake/base_msgs__rosidl_typesupport_cppExport-noconfig.cmake\n'}
[0.454549] (base_msgs) StdoutLine: {'line': b'-- Up-to-date: /home/abc/planning_with_ros2/install/base_msgs/share/base_msgs/cmake/export_base_msgs__rosidl_generator_pyExport.cmake\n'}
[0.454727] (base_msgs) StdoutLine: {'line': b'-- Up-to-date: /home/abc/planning_with_ros2/install/base_msgs/share/base_msgs/cmake/export_base_msgs__rosidl_generator_pyExport-noconfig.cmake\n'}
[0.454905] (base_msgs) StdoutLine: {'line': b'-- Up-to-date: /home/abc/planning_with_ros2/install/base_msgs/share/base_msgs/cmake/rosidl_cmake-extras.cmake\n'}
[0.454984] (base_msgs) StdoutLine: {'line': b'-- Up-to-date: /home/abc/planning_with_ros2/install/base_msgs/share/base_msgs/cmake/ament_cmake_export_dependencies-extras.cmake\n'}
[0.455064] (base_msgs) StdoutLine: {'line': b'-- Up-to-date: /home/abc/planning_with_ros2/install/base_msgs/share/base_msgs/cmake/ament_cmake_export_include_directories-extras.cmake\n'}
[0.455169] (base_msgs) StdoutLine: {'line': b'-- Up-to-date: /home/abc/planning_with_ros2/install/base_msgs/share/base_msgs/cmake/ament_cmake_export_libraries-extras.cmake\n'}
[0.455229] (base_msgs) StdoutLine: {'line': b'-- Up-to-date: /home/abc/planning_with_ros2/install/base_msgs/share/base_msgs/cmake/ament_cmake_export_targets-extras.cmake\n'}
[0.455800] (base_msgs) StdoutLine: {'line': b'-- Up-to-date: /home/abc/planning_with_ros2/install/base_msgs/share/base_msgs/cmake/rosidl_cmake_export_typesupport_targets-extras.cmake\n'}
[0.455967] (base_msgs) StdoutLine: {'line': b'-- Up-to-date: /home/abc/planning_with_ros2/install/base_msgs/share/base_msgs/cmake/rosidl_cmake_export_typesupport_libraries-extras.cmake\n'}
[0.456050] (base_msgs) StdoutLine: {'line': b'-- Up-to-date: /home/abc/planning_with_ros2/install/base_msgs/share/base_msgs/cmake/base_msgsConfig.cmake\n'}
[0.456128] (base_msgs) StdoutLine: {'line': b'-- Up-to-date: /home/abc/planning_with_ros2/install/base_msgs/share/base_msgs/cmake/base_msgsConfig-version.cmake\n'}
[0.456230] (base_msgs) StdoutLine: {'line': b'-- Up-to-date: /home/abc/planning_with_ros2/install/base_msgs/share/base_msgs/package.xml\n'}
[0.456312] (base_msgs) CommandEnded: {'returncode': 0}
[0.474292] (base_msgs) JobEnded: {'identifier': 'base_msgs', 'rc': 0}
[0.475369] (data_plot) JobStarted: {'identifier': 'data_plot'}
[0.479486] (planning) JobStarted: {'identifier': 'planning'}
[0.500382] (-) TimerEvent: {}
[0.600636] (-) TimerEvent: {}
[0.700853] (-) TimerEvent: {}
[0.754790] (planning) JobProgress: {'identifier': 'planning', 'progress': 'cmake'}
[0.755367] (planning) JobProgress: {'identifier': 'planning', 'progress': 'build'}
[0.756160] (planning) Command: {'cmd': ['/usr/local/bin/cmake', '--build', '/home/abc/planning_with_ros2/build/planning', '--', '-j12', '-l12'], 'cwd': '/home/abc/planning_with_ros2/build/planning', 'env': OrderedDict([('GJS_DEBUG_TOPICS', 'JS ERROR;JS LOG'), ('PYTHON_BASIC_REPL', '1'), ('LESSOPEN', '| /usr/bin/lesspipe %s'), ('LANGUAGE', 'en_US:en'), ('TENSORRT_DIR', '/home/abc/TensorRT-8.6'), ('USER', 'abc'), ('LC_TIME', 'zh_CN.UTF-8'), ('XDG_SESSION_TYPE', 'x11'), ('GIT_ASKPASS', '/usr/share/code/resources/app/extensions/git/dist/askpass.sh'), ('SHLVL', '1'), ('LD_LIBRARY_PATH', '/home/abc/planning_with_ros2/install/base_msgs/lib:/usr/local/cuda-11.8/lib64:/home/abc/planning_with_ros2/install/planning/lib:/usr/local/cuda-11.8/lib64:/home/abc/planning_with_ros2/install/planning/lib:/home/abc/planning_with_ros2/install/planning/lib:/home/abc/perception_with_ros2/install/perception/lib:/home/abc/perception_with_ros2/install/base_msgs_per/lib:/usr/lib/x86_64-linux-gnu/gazebo-11/plugins:/opt/ros/humble/opt/rviz_ogre_vendor/lib:/opt/ros/humble/lib/x86_64-linux-gnu:/opt/ros/humble/lib:/home/abc/TensorRT-8.6/lib:/home/abc/TensorRT-8.6/lib'), ('HOME', '/home/abc'), ('CHROME_DESKTOP', 'code.desktop'), ('TERM_PROGRAM_VERSION', '1.109.5'), ('DESKTOP_SESSION', 'ubuntu'), ('GIO_LAUNCHED_DESKTOP_FILE', '/usr/share/applications/code.desktop'), ('ROS_PYTHON_VERSION', '3'), ('GNOME_SHELL_SESSION_MODE', 'ubuntu'), ('GTK_MODULES', 'gail:atk-bridge'), ('VSCODE_GIT_ASKPASS_MAIN', '/usr/share/code/resources/app/extensions/git/dist/askpass-main.js'), ('LC_MONETARY', 'zh_CN.UTF-8'), ('VSCODE_GIT_ASKPASS_NODE', '/usr/share/code/code'), ('MANAGERPID', '1130'), ('PYDEVD_DISABLE_FILE_VALIDATION', '1'), ('SYSTEMD_EXEC_PID', '1595'), ('BUNDLED_DEBUGPY_PATH', '/home/abc/.vscode/extensions/ms-python.debugpy-2025.18.0-linux-x64/bundled/libs/debugpy'), ('VSCODE_PYTHON_AUTOACTIVATE_GUARD', '1'), ('DBUS_SESSION_BUS_ADDRESS', 'unix:path=/run/user/1000/bus'), ('COLORTERM', 'truecolor'), ('GIO_LAUNCHED_DESKTOP_FILE_PID', '364490'), ('COLCON_PREFIX_PATH', '/home/abc/planning_with_ros2/install:/home/abc/perception_with_ros2/install'), ('ROS_DISTRO', 'humble'), ('GTK_IM_MODULE', 'ibus'), ('LOGNAME', 'abc'), ('JOURNAL_STREAM', '8:6989'), ('_', '/usr/bin/colcon'), ('ROS_VERSION', '2'), ('XDG_SESSION_CLASS', 'user'), ('USERNAME', 'abc'), ('TERM', 'xterm-256color'), ('GNOME_DESKTOP_SESSION_ID', 'this-is-deprecated'), ('ROS2_PLANNING_COURSE_INSTALL', '/home/abc/planning_with_ros2/install'), ('FC_FONTATIONS', '1'), ('ROS_LOCALHOST_ONLY', '0'), ('WINDOWPATH', '2'), ('PATH', '/usr/local/cuda-11.8/bin:/home/abc/.config/Code/User/globalStorage/github.copilot-chat/debugCommand:/home/abc/.config/Code/User/globalStorage/github.copilot-chat/copilotCli:/usr/local/cuda-11.8/bin:/opt/ros/humble/bin:/usr/local/sbin:/usr/local/bin:/usr/sbin:/usr/bin:/sbin:/bin:/usr/games:/usr/local/games:/snap/bin:/snap/bin:/home/abc/.vscode/extensions/ms-python.debugpy-2025.18.0-linux-x64/bundled/scripts/noConfigScripts'), ('SESSION_MANAGER', 'local/abc-G3-3500:@/tmp/.ICE-unix/1554,unix/abc-G3-3500:/tmp/.ICE-unix/1554'), ('INVOCATION_ID', 'f3a9f1252eb845459ae16b5ad8fdee6d'), ('PAPERSIZE', 'a4'), ('XDG_MENU_PREFIX', 'gnome-'), ('LC_ADDRESS', 'zh_CN.UTF-8'), ('XDG_RUNTIME_DIR', '/run/user/1000'), ('GDK_BACKEND', 'x11'), ('DISPLAY', ':0'), ('VSCODE_DEBUGPY_ADAPTER_ENDPOINTS', '/home/abc/.vscode/extensions/ms-python.debugpy-2025.18.0-linux-x64/.noConfigDebugAdapterEndpoints/endpoint-73f3b4a0a422bf73.txt'), ('LANG', 'en_US.UTF-8'), ('XDG_CURRENT_DESKTOP', 'ubuntu:GNOME'), ('PYTHONSTARTUP', '/home/abc/.config/Code/User/workspaceStorage/4efd6db52f1c03b4cb1fb614d5084a17/ms-python.python/pythonrc.py'), ('LC_TELEPHONE', 'zh_CN.UTF-8'), ('XMODIFIERS', '@im=ibus'), ('XDG_SESSION_DESKTOP', 'ubuntu'), ('XAUTHORITY', '/run/user/1000/gdm/Xauthority'), ('LS_COLORS', 'rs=0:di=01;34:ln=01;36:mh=00:pi=40;33:so=01;35:do=01;35:bd=40;33;01:cd=40;33;01:or=40;31;01:mi=00:su=37;41:sg=30;43:ca=30;41:tw=30;42:ow=34;42:st=37;44:ex=01;32:*.tar=01;31:*.tgz=01;31:*.arc=01;31:*.arj=01;31:*.taz=01;31:*.lha=01;31:*.lz4=01;31:*.lzh=01;31:*.lzma=01;31:*.tlz=01;31:*.txz=01;31:*.tzo=01;31:*.t7z=01;31:*.zip=01;31:*.z=01;31:*.dz=01;31:*.gz=01;31:*.lrz=01;31:*.lz=01;31:*.lzo=01;31:*.xz=01;31:*.zst=01;31:*.tzst=01;31:*.bz2=01;31:*.bz=01;31:*.tbz=01;31:*.tbz2=01;31:*.tz=01;31:*.deb=01;31:*.rpm=01;31:*.jar=01;31:*.war=01;31:*.ear=01;31:*.sar=01;31:*.rar=01;31:*.alz=01;31:*.ace=01;31:*.zoo=01;31:*.cpio=01;31:*.7z=01;31:*.rz=01;31:*.cab=01;31:*.wim=01;31:*.swm=01;31:*.dwm=01;31:*.esd=01;31:*.jpg=01;35:*.jpeg=01;35:*.mjpg=01;35:*.mjpeg=01;35:*.gif=01;35:*.bmp=01;35:*.pbm=01;35:*.pgm=01;35:*.ppm=01;35:*.tga=01;35:*.xbm=01;35:*.xpm=01;35:*.tif=01;35:*.tiff=01;35:*.png=01;35:*.svg=01;35:*.svgz=01;35:*.mng=01;35:*.pcx=01;35:*.mov=01;35:*.mpg=01;35:*.mpeg=01;35:*.m2v=01;35:*.mkv=01;35:*.webm=01;35:*.webp=01;35:*.ogm=01;35:*.mp4=01;35:*.m4v=01;35:*.mp4v=01;35:*.vob=01;35:*.qt=01;35:*.nuv=01;35:*.wmv=01;35:*.asf=01;35:*.rm=01;35:*.rmvb=01;35:*.flc=01;35:*.avi=01;35:*.fli=01;35:*.flv=01;35:*.gl=01;35:*.dl=01;35:*.xcf=01;35:*.xwd=01;35:*.yuv=01;35:*.cgm=01;35:*.emf=01;35:*.ogv=01;35:*.ogx=01;35:*.aac=00;36:*.au=00;36:*.flac=00;36:*.m4a=00;36:*.mid=00;36:*.midi=00;36:*.mka=00;36:*.mp3=00;36:*.mpc=00;36:*.ogg=00;36:*.ra=00;36:*.wav=00;36:*.oga=00;36:*.opus=00;36:*.spx=00;36:*.xspf=00;36:'), ('VSCODE_GIT_IPC_HANDLE', '/run/user/1000/vscode-git-c59a044dc2.sock'), ('TERM_PROGRAM', 'vscode'), ('SSH_AGENT_LAUNCHER', 'gnome-keyring'), ('SSH_AUTH_SOCK', '/run/user/1000/keyring/ssh'), ('ROS_DOMAIN_ID', '2'), ('AMENT_PREFIX_PATH', '/home/abc/planning_with_ros2/install/planning:/home/abc/planning_with_ros2/install/data_plot:/home/abc/planning_with_ros2/install/base_msgs:/home/abc/perception_with_ros2/install/perception:/home/abc/perception_with_ros2/install/data_plot_per:/home/abc/perception_with_ros2/install/base_msgs_per:/opt/ros/humble'), ('SHELL', '/bin/bash'), ('LC_NAME', 'zh_CN.UTF-8'), ('QT_ACCESSIBILITY', '1'), ('GDMSESSION', 'ubuntu'), ('LESSCLOSE', '/usr/bin/lesspipe %s %s'), ('LC_MEASUREMENT', 'zh_CN.UTF-8'), ('GPG_AGENT_INFO', '/run/user/1000/gnupg/S.gpg-agent:0:1'), ('GJS_DEBUG_OUTPUT', 'stderr'), ('LC_IDENTIFICATION', 'zh_CN.UTF-8'), ('VSCODE_GIT_ASKPASS_EXTRA_ARGS', ''), ('QT_IM_MODULE', 'ibus'), ('PWD', '/home/abc/planning_with_ros2/build/planning'), ('LC_ALL', 'en_US.UTF-8'), ('XDG_CONFIG_DIRS', '/etc/xdg/xdg-ubuntu:/etc/xdg'), ('XDG_DATA_DIRS', '/usr/share/ubuntu:/usr/share/gnome:/usr/local/share/:/usr/share/:/var/lib/snapd/desktop'), ('PYTHONPATH', '/home/abc/planning_with_ros2/install/data_plot/lib/python3.10/site-packages:/home/abc/planning_with_ros2/install/base_msgs/local/lib/python3.10/dist-packages:/home/abc/perception_with_ros2/install/data_plot_per/lib/python3.10/site-packages:/home/abc/perception_with_ros2/install/base_msgs_per/local/lib/python3.10/dist-packages:/opt/ros/humble/lib/python3.10/site-packages:/opt/ros/humble/local/lib/python3.10/dist-packages'), ('LC_NUMERIC', 'zh_CN.UTF-8'), ('LC_PAPER', 'zh_CN.UTF-8'), ('COLCON', '1'), ('CMAKE_PREFIX_PATH', '/home/abc/planning_with_ros2/install/base_msgs:/home/abc/planning_with_ros2/install/planning:/home/abc/perception_with_ros2/install/perception:/home/abc/perception_with_ros2/install/base_msgs_per:/home/abc/planning_with_ros2/install/data_plot:/home/abc/perception_with_ros2/install/data_plot_per:/opt/ros/humble')]), 'shell': False}
[0.781232] (planning) StdoutLine: {'line': b'[  5%] Built target config_reader\n'}
[0.785429] (planning) StdoutLine: {'line': b'[ 10%] Built target osqp_test\n'}
[0.785691] (planning) StdoutLine: {'line': b'[ 17%] Built target mathlibs\n'}
[0.794036] (planning) StdoutLine: {'line': b'[ 23%] Built target newton_test\n'}
[0.800956] (-) TimerEvent: {}
[0.802147] (planning) StdoutLine: {'line': b'[ 30%] Built target pnc_map_creator\n'}
[0.802389] (planning) StdoutLine: {'line': b'[ 35%] Built target global_planner\n'}
[0.804010] (planning) StdoutLine: {'line': b'[ 43%] Built target vehicle_info\n'}
[0.813332] (planning) StdoutLine: {'line': b'[ 51%] Built target reference_line\n'}
[0.820083] (planning) StdoutLine: {'line': b'[ 56%] Built target pnc_map_server\n'}
[0.823065] (planning) StdoutLine: {'line': b'[ 61%] Built target decision_center\n'}
[0.824194] (planning) StdoutLine: {'line': b'[ 66%] Built target global_path_server\n'}
[0.827214] (planning) StdoutLine: {'line': b'[ 71%] Built target car_move_cmd\n'}
[0.828198] (planning) StdoutLine: {'line': b'[ 76%] Built target obs_move_cmd\n'}
[0.852965] (planning) StdoutLine: {'line': b'[ 92%] Built target local_planner\n'}
[0.876364] (planning) StdoutLine: {'line': b'[100%] Built target planning_process\n'}
[0.879978] (planning) CommandEnded: {'returncode': 0}
[0.880887] (planning) JobProgress: {'identifier': 'planning', 'progress': 'install'}
[0.881242] (planning) Command: {'cmd': ['/usr/local/bin/cmake', '--install', '/home/abc/planning_with_ros2/build/planning'], 'cwd': '/home/abc/planning_with_ros2/build/planning', 'env': OrderedDict([('GJS_DEBUG_TOPICS', 'JS ERROR;JS LOG'), ('PYTHON_BASIC_REPL', '1'), ('LESSOPEN', '| /usr/bin/lesspipe %s'), ('LANGUAGE', 'en_US:en'), ('TENSORRT_DIR', '/home/abc/TensorRT-8.6'), ('USER', 'abc'), ('LC_TIME', 'zh_CN.UTF-8'), ('XDG_SESSION_TYPE', 'x11'), ('GIT_ASKPASS', '/usr/share/code/resources/app/extensions/git/dist/askpass.sh'), ('SHLVL', '1'), ('LD_LIBRARY_PATH', '/home/abc/planning_with_ros2/install/base_msgs/lib:/usr/local/cuda-11.8/lib64:/home/abc/planning_with_ros2/install/planning/lib:/usr/local/cuda-11.8/lib64:/home/abc/planning_with_ros2/install/planning/lib:/home/abc/planning_with_ros2/install/planning/lib:/home/abc/perception_with_ros2/install/perception/lib:/home/abc/perception_with_ros2/install/base_msgs_per/lib:/usr/lib/x86_64-linux-gnu/gazebo-11/plugins:/opt/ros/humble/opt/rviz_ogre_vendor/lib:/opt/ros/humble/lib/x86_64-linux-gnu:/opt/ros/humble/lib:/home/abc/TensorRT-8.6/lib:/home/abc/TensorRT-8.6/lib'), ('HOME', '/home/abc'), ('CHROME_DESKTOP', 'code.desktop'), ('TERM_PROGRAM_VERSION', '1.109.5'), ('DESKTOP_SESSION', 'ubuntu'), ('GIO_LAUNCHED_DESKTOP_FILE', '/usr/share/applications/code.desktop'), ('ROS_PYTHON_VERSION', '3'), ('GNOME_SHELL_SESSION_MODE', 'ubuntu'), ('GTK_MODULES', 'gail:atk-bridge'), ('VSCODE_GIT_ASKPASS_MAIN', '/usr/share/code/resources/app/extensions/git/dist/askpass-main.js'), ('LC_MONETARY', 'zh_CN.UTF-8'), ('VSCODE_GIT_ASKPASS_NODE', '/usr/share/code/code'), ('MANAGERPID', '1130'), ('PYDEVD_DISABLE_FILE_VALIDATION', '1'), ('SYSTEMD_EXEC_PID', '1595'), ('BUNDLED_DEBUGPY_PATH', '/home/abc/.vscode/extensions/ms-python.debugpy-2025.18.0-linux-x64/bundled/libs/debugpy'), ('VSCODE_PYTHON_AUTOACTIVATE_GUARD', '1'), ('DBUS_SESSION_BUS_ADDRESS', 'unix:path=/run/user/1000/bus'), ('COLORTERM', 'truecolor'), ('GIO_LAUNCHED_DESKTOP_FILE_PID', '364490'), ('COLCON_PREFIX_PATH', '/home/abc/planning_with_ros2/install:/home/abc/perception_with_ros2/install'), ('ROS_DISTRO', 'humble'), ('GTK_IM_MODULE', 'ibus'), ('LOGNAME', 'abc'), ('JOURNAL_STREAM', '8:6989'), ('_', '/usr/bin/colcon'), ('ROS_VERSION', '2'), ('XDG_SESSION_CLASS', 'user'), ('USERNAME', 'abc'), ('TERM', 'xterm-256color'), ('GNOME_DESKTOP_SESSION_ID', 'this-is-deprecated'), ('ROS2_PLANNING_COURSE_INSTALL', '/home/abc/planning_with_ros2/install'), ('FC_FONTATIONS', '1'), ('ROS_LOCALHOST_ONLY', '0'), ('WINDOWPATH', '2'), ('PATH', '/usr/local/cuda-11.8/bin:/home/abc/.config/Code/User/globalStorage/github.copilot-chat/debugCommand:/home/abc/.config/Code/User/globalStorage/github.copilot-chat/copilotCli:/usr/local/cuda-11.8/bin:/opt/ros/humble/bin:/usr/local/sbin:/usr/local/bin:/usr/sbin:/usr/bin:/sbin:/bin:/usr/games:/usr/local/games:/snap/bin:/snap/bin:/home/abc/.vscode/extensions/ms-python.debugpy-2025.18.0-linux-x64/bundled/scripts/noConfigScripts'), ('SESSION_MANAGER', 'local/abc-G3-3500:@/tmp/.ICE-unix/1554,unix/abc-G3-3500:/tmp/.ICE-unix/1554'), ('INVOCATION_ID', 'f3a9f1252eb845459ae16b5ad8fdee6d'), ('PAPERSIZE', 'a4'), ('XDG_MENU_PREFIX', 'gnome-'), ('LC_ADDRESS', 'zh_CN.UTF-8'), ('XDG_RUNTIME_DIR', '/run/user/1000'), ('GDK_BACKEND', 'x11'), ('DISPLAY', ':0'), ('VSCODE_DEBUGPY_ADAPTER_ENDPOINTS', '/home/abc/.vscode/extensions/ms-python.debugpy-2025.18.0-linux-x64/.noConfigDebugAdapterEndpoints/endpoint-73f3b4a0a422bf73.txt'), ('LANG', 'en_US.UTF-8'), ('XDG_CURRENT_DESKTOP', 'ubuntu:GNOME'), ('PYTHONSTARTUP', '/home/abc/.config/Code/User/workspaceStorage/4efd6db52f1c03b4cb1fb614d5084a17/ms-python.python/pythonrc.py'), ('LC_TELEPHONE', 'zh_CN.UTF-8'), ('XMODIFIERS', '@im=ibus'), ('XDG_SESSION_DESKTOP', 'ubuntu'), ('XAUTHORITY', '/run/user/1000/gdm/Xauthority'), ('LS_COLORS', 'rs=0:di=01;34:ln=01;36:mh=00:pi=40;33:so=01;35:do=01;35:bd=40;33;01:cd=40;33;01:or=40;31;01:mi=00:su=37;41:sg=30;43:ca=30;41:tw=30;42:ow=34;42:st=37;44:ex=01;32:*.tar=01;31:*.tgz=01;31:*.arc=01;31:*.arj=01;31:*.taz=01;31:*.lha=01;31:*.lz4=01;31:*.lzh=01;31:*.lzma=01;31:*.tlz=01;31:*.txz=01;31:*.tzo=01;31:*.t7z=01;31:*.zip=01;31:*.z=01;31:*.dz=01;31:*.gz=01;31:*.lrz=01;31:*.lz=01;31:*.lzo=01;31:*.xz=01;31:*.zst=01;31:*.tzst=01;31:*.bz2=01;31:*.bz=01;31:*.tbz=01;31:*.tbz2=01;31:*.tz=01;31:*.deb=01;31:*.rpm=01;31:*.jar=01;31:*.war=01;31:*.ear=01;31:*.sar=01;31:*.rar=01;31:*.alz=01;31:*.ace=01;31:*.zoo=01;31:*.cpio=01;31:*.7z=01;31:*.rz=01;31:*.cab=01;31:*.wim=01;31:*.swm=01;31:*.dwm=01;31:*.esd=01;31:*.jpg=01;35:*.jpeg=01;35:*.mjpg=01;35:*.mjpeg=01;35:*.gif=01;35:*.bmp=01;35:*.pbm=01;35:*.pgm=01;35:*.ppm=01;35:*.tga=01;35:*.xbm=01;35:*.xpm=01;35:*.tif=01;35:*.tiff=01;35:*.png=01;35:*.svg=01;35:*.svgz=01;35:*.mng=01;35:*.pcx=01;35:*.mov=01;35:*.mpg=01;35:*.mpeg=01;35:*.m2v=01;35:*.mkv=01;35:*.webm=01;35:*.webp=01;35:*.ogm=01;35:*.mp4=01;35:*.m4v=01;35:*.mp4v=01;35:*.vob=01;35:*.qt=01;35:*.nuv=01;35:*.wmv=01;35:*.asf=01;35:*.rm=01;35:*.rmvb=01;35:*.flc=01;35:*.avi=01;35:*.fli=01;35:*.flv=01;35:*.gl=01;35:*.dl=01;35:*.xcf=01;35:*.xwd=01;35:*.yuv=01;35:*.cgm=01;35:*.emf=01;35:*.ogv=01;35:*.ogx=01;35:*.aac=00;36:*.au=00;36:*.flac=00;36:*.m4a=00;36:*.mid=00;36:*.midi=00;36:*.mka=00;36:*.mp3=00;36:*.mpc=00;36:*.ogg=00;36:*.ra=00;36:*.wav=00;36:*.oga=00;36:*.opus=00;36:*.spx=00;36:*.xspf=00;36:'), ('VSCODE_GIT_IPC_HANDLE', '/run/user/1000/vscode-git-c59a044dc2.sock'), ('TERM_PROGRAM', 'vscode'), ('SSH_AGENT_LAUNCHER', 'gnome-keyring'), ('SSH_AUTH_SOCK', '/run/user/1000/keyring/ssh'), ('ROS_DOMAIN_ID', '2'), ('AMENT_PREFIX_PATH', '/home/abc/planning_with_ros2/install/planning:/home/abc/planning_with_ros2/install/data_plot:/home/abc/planning_with_ros2/install/base_msgs:/home/abc/perception_with_ros2/install/perception:/home/abc/perception_with_ros2/install/data_plot_per:/home/abc/perception_with_ros2/install/base_msgs_per:/opt/ros/humble'), ('SHELL', '/bin/bash'), ('LC_NAME', 'zh_CN.UTF-8'), ('QT_ACCESSIBILITY', '1'), ('GDMSESSION', 'ubuntu'), ('LESSCLOSE', '/usr/bin/lesspipe %s %s'), ('LC_MEASUREMENT', 'zh_CN.UTF-8'), ('GPG_AGENT_INFO', '/run/user/1000/gnupg/S.gpg-agent:0:1'), ('GJS_DEBUG_OUTPUT', 'stderr'), ('LC_IDENTIFICATION', 'zh_CN.UTF-8'), ('VSCODE_GIT_ASKPASS_EXTRA_ARGS', ''), ('QT_IM_MODULE', 'ibus'), ('PWD', '/home/abc/planning_with_ros2/build/planning'), ('LC_ALL', 'en_US.UTF-8'), ('XDG_CONFIG_DIRS', '/etc/xdg/xdg-ubuntu:/etc/xdg'), ('XDG_DATA_DIRS', '/usr/share/ubuntu:/usr/share/gnome:/usr/local/share/:/usr/share/:/var/lib/snapd/desktop'), ('PYTHONPATH', '/home/abc/planning_with_ros2/install/data_plot/lib/python3.10/site-packages:/home/abc/planning_with_ros2/install/base_msgs/local/lib/python3.10/dist-packages:/home/abc/perception_with_ros2/install/data_plot_per/lib/python3.10/site-packages:/home/abc/perception_with_ros2/install/base_msgs_per/local/lib/python3.10/dist-packages:/opt/ros/humble/lib/python3.10/site-packages:/opt/ros/humble/local/lib/python3.10/dist-packages'), ('LC_NUMERIC', 'zh_CN.UTF-8'), ('LC_PAPER', 'zh_CN.UTF-8'), ('COLCON', '1'), ('CMAKE_PREFIX_PATH', '/home/abc/planning_with_ros2/install/base_msgs:/home/abc/planning_with_ros2/install/planning:/home/abc/perception_with_ros2/install/perception:/home/abc/perception_with_ros2/install/base_msgs_per:/home/abc/planning_with_ros2/install/data_plot:/home/abc/perception_with_ros2/install/data_plot_per:/opt/ros/humble')]), 'shell': False}
[0.883406] (planning) StdoutLine: {'line': b'-- Install configuration: ""\n'}
[0.883744] (planning) StdoutLine: {'line': b'-- Up-to-date: /home/abc/planning_with_ros2/install/planning/lib/libconfig_reader.so\n'}
[0.883959] (planning) StdoutLine: {'line': b'-- Up-to-date: /home/abc/planning_with_ros2/install/planning/lib/libmathlibs.so\n'}
[0.884311] (planning) StdoutLine: {'line': b'-- Up-to-date: /home/abc/planning_with_ros2/install/planning/lib/libdecision_center.so\n'}
[0.884696] (planning) StdoutLine: {'line': b'-- Up-to-date: /home/abc/planning_with_ros2/install/planning/lib/libpnc_map_creator.so\n'}
[0.884903] (planning) StdoutLine: {'line': b'-- Up-to-date: /home/abc/planning_with_ros2/install/planning/lib/planning/pnc_map_server\n'}
[0.885287] (planning) StdoutLine: {'line': b'-- Up-to-date: /home/abc/planning_with_ros2/install/planning/lib/libglobal_planner.so\n'}
[0.885503] (planning) StdoutLine: {'line': b'-- Up-to-date: /home/abc/planning_with_ros2/install/planning/lib/planning/global_path_server\n'}
[0.885938] (planning) StdoutLine: {'line': b'-- Up-to-date: /home/abc/planning_with_ros2/install/planning/lib/liblocal_planner.so\n'}
[0.886293] (planning) StdoutLine: {'line': b'-- Up-to-date: /home/abc/planning_with_ros2/install/planning/lib/libreference_line.so\n'}
[0.886666] (planning) StdoutLine: {'line': b'-- Up-to-date: /home/abc/planning_with_ros2/install/planning/lib/planning/osqp_test\n'}
[0.886888] (planning) StdoutLine: {'line': b'-- Up-to-date: /home/abc/planning_with_ros2/install/planning/lib/planning/newton_test\n'}
[0.887241] (planning) StdoutLine: {'line': b'-- Up-to-date: /home/abc/planning_with_ros2/install/planning/lib/libvehicle_info.so\n'}
[0.887599] (planning) StdoutLine: {'line': b'-- Up-to-date: /home/abc/planning_with_ros2/install/planning/lib/planning/planning_process\n'}
[0.888048] (planning) StdoutLine: {'line': b'-- Up-to-date: /home/abc/planning_with_ros2/install/planning/lib/planning/car_move_cmd\n'}
[0.888328] (planning) StdoutLine: {'line': b'-- Up-to-date: /home/abc/planning_with_ros2/install/planning/lib/planning/obs_move_cmd\n'}
[0.888468] (planning) StdoutLine: {'line': b'-- Up-to-date: /home/abc/planning_with_ros2/install/planning/share/planning/config\n'}
[0.888617] (planning) StdoutLine: {'line': b'-- Up-to-date: /home/abc/planning_with_ros2/install/planning/share/planning/config/planning_static_obs_config.yaml\n'}
[0.888791] (planning) StdoutLine: {'line': b'-- Up-to-date: /home/abc/planning_with_ros2/install/planning/share/planning/config/scenario_config.yaml\n'}
[0.888908] (planning) StdoutLine: {'line': b'-- Up-to-date: /home/abc/planning_with_ros2/install/planning/share/planning/config/planning_dynamic_obs_config.yaml\n'}
[0.889002] (planning) StdoutLine: {'line': b'-- Up-to-date: /home/abc/planning_with_ros2/install/planning/share/planning/config/planning_onlane_obs_config.yaml\n'}
[0.889093] (planning) StdoutLine: {'line': b'-- Up-to-date: /home/abc/planning_with_ros2/install/planning/share/planning/launch\n'}
[0.889183] (planning) StdoutLine: {'line': b'-- Up-to-date: /home/abc/planning_with_ros2/install/planning/share/planning/launch/planning_launch.py\n'}
[0.889309] (planning) StdoutLine: {'line': b'-- Up-to-date: /home/abc/planning_with_ros2/install/planning/share/planning/launch/move_cmd_launch.py\n'}
[0.889417] (planning) StdoutLine: {'line': b'-- Up-to-date: /home/abc/planning_with_ros2/install/planning/share/planning/urdf\n'}
[0.889529] (planning) StdoutLine: {'line': b'-- Up-to-date: /home/abc/planning_with_ros2/install/planning/share/planning/urdf/main_car\n'}
[0.889621] (planning) StdoutLine: {'line': b'-- Up-to-date: /home/abc/planning_with_ros2/install/planning/share/planning/urdf/main_car/car_camera.xacro\n'}
[0.889719] (planning) StdoutLine: {'line': b'-- Up-to-date: /home/abc/planning_with_ros2/install/planning/share/planning/urdf/main_car/car_base.xacro\n'}
[0.889806] (planning) StdoutLine: {'line': b'-- Up-to-date: /home/abc/planning_with_ros2/install/planning/share/planning/urdf/main_car/car_radar.xacro\n'}
[0.889892] (planning) StdoutLine: {'line': b'-- Up-to-date: /home/abc/planning_with_ros2/install/planning/share/planning/urdf/main_car/car.xacro\n'}
[0.889977] (planning) StdoutLine: {'line': b'-- Up-to-date: /home/abc/planning_with_ros2/install/planning/share/planning/urdf/main_car/car_wheels.xacro\n'}
[0.890066] (planning) StdoutLine: {'line': b'-- Up-to-date: /home/abc/planning_with_ros2/install/planning/share/planning/urdf/obs_car\n'}
[0.890186] (planning) StdoutLine: {'line': b'-- Up-to-date: /home/abc/planning_with_ros2/install/planning/share/planning/urdf/obs_car/obs_car.xacro\n'}
[0.890340] (planning) StdoutLine: {'line': b'-- Up-to-date: /home/abc/planning_with_ros2/install/planning/share/planning/rviz\n'}
[0.890521] (planning) StdoutLine: {'line': b'-- Up-to-date: /home/abc/planning_with_ros2/install/planning/share/planning/rviz/planning.rviz\n'}
[0.891362] (planning) StdoutLine: {'line': b'-- Up-to-date: /home/abc/planning_with_ros2/install/planning/share/ament_index/resource_index/package_run_dependencies/planning\n'}
[0.891531] (planning) StdoutLine: {'line': b'-- Up-to-date: /home/abc/planning_with_ros2/install/planning/share/ament_index/resource_index/parent_prefix_path/planning\n'}
[0.891716] (planning) StdoutLine: {'line': b'-- Up-to-date: /home/abc/planning_with_ros2/install/planning/share/planning/environment/ament_prefix_path.sh\n'}
[0.891921] (planning) StdoutLine: {'line': b'-- Up-to-date: /home/abc/planning_with_ros2/install/planning/share/planning/environment/ament_prefix_path.dsv\n'}
[0.892093] (planning) StdoutLine: {'line': b'-- Up-to-date: /home/abc/planning_with_ros2/install/planning/share/planning/environment/path.sh\n'}
[0.892198] (planning) StdoutLine: {'line': b'-- Up-to-date: /home/abc/planning_with_ros2/install/planning/share/planning/environment/path.dsv\n'}
[0.892290] (planning) StdoutLine: {'line': b'-- Up-to-date: /home/abc/planning_with_ros2/install/planning/share/planning/local_setup.bash\n'}
[0.892457] (planning) StdoutLine: {'line': b'-- Up-to-date: /home/abc/planning_with_ros2/install/planning/share/planning/local_setup.sh\n'}
[0.892554] (planning) StdoutLine: {'line': b'-- Up-to-date: /home/abc/planning_with_ros2/install/planning/share/planning/local_setup.zsh\n'}
[0.892725] (planning) StdoutLine: {'line': b'-- Up-to-date: /home/abc/planning_with_ros2/install/planning/share/planning/local_setup.dsv\n'}
[0.892832] (planning) StdoutLine: {'line': b'-- Installing: /home/abc/planning_with_ros2/install/planning/share/planning/package.dsv\n'}
[0.892926] (planning) StdoutLine: {'line': b'-- Up-to-date: /home/abc/planning_with_ros2/install/planning/share/ament_index/resource_index/packages/planning\n'}
[0.893036] (planning) StdoutLine: {'line': b'-- Up-to-date: /home/abc/planning_with_ros2/install/planning/share/planning/cmake/planningConfig.cmake\n'}
[0.893134] (planning) StdoutLine: {'line': b'-- Up-to-date: /home/abc/planning_with_ros2/install/planning/share/planning/cmake/planningConfig-version.cmake\n'}
[0.893229] (planning) StdoutLine: {'line': b'-- Up-to-date: /home/abc/planning_with_ros2/install/planning/share/planning/package.xml\n'}
[0.893319] (planning) CommandEnded: {'returncode': 0}
[0.901092] (-) TimerEvent: {}
[0.907049] (planning) JobEnded: {'identifier': 'planning', 'rc': 0}
[1.001190] (-) TimerEvent: {}
[1.101485] (-) TimerEvent: {}
[1.125175] (data_plot) Command: {'cmd': ['/usr/bin/python3', '-W', 'ignore:setup.py install is deprecated', '-W', 'ignore:easy_install command is deprecated', 'setup.py', 'egg_info', '--egg-base', '../../build/data_plot', 'build', '--build-base', '/home/abc/planning_with_ros2/build/data_plot/build', 'install', '--record', '/home/abc/planning_with_ros2/build/data_plot/install.log', '--single-version-externally-managed', 'install_data'], 'cwd': '/home/abc/planning_with_ros2/src/data_plot', 'env': {'GJS_DEBUG_TOPICS': 'JS ERROR;JS LOG', 'PYTHON_BASIC_REPL': '1', 'LESSOPEN': '| /usr/bin/lesspipe %s', 'LANGUAGE': 'en_US:en', 'TENSORRT_DIR': '/home/abc/TensorRT-8.6', 'USER': 'abc', 'LC_TIME': 'zh_CN.UTF-8', 'XDG_SESSION_TYPE': 'x11', 'GIT_ASKPASS': '/usr/share/code/resources/app/extensions/git/dist/askpass.sh', 'SHLVL': '1', 'LD_LIBRARY_PATH': '/home/abc/planning_with_ros2/install/base_msgs/lib:/usr/local/cuda-11.8/lib64:/home/abc/planning_with_ros2/install/planning/lib:/usr/local/cuda-11.8/lib64:/home/abc/planning_with_ros2/install/planning/lib:/home/abc/planning_with_ros2/install/planning/lib:/home/abc/perception_with_ros2/install/perception/lib:/home/abc/perception_with_ros2/install/base_msgs_per/lib:/usr/lib/x86_64-linux-gnu/gazebo-11/plugins:/opt/ros/humble/opt/rviz_ogre_vendor/lib:/opt/ros/humble/lib/x86_64-linux-gnu:/opt/ros/humble/lib:/home/abc/TensorRT-8.6/lib:/home/abc/TensorRT-8.6/lib', 'HOME': '/home/abc', 'CHROME_DESKTOP': 'code.desktop', 'TERM_PROGRAM_VERSION': '1.109.5', 'DESKTOP_SESSION': 'ubuntu', 'GIO_LAUNCHED_DESKTOP_FILE': '/usr/share/applications/code.desktop', 'ROS_PYTHON_VERSION': '3', 'GNOME_SHELL_SESSION_MODE': 'ubuntu', 'GTK_MODULES': 'gail:atk-bridge', 'VSCODE_GIT_ASKPASS_MAIN': '/usr/share/code/resources/app/extensions/git/dist/askpass-main.js', 'LC_MONETARY': 'zh_CN.UTF-8', 'VSCODE_GIT_ASKPASS_NODE': '/usr/share/code/code', 'MANAGERPID': '1130', 'PYDEVD_DISABLE_FILE_VALIDATION': '1', 'SYSTEMD_EXEC_PID': '1595', 'BUNDLED_DEBUGPY_PATH': '/home/abc/.vscode/extensions/ms-python.debugpy-2025.18.0-linux-x64/bundled/libs/debugpy', 'VSCODE_PYTHON_AUTOACTIVATE_GUARD': '1', 'DBUS_SESSION_BUS_ADDRESS': 'unix:path=/run/user/1000/bus', 'COLORTERM': 'truecolor', 'GIO_LAUNCHED_DESKTOP_FILE_PID': '364490', 'COLCON_PREFIX_PATH': '/home/abc/planning_with_ros2/install:/home/abc/perception_with_ros2/install', 'ROS_DISTRO': 'humble', 'GTK_IM_MODULE': 'ibus', 'LOGNAME': 'abc', 'JOURNAL_STREAM': '8:6989', '_': '/usr/bin/colcon', 'ROS_VERSION': '2', 'XDG_SESSION_CLASS': 'user', 'USERNAME': 'abc', 'TERM': 'xterm-256color', 'GNOME_DESKTOP_SESSION_ID': 'this-is-deprecated', 'ROS2_PLANNING_COURSE_INSTALL': '/home/abc/planning_with_ros2/install', 'FC_FONTATIONS': '1', 'ROS_LOCALHOST_ONLY': '0', 'WINDOWPATH': '2', 'PATH': '/usr/local/cuda-11.8/bin:/home/abc/.config/Code/User/globalStorage/github.copilot-chat/debugCommand:/home/abc/.config/Code/User/globalStorage/github.copilot-chat/copilotCli:/usr/local/cuda-11.8/bin:/opt/ros/humble/bin:/usr/local/sbin:/usr/local/bin:/usr/sbin:/usr/bin:/sbin:/bin:/usr/games:/usr/local/games:/snap/bin:/snap/bin:/home/abc/.vscode/extensions/ms-python.debugpy-2025.18.0-linux-x64/bundled/scripts/noConfigScripts', 'SESSION_MANAGER': 'local/abc-G3-3500:@/tmp/.ICE-unix/1554,unix/abc-G3-3500:/tmp/.ICE-unix/1554', 'INVOCATION_ID': 'f3a9f1252eb845459ae16b5ad8fdee6d', 'PAPERSIZE': 'a4', 'XDG_MENU_PREFIX': 'gnome-', 'LC_ADDRESS': 'zh_CN.UTF-8', 'XDG_RUNTIME_DIR': '/run/user/1000', 'GDK_BACKEND': 'x11', 'DISPLAY': ':0', 'VSCODE_DEBUGPY_ADAPTER_ENDPOINTS': '/home/abc/.vscode/extensions/ms-python.debugpy-2025.18.0-linux-x64/.noConfigDebugAdapterEndpoints/endpoint-73f3b4a0a422bf73.txt', 'LANG': 'en_US.UTF-8', 'XDG_CURRENT_DESKTOP': 'ubuntu:GNOME', 'PYTHONSTARTUP': '/home/abc/.config/Code/User/workspaceStorage/4efd6db52f1c03b4cb1fb614d5084a17/ms-python.python/pythonrc.py', 'LC_TELEPHONE': 'zh_CN.UTF-8', 'XMODIFIERS': '@im=ibus', 'XDG_SESSION_DESKTOP': 'ubuntu', 'XAUTHORITY': '/run/user/1000/gdm/Xauthority', 'LS_COLORS': 'rs=0:di=01;34:ln=01;36:mh=00:pi=40;33:so=01;35:do=01;35:bd=40;33;01:cd=40;33;01:or=40;31;01:mi=00:su=37;41:sg=30;43:ca=30;41:tw=30;42:ow=34;42:st=37;44:ex=01;32:*.tar=01;31:*.tgz=01;31:*.arc=01;31:*.arj=01;31:*.taz=01;31:*.lha=01;31:*.lz4=01;31:*.lzh=01;31:*.lzma=01;31:*.tlz=01;31:*.txz=01;31:*.tzo=01;31:*.t7z=01;31:*.zip=01;31:*.z=01;31:*.dz=01;31:*.gz=01;31:*.lrz=01;31:*.lz=01;31:*.lzo=01;31:*.xz=01;31:*.zst=01;31:*.tzst=01;31:*.bz2=01;31:*.bz=01;31:*.tbz=01;31:*.tbz2=01;31:*.tz=01;31:*.deb=01;31:*.rpm=01;31:*.jar=01;31:*.war=01;31:*.ear=01;31:*.sar=01;31:*.rar=01;31:*.alz=01;31:*.ace=01;31:*.zoo=01;31:*.cpio=01;31:*.7z=01;31:*.rz=01;31:*.cab=01;31:*.wim=01;31:*.swm=01;31:*.dwm=01;31:*.esd=01;31:*.jpg=01;35:*.jpeg=01;35:*.mjpg=01;35:*.mjpeg=01;35:*.gif=01;35:*.bmp=01;35:*.pbm=01;35:*.pgm=01;35:*.ppm=01;35:*.tga=01;35:*.xbm=01;35:*.xpm=01;35:*.tif=01;35:*.tiff=01;35:*.png=01;35:*.svg=01;35:*.svgz=01;35:*.mng=01;35:*.pcx=01;35:*.mov=01;35:*.mpg=01;35:*.mpeg=01;35:*.m2v=01;35:*.mkv=01;35:*.webm=01;35:*.webp=01;35:*.ogm=01;35:*.mp4=01;35:*.m4v=01;35:*.mp4v=01;35:*.vob=01;35:*.qt=01;35:*.nuv=01;35:*.wmv=01;35:*.asf=01;35:*.rm=01;35:*.rmvb=01;35:*.flc=01;35:*.avi=01;35:*.fli=01;35:*.flv=01;35:*.gl=01;35:*.dl=01;35:*.xcf=01;35:*.xwd=01;35:*.yuv=01;35:*.cgm=01;35:*.emf=01;35:*.ogv=01;35:*.ogx=01;35:*.aac=00;36:*.au=00;36:*.flac=00;36:*.m4a=00;36:*.mid=00;36:*.midi=00;36:*.mka=00;36:*.mp3=00;36:*.mpc=00;36:*.ogg=00;36:*.ra=00;36:*.wav=00;36:*.oga=00;36:*.opus=00;36:*.spx=00;36:*.xspf=00;36:', 'VSCODE_GIT_IPC_HANDLE': '/run/user/1000/vscode-git-c59a044dc2.sock', 'TERM_PROGRAM': 'vscode', 'SSH_AGENT_LAUNCHER': 'gnome-keyring', 'SSH_AUTH_SOCK': '/run/user/1000/keyring/ssh', 'ROS_DOMAIN_ID': '2', 'AMENT_PREFIX_PATH': '/home/abc/planning_with_ros2/install/planning:/home/abc/planning_with_ros2/install/data_plot:/home/abc/planning_with_ros2/install/base_msgs:/home/abc/perception_with_ros2/install/perception:/home/abc/perception_with_ros2/install/data_plot_per:/home/abc/perception_with_ros2/install/base_msgs_per:/opt/ros/humble', 'SHELL': '/bin/bash', 'LC_NAME': 'zh_CN.UTF-8', 'QT_ACCESSIBILITY': '1', 'GDMSESSION': 'ubuntu', 'LESSCLOSE': '/usr/bin/lesspipe %s %s', 'LC_MEASUREMENT': 'zh_CN.UTF-8', 'GPG_AGENT_INFO': '/run/user/1000/gnupg/S.gpg-agent:0:1', 'GJS_DEBUG_OUTPUT': 'stderr', 'LC_IDENTIFICATION': 'zh_CN.UTF-8', 'VSCODE_GIT_ASKPASS_EXTRA_ARGS': '', 'QT_IM_MODULE': 'ibus', 'PWD': '/home/abc/planning_with_ros2/build/data_plot', 'LC_ALL': 'en_US.UTF-8', 'XDG_CONFIG_DIRS': '/etc/xdg/xdg-ubuntu:/etc/xdg', 'XDG_DATA_DIRS': '/usr/share/ubuntu:/usr/share/gnome:/usr/local/share/:/usr/share/:/var/lib/snapd/desktop', 'PYTHONPATH': '/home/abc/planning_with_ros2/build/data_plot/prefix_override:/usr/lib/python3/dist-packages/colcon_core/task/python/colcon_distutils_commands:/home/abc/planning_with_ros2/install/data_plot/lib/python3.10/site-packages:/home/abc/planning_with_ros2/install/data_plot/lib/python3.10/site-packages:/home/abc/planning_with_ros2/install/base_msgs/local/lib/python3.10/dist-packages:/home/abc/perception_with_ros2/install/data_plot_per/lib/python3.10/site-packages:/home/abc/perception_with_ros2/install/base_msgs_per/local/lib/python3.10/dist-packages:/opt/ros/humble/lib/python3.10/site-packages:/opt/ros/humble/local/lib/python3.10/dist-packages', 'LC_NUMERIC': 'zh_CN.UTF-8', 'LC_PAPER': 'zh_CN.UTF-8', 'COLCON': '1', 'CMAKE_PREFIX_PATH': '/home/abc/planning_with_ros2/install/base_msgs:/home/abc/planning_with_ros2/install/planning:/home/abc/perception_with_ros2/install/perception:/home/abc/perception_with_ros2/install/base_msgs_per'}, 'shell': False}
[1.201581] (-) TimerEvent: {}
[1.301874] (-) TimerEvent: {}
[1.373316] (data_plot) StdoutLine: {'line': b'running egg_info\n'}
[1.373944] (data_plot) StdoutLine: {'line': b'writing ../../build/data_plot/data_plot.egg-info/PKG-INFO\n'}
[1.374136] (data_plot) StdoutLine: {'line': b'writing dependency_links to ../../build/data_plot/data_plot.egg-info/dependency_links.txt\n'}
[1.374262] (data_plot) StdoutLine: {'line': b'writing entry points to ../../build/data_plot/data_plot.egg-info/entry_points.txt\n'}
[1.374344] (data_plot) StdoutLine: {'line': b'writing requirements to ../../build/data_plot/data_plot.egg-info/requires.txt\n'}
[1.374426] (data_plot) StdoutLine: {'line': b'writing top-level names to ../../build/data_plot/data_plot.egg-info/top_level.txt\n'}
[1.375932] (data_plot) StdoutLine: {'line': b"reading manifest file '../../build/data_plot/data_plot.egg-info/SOURCES.txt'\n"}
[1.376748] (data_plot) StdoutLine: {'line': b"writing manifest file '../../build/data_plot/data_plot.egg-info/SOURCES.txt'\n"}
[1.376846] (data_plot) StdoutLine: {'line': b'running build\n'}
[1.376908] (data_plot) StdoutLine: {'line': b'running build_py\n'}
[1.377078] (data_plot) StdoutLine: {'line': b'running install\n'}
[1.377383] (data_plot) StdoutLine: {'line': b'running install_lib\n'}
[1.379177] (data_plot) StdoutLine: {'line': b'running install_data\n'}
[1.379312] (data_plot) StdoutLine: {'line': b'running install_egg_info\n'}
[1.380738] (data_plot) StdoutLine: {'line': b"removing '/home/abc/planning_with_ros2/install/data_plot/lib/python3.10/site-packages/data_plot-0.0.0-py3.10.egg-info' (and everything under it)\n"}
[1.380937] (data_plot) StdoutLine: {'line': b'Copying ../../build/data_plot/data_plot.egg-info to /home/abc/planning_with_ros2/install/data_plot/lib/python3.10/site-packages/data_plot-0.0.0-py3.10.egg-info\n'}
[1.381646] (data_plot) StdoutLine: {'line': b'running install_scripts\n'}
[1.400701] (data_plot) StdoutLine: {'line': b'Installing data_plot script to /home/abc/planning_with_ros2/install/data_plot/lib/data_plot\n'}
[1.400917] (data_plot) StdoutLine: {'line': b"writing list of installed files to '/home/abc/planning_with_ros2/build/data_plot/install.log'\n"}
[1.401940] (-) TimerEvent: {}
[1.425196] (data_plot) CommandEnded: {'returncode': 0}
[1.433577] (data_plot) JobEnded: {'identifier': 'data_plot', 'rc': 0}
[1.434219] (-) EventReactorShutdown: {}
