[0.000000] (-) TimerEvent: {}
[0.000498] (base_msgs) JobQueued: {'identifier': 'base_msgs', 'dependencies': OrderedDict()}
[0.000601] (data_plot) JobQueued: {'identifier': 'data_plot', 'dependencies': OrderedDict([('base_msgs', '/home/abc/planning_with_ros2/install/base_msgs')])}
[0.000625] (planning) JobQueued: {'identifier': 'planning', 'dependencies': OrderedDict([('base_msgs', '/home/abc/planning_with_ros2/install/base_msgs')])}
[0.000644] (base_msgs) JobStarted: {'identifier': 'base_msgs'}
[0.007461] (base_msgs) JobProgress: {'identifier': 'base_msgs', 'progress': 'cmake'}
[0.007864] (base_msgs) Command: {'cmd': ['/usr/local/bin/cmake', '/home/abc/planning_with_ros2/src/base_msgs', '-DCMAKE_INSTALL_PREFIX=/home/abc/planning_with_ros2/install/base_msgs'], 'cwd': '/home/abc/planning_with_ros2/build/base_msgs', 'env': OrderedDict([('GJS_DEBUG_TOPICS', 'JS ERROR;JS LOG'), ('PYTHON_BASIC_REPL', '1'), ('LESSOPEN', '| /usr/bin/lesspipe %s'), ('LANGUAGE', 'en_US:en'), ('TENSORRT_DIR', '/home/abc/TensorRT-8.6'), ('USER', 'abc'), ('LC_TIME', 'zh_CN.UTF-8'), ('XDG_SESSION_TYPE', 'x11'), ('GIT_ASKPASS', '/usr/share/code/resources/app/extensions/git/dist/askpass.sh'), ('SHLVL', '1'), ('LD_LIBRARY_PATH', '/usr/local/cuda-11.8/lib64:/home/abc/planning_with_ros2/install/planning/lib:/usr/local/cuda-11.8/lib64:/home/abc/planning_with_ros2/install/planning/lib:/home/abc/planning_with_ros2/install/planning/lib:/home/abc/planning_with_ros2/install/base_msgs/lib:/home/abc/perception_with_ros2/install/perception/lib:/home/abc/perception_with_ros2/install/base_msgs_per/lib:/usr/lib/x86_64-linux-gnu/gazebo-11/plugins:/opt/ros/humble/opt/rviz_ogre_vendor/lib:/opt/ros/humble/lib/x86_64-linux-gnu:/opt/ros/humble/lib:/home/abc/TensorRT-8.6/lib:/home/abc/TensorRT-8.6/lib'), ('HOME', '/home/abc'), ('CHROME_DESKTOP', 'code.desktop'), ('TERM_PROGRAM_VERSION', '1.108.2'), ('DESKTOP_SESSION', 'ubuntu'), ('GIO_LAUNCHED_DESKTOP_FILE', '/usr/share/applications/code.desktop'), ('ROS_PYTHON_VERSION', '3'), ('GNOME_SHELL_SESSION_MODE', 'ubuntu'), ('GTK_MODULES', 'gail:atk-bridge'), ('VSCODE_GIT_ASKPASS_MAIN', '/usr/share/code/resources/app/extensions/git/dist/askpass-main.js'), ('LC_MONETARY', 'zh_CN.UTF-8'), ('VSCODE_GIT_ASKPASS_NODE', '/usr/share/code/code'), ('MANAGERPID', '1130'), ('PYDEVD_DISABLE_FILE_VALIDATION', '1'), ('SYSTEMD_EXEC_PID', '1595'), ('BUNDLED_DEBUGPY_PATH', '/home/abc/.vscode/extensions/ms-python.debugpy-2025.18.0-linux-x64/bundled/libs/debugpy'), ('VSCODE_PYTHON_AUTOACTIVATE_GUARD', '1'), ('DBUS_SESSION_BUS_ADDRESS', 'unix:path=/run/user/1000/bus'), ('COLORTERM', 'truecolor'), ('GIO_LAUNCHED_DESKTOP_FILE_PID', '7523'), ('COLCON_PREFIX_PATH', '/home/abc/planning_with_ros2/install:/home/abc/perception_with_ros2/install'), ('ROS_DISTRO', 'humble'), ('GTK_IM_MODULE', 'ibus'), ('LOGNAME', 'abc'), ('JOURNAL_STREAM', '8:6989'), ('_', '/usr/bin/colcon'), ('ROS_VERSION', '2'), ('XDG_SESSION_CLASS', 'user'), ('USERNAME', 'abc'), ('TERM', 'xterm-256color'), ('GNOME_DESKTOP_SESSION_ID', 'this-is-deprecated'), ('ROS2_PLANNING_COURSE_INSTALL', '/home/abc/planning_with_ros2/install'), ('FC_FONTATIONS', '1'), ('ROS_LOCALHOST_ONLY', '0'), ('WINDOWPATH', '2'), ('PATH', '/usr/local/cuda-11.8/bin:/home/abc/.config/Code/User/globalStorage/github.copilot-chat/debugCommand:/home/abc/.config/Code/User/globalStorage/github.copilot-chat/copilotCli:/usr/local/cuda-11.8/bin:/opt/ros/humble/bin:/usr/local/sbin:/usr/local/bin:/usr/sbin:/usr/bin:/sbin:/bin:/usr/games:/usr/local/games:/snap/bin:/snap/bin:/home/abc/.vscode/extensions/ms-python.debugpy-2025.18.0-linux-x64/bundled/scripts/noConfigScripts'), ('SESSION_MANAGER', 'local/abc-G3-3500:@/tmp/.ICE-unix/1554,unix/abc-G3-3500:/tmp/.ICE-unix/1554'), ('INVOCATION_ID', 'f3a9f1252eb845459ae16b5ad8fdee6d'), ('PAPERSIZE', 'a4'), ('XDG_MENU_PREFIX', 'gnome-'), ('LC_ADDRESS', 'zh_CN.UTF-8'), ('XDG_RUNTIME_DIR', '/run/user/1000'), ('GDK_BACKEND', 'x11'), ('DISPLAY', ':0'), ('VSCODE_DEBUGPY_ADAPTER_ENDPOINTS', '/home/abc/.vscode/extensions/ms-python.debugpy-2025.18.0-linux-x64/.noConfigDebugAdapterEndpoints/endpoint-73f3b4a0a422bf73.txt'), ('LANG', 'en_US.UTF-8'), ('XDG_CURRENT_DESKTOP', 'ubuntu:GNOME'), ('PYTHONSTARTUP', '/home/abc/.config/Code/User/workspaceStorage/4efd6db52f1c03b4cb1fb614d5084a17/ms-python.python/pythonrc.py'), ('LC_TELEPHONE', 'zh_CN.UTF-8'), ('XMODIFIERS', '@im=ibus'), ('XDG_SESSION_DESKTOP', 'ubuntu'), ('XAUTHORITY', '/run/user/1000/gdm/Xauthority'), ('LS_COLORS', 'rs=0:di=01;34:ln=01;36:mh=00:pi=40;33:so=01;35:do=01;35:bd=40;33;01:cd=40;33;01:or=40;31;01:mi=00:su=37;41:sg=30;43:ca=30;41:tw=30;42:ow=34;42:st=37;44:ex=01;32:*.tar=01;31:*.tgz=01;31:*.arc=01;31:*.arj=01;31:*.taz=01;31:*.lha=01;31:*.lz4=01;31:*.lzh=01;31:*.lzma=01;31:*.tlz=01;31:*.txz=01;31:*.tzo=01;31:*.t7z=01;31:*.zip=01;31:*.z=01;31:*.dz=01;31:*.gz=01;31:*.lrz=01;31:*.lz=01;31:*.lzo=01;31:*.xz=01;31:*.zst=01;31:*.tzst=01;31:*.bz2=01;31:*.bz=01;31:*.tbz=01;31:*.tbz2=01;31:*.tz=01;31:*.deb=01;31:*.rpm=01;31:*.jar=01;31:*.war=01;31:*.ear=01;31:*.sar=01;31:*.rar=01;31:*.alz=01;31:*.ace=01;31:*.zoo=01;31:*.cpio=01;31:*.7z=01;31:*.rz=01;31:*.cab=01;31:*.wim=01;31:*.swm=01;31:*.dwm=01;31:*.esd=01;31:*.jpg=01;35:*.jpeg=01;35:*.mjpg=01;35:*.mjpeg=01;35:*.gif=01;35:*.bmp=01;35:*.pbm=01;35:*.pgm=01;35:*.ppm=01;35:*.tga=01;35:*.xbm=01;35:*.xpm=01;35:*.tif=01;35:*.tiff=01;35:*.png=01;35:*.svg=01;35:*.svgz=01;35:*.mng=01;35:*.pcx=01;35:*.mov=01;35:*.mpg=01;35:*.mpeg=01;35:*.m2v=01;35:*.mkv=01;35:*.webm=01;35:*.webp=01;35:*.ogm=01;35:*.mp4=01;35:*.m4v=01;35:*.mp4v=01;35:*.vob=01;35:*.qt=01;35:*.nuv=01;35:*.wmv=01;35:*.asf=01;35:*.rm=01;35:*.rmvb=01;35:*.flc=01;35:*.avi=01;35:*.fli=01;35:*.flv=01;35:*.gl=01;35:*.dl=01;35:*.xcf=01;35:*.xwd=01;35:*.yuv=01;35:*.cgm=01;35:*.emf=01;35:*.ogv=01;35:*.ogx=01;35:*.aac=00;36:*.au=00;36:*.flac=00;36:*.m4a=00;36:*.mid=00;36:*.midi=00;36:*.mka=00;36:*.mp3=00;36:*.mpc=00;36:*.ogg=00;36:*.ra=00;36:*.wav=00;36:*.oga=00;36:*.opus=00;36:*.spx=00;36:*.xspf=00;36:'), ('VSCODE_GIT_IPC_HANDLE', '/run/user/1000/vscode-git-c59a044dc2.sock'), ('TERM_PROGRAM', 'vscode'), ('SSH_AGENT_LAUNCHER', 'gnome-keyring'), ('SSH_AUTH_SOCK', '/run/user/1000/keyring/ssh'), ('ROS_DOMAIN_ID', '2'), ('AMENT_PREFIX_PATH', '/home/abc/planning_with_ros2/install/planning:/home/abc/planning_with_ros2/install/data_plot:/home/abc/planning_with_ros2/install/base_msgs:/home/abc/perception_with_ros2/install/perception:/home/abc/perception_with_ros2/install/data_plot_per:/home/abc/perception_with_ros2/install/base_msgs_per:/opt/ros/humble'), ('SHELL', '/bin/bash'), ('LC_NAME', 'zh_CN.UTF-8'), ('QT_ACCESSIBILITY', '1'), ('GDMSESSION', 'ubuntu'), ('LESSCLOSE', '/usr/bin/lesspipe %s %s'), ('LC_MEASUREMENT', 'zh_CN.UTF-8'), ('GPG_AGENT_INFO', '/run/user/1000/gnupg/S.gpg-agent:0:1'), ('GJS_DEBUG_OUTPUT', 'stderr'), ('LC_IDENTIFICATION', 'zh_CN.UTF-8'), ('VSCODE_GIT_ASKPASS_EXTRA_ARGS', ''), ('QT_IM_MODULE', 'ibus'), ('PWD', '/home/abc/planning_with_ros2/build/base_msgs'), ('LC_ALL', 'en_US.UTF-8'), ('XDG_CONFIG_DIRS', '/etc/xdg/xdg-ubuntu:/etc/xdg'), ('XDG_DATA_DIRS', '/usr/share/ubuntu:/usr/share/gnome:/usr/local/share/:/usr/share/:/var/lib/snapd/desktop'), ('PYTHONPATH', '/home/abc/planning_with_ros2/install/data_plot/lib/python3.10/site-packages:/home/abc/planning_with_ros2/install/base_msgs/local/lib/python3.10/dist-packages:/home/abc/perception_with_ros2/install/data_plot_per/lib/python3.10/site-packages:/home/abc/perception_with_ros2/install/base_msgs_per/local/lib/python3.10/dist-packages:/opt/ros/humble/lib/python3.10/site-packages:/opt/ros/humble/local/lib/python3.10/dist-packages'), ('LC_NUMERIC', 'zh_CN.UTF-8'), ('LC_PAPER', 'zh_CN.UTF-8'), ('COLCON', '1'), ('CMAKE_PREFIX_PATH', '/home/abc/planning_with_ros2/install/planning:/home/abc/planning_with_ros2/install/base_msgs:/home/abc/perception_with_ros2/install/perception:/home/abc/perception_with_ros2/install/base_msgs_per:/home/abc/planning_with_ros2/install/data_plot:/home/abc/perception_with_ros2/install/data_plot_per:/opt/ros/humble')]), 'shell': False}
[0.050020] (base_msgs) StdoutLine: {'line': b'-- The C compiler identification is GNU 11.4.0\n'}
[0.099812] (-) TimerEvent: {}
[0.100034] (base_msgs) StdoutLine: {'line': b'-- The CXX compiler identification is GNU 11.4.0\n'}
[0.107926] (base_msgs) StdoutLine: {'line': b'-- Detecting C compiler ABI info\n'}
[0.158173] (base_msgs) StdoutLine: {'line': b'-- Detecting C compiler ABI info - done\n'}
[0.175832] (base_msgs) StdoutLine: {'line': b'-- Check for working C compiler: /usr/bin/cc - skipped\n'}
[0.176114] (base_msgs) StdoutLine: {'line': b'-- Detecting C compile features\n'}
[0.176573] (base_msgs) StdoutLine: {'line': b'-- Detecting C compile features - done\n'}
[0.186932] (base_msgs) StdoutLine: {'line': b'-- Detecting CXX compiler ABI info\n'}
[0.199890] (-) TimerEvent: {}
[0.243641] (base_msgs) StdoutLine: {'line': b'-- Detecting CXX compiler ABI info - done\n'}
[0.261500] (base_msgs) StdoutLine: {'line': b'-- Check for working CXX compiler: /usr/bin/c++ - skipped\n'}
[0.261811] (base_msgs) StdoutLine: {'line': b'-- Detecting CXX compile features\n'}
[0.262518] (base_msgs) StdoutLine: {'line': b'-- Detecting CXX compile features - done\n'}
[0.269198] (base_msgs) StdoutLine: {'line': b'-- Found ament_cmake: 1.3.12 (/opt/ros/humble/share/ament_cmake/cmake)\n'}
[0.300006] (-) TimerEvent: {}
[0.390288] (base_msgs) StdoutLine: {'line': b'-- Found Python3: /usr/bin/python3 (found version "3.10.12") found components: Interpreter\n'}
[0.400093] (-) TimerEvent: {}
[0.473572] (base_msgs) StdoutLine: {'line': b'-- Found rosidl_default_generators: 1.2.0 (/opt/ros/humble/share/rosidl_default_generators/cmake)\n'}
[0.477094] (base_msgs) StdoutLine: {'line': b'-- Using all available rosidl_typesupport_c: rosidl_typesupport_fastrtps_c;rosidl_typesupport_introspection_c\n'}
[0.483911] (base_msgs) StdoutLine: {'line': b'-- Found rosidl_adapter: 3.1.8 (/opt/ros/humble/share/rosidl_adapter/cmake)\n'}
[0.500192] (-) TimerEvent: {}
[0.530129] (base_msgs) StdoutLine: {'line': b'-- Using all available rosidl_typesupport_cpp: rosidl_typesupport_fastrtps_cpp;rosidl_typesupport_introspection_cpp\n'}
[0.570947] (base_msgs) StdoutLine: {'line': b'-- Found visualization_msgs: 4.9.0 (/opt/ros/humble/share/visualization_msgs/cmake)\n'}
[0.600288] (-) TimerEvent: {}
[0.690014] (base_msgs) StdoutLine: {'line': b'-- Found nav_msgs: 4.9.0 (/opt/ros/humble/share/nav_msgs/cmake)\n'}
[0.700352] (-) TimerEvent: {}
[0.800531] (-) TimerEvent: {}
[0.900733] (-) TimerEvent: {}
[1.000963] (-) TimerEvent: {}
[1.101197] (-) TimerEvent: {}
[1.201436] (-) TimerEvent: {}
[1.259818] (base_msgs) StdoutLine: {'line': b'-- Found ament_cmake_ros: 0.10.0 (/opt/ros/humble/share/ament_cmake_ros/cmake)\n'}
[1.301511] (-) TimerEvent: {}
[1.401706] (-) TimerEvent: {}
[1.501936] (-) TimerEvent: {}
[1.602143] (-) TimerEvent: {}
[1.702434] (-) TimerEvent: {}
[1.802639] (-) TimerEvent: {}
[1.822989] (base_msgs) StdoutLine: {'line': b'-- Using all available rosidl_typesupport_c: rosidl_typesupport_fastrtps_c;rosidl_typesupport_introspection_c\n'}
[1.902722] (-) TimerEvent: {}
[2.002958] (-) TimerEvent: {}
[2.103166] (-) TimerEvent: {}
[2.203369] (-) TimerEvent: {}
[2.303570] (-) TimerEvent: {}
[2.403814] (-) TimerEvent: {}
[2.504023] (-) TimerEvent: {}
[2.570928] (base_msgs) StdoutLine: {'line': b'-- Using all available rosidl_typesupport_cpp: rosidl_typesupport_fastrtps_cpp;rosidl_typesupport_introspection_cpp\n'}
[2.591844] (base_msgs) StdoutLine: {'line': b'-- Found PythonInterp: /usr/bin/python3 (found suitable version "3.10.12", minimum required is "3.6")\n'}
[2.593230] (base_msgs) StdoutLine: {'line': b'-- Found python_cmake_module: 0.10.0 (/opt/ros/humble/share/python_cmake_module/cmake)\n'}
[2.604126] (-) TimerEvent: {}
[2.618480] (base_msgs) StdoutLine: {'line': b'-- Found PythonLibs: /usr/lib/x86_64-linux-gnu/libpython3.10.so (found suitable version "3.10.12", minimum required is "3.5")\n'}
[2.618723] (base_msgs) StdoutLine: {'line': b'-- Using PYTHON_EXECUTABLE: /usr/bin/python3\n'}
[2.618798] (base_msgs) StdoutLine: {'line': b'-- Using PYTHON_INCLUDE_DIRS: /usr/include/python3.10\n'}
[2.618859] (base_msgs) StdoutLine: {'line': b'-- Using PYTHON_LIBRARIES: /usr/lib/x86_64-linux-gnu/libpython3.10.so\n'}
[2.641183] (base_msgs) StdoutLine: {'line': b'-- Found PythonExtra: .so\n'}
[2.704255] (-) TimerEvent: {}
[2.782117] (base_msgs) StdoutLine: {'line': b'-- Found ament_lint_auto: 0.12.14 (/opt/ros/humble/share/ament_lint_auto/cmake)\n'}
[2.799085] (base_msgs) StdoutLine: {'line': b"-- Added test 'lint_cmake' to check CMake code style\n"}
[2.800413] (base_msgs) StdoutLine: {'line': b"-- Added test 'xmllint' to check XML markup files\n"}
[2.803018] (base_msgs) StdoutLine: {'line': b'-- Configuring done (2.8s)\n'}
[2.804326] (-) TimerEvent: {}
[2.876158] (base_msgs) StdoutLine: {'line': b'-- Generating done (0.1s)\n'}
[2.887604] (base_msgs) StdoutLine: {'line': b'-- Build files have been written to: /home/abc/planning_with_ros2/build/base_msgs\n'}
[2.896952] (base_msgs) CommandEnded: {'returncode': 0}
[2.897490] (base_msgs) JobProgress: {'identifier': 'base_msgs', 'progress': 'build'}
[2.898175] (base_msgs) Command: {'cmd': ['/usr/local/bin/cmake', '--build', '/home/abc/planning_with_ros2/build/base_msgs', '--', '-j12', '-l12'], 'cwd': '/home/abc/planning_with_ros2/build/base_msgs', 'env': OrderedDict([('GJS_DEBUG_TOPICS', 'JS ERROR;JS LOG'), ('PYTHON_BASIC_REPL', '1'), ('LESSOPEN', '| /usr/bin/lesspipe %s'), ('LANGUAGE', 'en_US:en'), ('TENSORRT_DIR', '/home/abc/TensorRT-8.6'), ('USER', 'abc'), ('LC_TIME', 'zh_CN.UTF-8'), ('XDG_SESSION_TYPE', 'x11'), ('GIT_ASKPASS', '/usr/share/code/resources/app/extensions/git/dist/askpass.sh'), ('SHLVL', '1'), ('LD_LIBRARY_PATH', '/usr/local/cuda-11.8/lib64:/home/abc/planning_with_ros2/install/planning/lib:/usr/local/cuda-11.8/lib64:/home/abc/planning_with_ros2/install/planning/lib:/home/abc/planning_with_ros2/install/planning/lib:/home/abc/planning_with_ros2/install/base_msgs/lib:/home/abc/perception_with_ros2/install/perception/lib:/home/abc/perception_with_ros2/install/base_msgs_per/lib:/usr/lib/x86_64-linux-gnu/gazebo-11/plugins:/opt/ros/humble/opt/rviz_ogre_vendor/lib:/opt/ros/humble/lib/x86_64-linux-gnu:/opt/ros/humble/lib:/home/abc/TensorRT-8.6/lib:/home/abc/TensorRT-8.6/lib'), ('HOME', '/home/abc'), ('CHROME_DESKTOP', 'code.desktop'), ('TERM_PROGRAM_VERSION', '1.108.2'), ('DESKTOP_SESSION', 'ubuntu'), ('GIO_LAUNCHED_DESKTOP_FILE', '/usr/share/applications/code.desktop'), ('ROS_PYTHON_VERSION', '3'), ('GNOME_SHELL_SESSION_MODE', 'ubuntu'), ('GTK_MODULES', 'gail:atk-bridge'), ('VSCODE_GIT_ASKPASS_MAIN', '/usr/share/code/resources/app/extensions/git/dist/askpass-main.js'), ('LC_MONETARY', 'zh_CN.UTF-8'), ('VSCODE_GIT_ASKPASS_NODE', '/usr/share/code/code'), ('MANAGERPID', '1130'), ('PYDEVD_DISABLE_FILE_VALIDATION', '1'), ('SYSTEMD_EXEC_PID', '1595'), ('BUNDLED_DEBUGPY_PATH', '/home/abc/.vscode/extensions/ms-python.debugpy-2025.18.0-linux-x64/bundled/libs/debugpy'), ('VSCODE_PYTHON_AUTOACTIVATE_GUARD', '1'), ('DBUS_SESSION_BUS_ADDRESS', 'unix:path=/run/user/1000/bus'), ('COLORTERM', 'truecolor'), ('GIO_LAUNCHED_DESKTOP_FILE_PID', '7523'), ('COLCON_PREFIX_PATH', '/home/abc/planning_with_ros2/install:/home/abc/perception_with_ros2/install'), ('ROS_DISTRO', 'humble'), ('GTK_IM_MODULE', 'ibus'), ('LOGNAME', 'abc'), ('JOURNAL_STREAM', '8:6989'), ('_', '/usr/bin/colcon'), ('ROS_VERSION', '2'), ('XDG_SESSION_CLASS', 'user'), ('USERNAME', 'abc'), ('TERM', 'xterm-256color'), ('GNOME_DESKTOP_SESSION_ID', 'this-is-deprecated'), ('ROS2_PLANNING_COURSE_INSTALL', '/home/abc/planning_with_ros2/install'), ('FC_FONTATIONS', '1'), ('ROS_LOCALHOST_ONLY', '0'), ('WINDOWPATH', '2'), ('PATH', '/usr/local/cuda-11.8/bin:/home/abc/.config/Code/User/globalStorage/github.copilot-chat/debugCommand:/home/abc/.config/Code/User/globalStorage/github.copilot-chat/copilotCli:/usr/local/cuda-11.8/bin:/opt/ros/humble/bin:/usr/local/sbin:/usr/local/bin:/usr/sbin:/usr/bin:/sbin:/bin:/usr/games:/usr/local/games:/snap/bin:/snap/bin:/home/abc/.vscode/extensions/ms-python.debugpy-2025.18.0-linux-x64/bundled/scripts/noConfigScripts'), ('SESSION_MANAGER', 'local/abc-G3-3500:@/tmp/.ICE-unix/1554,unix/abc-G3-3500:/tmp/.ICE-unix/1554'), ('INVOCATION_ID', 'f3a9f1252eb845459ae16b5ad8fdee6d'), ('PAPERSIZE', 'a4'), ('XDG_MENU_PREFIX', 'gnome-'), ('LC_ADDRESS', 'zh_CN.UTF-8'), ('XDG_RUNTIME_DIR', '/run/user/1000'), ('GDK_BACKEND', 'x11'), ('DISPLAY', ':0'), ('VSCODE_DEBUGPY_ADAPTER_ENDPOINTS', '/home/abc/.vscode/extensions/ms-python.debugpy-2025.18.0-linux-x64/.noConfigDebugAdapterEndpoints/endpoint-73f3b4a0a422bf73.txt'), ('LANG', 'en_US.UTF-8'), ('XDG_CURRENT_DESKTOP', 'ubuntu:GNOME'), ('PYTHONSTARTUP', '/home/abc/.config/Code/User/workspaceStorage/4efd6db52f1c03b4cb1fb614d5084a17/ms-python.python/pythonrc.py'), ('LC_TELEPHONE', 'zh_CN.UTF-8'), ('XMODIFIERS', '@im=ibus'), ('XDG_SESSION_DESKTOP', 'ubuntu'), ('XAUTHORITY', '/run/user/1000/gdm/Xauthority'), ('LS_COLORS', 'rs=0:di=01;34:ln=01;36:mh=00:pi=40;33:so=01;35:do=01;35:bd=40;33;01:cd=40;33;01:or=40;31;01:mi=00:su=37;41:sg=30;43:ca=30;41:tw=30;42:ow=34;42:st=37;44:ex=01;32:*.tar=01;31:*.tgz=01;31:*.arc=01;31:*.arj=01;31:*.taz=01;31:*.lha=01;31:*.lz4=01;31:*.lzh=01;31:*.lzma=01;31:*.tlz=01;31:*.txz=01;31:*.tzo=01;31:*.t7z=01;31:*.zip=01;31:*.z=01;31:*.dz=01;31:*.gz=01;31:*.lrz=01;31:*.lz=01;31:*.lzo=01;31:*.xz=01;31:*.zst=01;31:*.tzst=01;31:*.bz2=01;31:*.bz=01;31:*.tbz=01;31:*.tbz2=01;31:*.tz=01;31:*.deb=01;31:*.rpm=01;31:*.jar=01;31:*.war=01;31:*.ear=01;31:*.sar=01;31:*.rar=01;31:*.alz=01;31:*.ace=01;31:*.zoo=01;31:*.cpio=01;31:*.7z=01;31:*.rz=01;31:*.cab=01;31:*.wim=01;31:*.swm=01;31:*.dwm=01;31:*.esd=01;31:*.jpg=01;35:*.jpeg=01;35:*.mjpg=01;35:*.mjpeg=01;35:*.gif=01;35:*.bmp=01;35:*.pbm=01;35:*.pgm=01;35:*.ppm=01;35:*.tga=01;35:*.xbm=01;35:*.xpm=01;35:*.tif=01;35:*.tiff=01;35:*.png=01;35:*.svg=01;35:*.svgz=01;35:*.mng=01;35:*.pcx=01;35:*.mov=01;35:*.mpg=01;35:*.mpeg=01;35:*.m2v=01;35:*.mkv=01;35:*.webm=01;35:*.webp=01;35:*.ogm=01;35:*.mp4=01;35:*.m4v=01;35:*.mp4v=01;35:*.vob=01;35:*.qt=01;35:*.nuv=01;35:*.wmv=01;35:*.asf=01;35:*.rm=01;35:*.rmvb=01;35:*.flc=01;35:*.avi=01;35:*.fli=01;35:*.flv=01;35:*.gl=01;35:*.dl=01;35:*.xcf=01;35:*.xwd=01;35:*.yuv=01;35:*.cgm=01;35:*.emf=01;35:*.ogv=01;35:*.ogx=01;35:*.aac=00;36:*.au=00;36:*.flac=00;36:*.m4a=00;36:*.mid=00;36:*.midi=00;36:*.mka=00;36:*.mp3=00;36:*.mpc=00;36:*.ogg=00;36:*.ra=00;36:*.wav=00;36:*.oga=00;36:*.opus=00;36:*.spx=00;36:*.xspf=00;36:'), ('VSCODE_GIT_IPC_HANDLE', '/run/user/1000/vscode-git-c59a044dc2.sock'), ('TERM_PROGRAM', 'vscode'), ('SSH_AGENT_LAUNCHER', 'gnome-keyring'), ('SSH_AUTH_SOCK', '/run/user/1000/keyring/ssh'), ('ROS_DOMAIN_ID', '2'), ('AMENT_PREFIX_PATH', '/home/abc/planning_with_ros2/install/planning:/home/abc/planning_with_ros2/install/data_plot:/home/abc/planning_with_ros2/install/base_msgs:/home/abc/perception_with_ros2/install/perception:/home/abc/perception_with_ros2/install/data_plot_per:/home/abc/perception_with_ros2/install/base_msgs_per:/opt/ros/humble'), ('SHELL', '/bin/bash'), ('LC_NAME', 'zh_CN.UTF-8'), ('QT_ACCESSIBILITY', '1'), ('GDMSESSION', 'ubuntu'), ('LESSCLOSE', '/usr/bin/lesspipe %s %s'), ('LC_MEASUREMENT', 'zh_CN.UTF-8'), ('GPG_AGENT_INFO', '/run/user/1000/gnupg/S.gpg-agent:0:1'), ('GJS_DEBUG_OUTPUT', 'stderr'), ('LC_IDENTIFICATION', 'zh_CN.UTF-8'), ('VSCODE_GIT_ASKPASS_EXTRA_ARGS', ''), ('QT_IM_MODULE', 'ibus'), ('PWD', '/home/abc/planning_with_ros2/build/base_msgs'), ('LC_ALL', 'en_US.UTF-8'), ('XDG_CONFIG_DIRS', '/etc/xdg/xdg-ubuntu:/etc/xdg'), ('XDG_DATA_DIRS', '/usr/share/ubuntu:/usr/share/gnome:/usr/local/share/:/usr/share/:/var/lib/snapd/desktop'), ('PYTHONPATH', '/home/abc/planning_with_ros2/install/data_plot/lib/python3.10/site-packages:/home/abc/planning_with_ros2/install/base_msgs/local/lib/python3.10/dist-packages:/home/abc/perception_with_ros2/install/data_plot_per/lib/python3.10/site-packages:/home/abc/perception_with_ros2/install/base_msgs_per/local/lib/python3.10/dist-packages:/opt/ros/humble/lib/python3.10/site-packages:/opt/ros/humble/local/lib/python3.10/dist-packages'), ('LC_NUMERIC', 'zh_CN.UTF-8'), ('LC_PAPER', 'zh_CN.UTF-8'), ('COLCON', '1'), ('CMAKE_PREFIX_PATH', '/home/abc/planning_with_ros2/install/planning:/home/abc/planning_with_ros2/install/base_msgs:/home/abc/perception_with_ros2/install/perception:/home/abc/perception_with_ros2/install/base_msgs_per:/home/abc/planning_with_ros2/install/data_plot:/home/abc/perception_with_ros2/install/data_plot_per:/opt/ros/humble')]), 'shell': False}
[2.904398] (-) TimerEvent: {}
[2.916475] (base_msgs) StdoutLine: {'line': b'[  1%] \x1b[34m\x1b[1mGenerating C code for ROS interfaces\x1b[0m\n'}
[2.920380] (base_msgs) StdoutLine: {'line': b'[  1%] \x1b[34m\x1b[1mGenerating C++ code for ROS interfaces\x1b[0m\n'}
[2.920548] (base_msgs) StdoutLine: {'line': b'[  1%] Built target ament_cmake_python_copy_base_msgs\n'}
[3.004521] (-) TimerEvent: {}
[3.104724] (-) TimerEvent: {}
[3.150210] (base_msgs) StdoutLine: {'line': b'running egg_info\n'}
[3.150681] (base_msgs) StdoutLine: {'line': b'creating base_msgs.egg-info\n'}
[3.150795] (base_msgs) StdoutLine: {'line': b'writing base_msgs.egg-info/PKG-INFO\n'}
[3.150920] (base_msgs) StdoutLine: {'line': b'writing dependency_links to base_msgs.egg-info/dependency_links.txt\n'}
[3.151073] (base_msgs) StdoutLine: {'line': b'writing top-level names to base_msgs.egg-info/top_level.txt\n'}
[3.151277] (base_msgs) StdoutLine: {'line': b"writing manifest file 'base_msgs.egg-info/SOURCES.txt'\n"}
[3.152834] (base_msgs) StdoutLine: {'line': b"reading manifest file 'base_msgs.egg-info/SOURCES.txt'\n"}
[3.153474] (base_msgs) StdoutLine: {'line': b"writing manifest file 'base_msgs.egg-info/SOURCES.txt'\n"}
[3.170760] (base_msgs) StdoutLine: {'line': b'[  1%] Built target ament_cmake_python_build_base_msgs_egg\n'}
[3.204836] (-) TimerEvent: {}
[3.305058] (-) TimerEvent: {}
[3.405311] (-) TimerEvent: {}
[3.505508] (-) TimerEvent: {}
[3.605745] (-) TimerEvent: {}
[3.705986] (-) TimerEvent: {}
[3.806250] (-) TimerEvent: {}
[3.906483] (-) TimerEvent: {}
[4.006717] (-) TimerEvent: {}
[4.106918] (-) TimerEvent: {}
[4.207169] (-) TimerEvent: {}
[4.307376] (-) TimerEvent: {}
[4.376957] (base_msgs) StdoutLine: {'line': b'[  1%] Built target base_msgs__cpp\n'}
[4.386206] (base_msgs) StdoutLine: {'line': b'[  2%] \x1b[34m\x1b[1mGenerating C++ type support dispatch for ROS interfaces\x1b[0m\n'}
[4.386449] (base_msgs) StdoutLine: {'line': b'[  3%] \x1b[34m\x1b[1mGenerating C++ type support for eProsima Fast-RTPS\x1b[0m\n'}
[4.386593] (base_msgs) StdoutLine: {'line': b'[  3%] \x1b[34m\x1b[1mGenerating C++ introspection for ROS interfaces\x1b[0m\n'}
[4.407484] (-) TimerEvent: {}
[4.467236] (base_msgs) StdoutLine: {'line': b'[  4%] \x1b[32mBuilding C object CMakeFiles/base_msgs__rosidl_generator_c.dir/rosidl_generator_c/base_msgs/srv/detail/global_path_service__functions.c.o\x1b[0m\n'}
[4.467524] (base_msgs) StdoutLine: {'line': b'[  4%] \x1b[32mBuilding C object CMakeFiles/base_msgs__rosidl_generator_c.dir/rosidl_generator_c/base_msgs/srv/detail/pnc_map_service__functions.c.o\x1b[0m\n'}
[4.467681] (base_msgs) StdoutLine: {'line': b'[  6%] \x1b[32mBuilding C object CMakeFiles/base_msgs__rosidl_generator_c.dir/rosidl_generator_c/base_msgs/msg/detail/referline_point__functions.c.o\x1b[0m\n'}
[4.467859] (base_msgs) StdoutLine: {'line': b'[  7%] \x1b[32mBuilding C object CMakeFiles/base_msgs__rosidl_generator_c.dir/rosidl_generator_c/base_msgs/msg/detail/referline__functions.c.o\x1b[0m\n'}
[4.468075] (base_msgs) StdoutLine: {'line': b'[  8%] \x1b[32mBuilding C object CMakeFiles/base_msgs__rosidl_generator_c.dir/rosidl_generator_c/base_msgs/msg/detail/local_path_point__functions.c.o\x1b[0m\n'}
[4.468286] (base_msgs) StdoutLine: {'line': b'[  6%] \x1b[32mBuilding C object CMakeFiles/base_msgs__rosidl_generator_c.dir/rosidl_generator_c/base_msgs/msg/detail/pnc_map__functions.c.o\x1b[0m\n'}
[4.468463] (base_msgs) StdoutLine: {'line': b'[  8%] \x1b[32mBuilding C object CMakeFiles/base_msgs__rosidl_generator_c.dir/rosidl_generator_c/base_msgs/msg/detail/local_path__functions.c.o\x1b[0m\n'}
[4.468745] (base_msgs) StdoutLine: {'line': b'[  9%] \x1b[32mBuilding C object CMakeFiles/base_msgs__rosidl_generator_c.dir/rosidl_generator_c/base_msgs/msg/detail/local_speeds__functions.c.o\x1b[0m\n'}
[4.469930] (base_msgs) StdoutLine: {'line': b'[ 10%] \x1b[32mBuilding C object CMakeFiles/base_msgs__rosidl_generator_c.dir/rosidl_generator_c/base_msgs/msg/detail/local_speeds_point__functions.c.o\x1b[0m\n'}
[4.508733] (-) TimerEvent: {}
[4.528323] (base_msgs) StdoutLine: {'line': b'[ 11%] \x1b[32mBuilding C object CMakeFiles/base_msgs__rosidl_generator_c.dir/rosidl_generator_c/base_msgs/msg/detail/local_trajectory_point__functions.c.o\x1b[0m\n'}
[4.528846] (base_msgs) StdoutLine: {'line': b'[ 12%] \x1b[32mBuilding C object CMakeFiles/base_msgs__rosidl_generator_c.dir/rosidl_generator_c/base_msgs/msg/detail/local_trajectory__functions.c.o\x1b[0m\n'}
[4.531309] (base_msgs) StdoutLine: {'line': b'[ 12%] \x1b[32mBuilding C object CMakeFiles/base_msgs__rosidl_generator_c.dir/rosidl_generator_c/base_msgs/msg/detail/obs_info__functions.c.o\x1b[0m\n'}
[4.531879] (base_msgs) StdoutLine: {'line': b'[ 13%] \x1b[32mBuilding C object CMakeFiles/base_msgs__rosidl_generator_c.dir/rosidl_generator_c/base_msgs/msg/detail/plot_info__functions.c.o\x1b[0m\n'}
[4.572669] (base_msgs) StdoutLine: {'line': b'[ 14%] \x1b[32m\x1b[1mLinking C shared library libbase_msgs__rosidl_generator_c.so\x1b[0m\n'}
[4.597349] (base_msgs) StdoutLine: {'line': b'[ 14%] Built target base_msgs__rosidl_generator_c\n'}
[4.602023] (base_msgs) StdoutLine: {'line': b'[ 17%] \x1b[34m\x1b[1mGenerating C type support dispatch for ROS interfaces\x1b[0m\n'}
[4.602244] (base_msgs) StdoutLine: {'line': b'[ 17%] \x1b[34m\x1b[1mGenerating C type support for eProsima Fast-RTPS\x1b[0m\n'}
[4.602369] (base_msgs) StdoutLine: {'line': b'[ 17%] \x1b[34m\x1b[1mGenerating C introspection for ROS interfaces\x1b[0m\n'}
[4.608819] (-) TimerEvent: {}
[4.709081] (-) TimerEvent: {}
[4.809358] (-) TimerEvent: {}
[4.909626] (-) TimerEvent: {}
[5.009902] (-) TimerEvent: {}
[5.110186] (-) TimerEvent: {}
[5.210450] (-) TimerEvent: {}
[5.310721] (-) TimerEvent: {}
[5.410984] (-) TimerEvent: {}
[5.511205] (-) TimerEvent: {}
[5.584893] (base_msgs) StdoutLine: {'line': b'[ 18%] \x1b[32mBuilding CXX object CMakeFiles/base_msgs__rosidl_typesupport_cpp.dir/rosidl_typesupport_cpp/base_msgs/srv/global_path_service__type_support.cpp.o\x1b[0m\n'}
[5.585164] (base_msgs) StdoutLine: {'line': b'[ 19%] \x1b[32mBuilding CXX object CMakeFiles/base_msgs__rosidl_typesupport_cpp.dir/rosidl_typesupport_cpp/base_msgs/srv/pnc_map_service__type_support.cpp.o\x1b[0m\n'}
[5.585283] (base_msgs) StdoutLine: {'line': b'[ 19%] \x1b[32mBuilding CXX object CMakeFiles/base_msgs__rosidl_typesupport_cpp.dir/rosidl_typesupport_cpp/base_msgs/msg/pnc_map__type_support.cpp.o\x1b[0m\n'}
[5.585391] (base_msgs) StdoutLine: {'line': b'[ 20%] \x1b[32mBuilding CXX object CMakeFiles/base_msgs__rosidl_typesupport_cpp.dir/rosidl_typesupport_cpp/base_msgs/msg/referline_point__type_support.cpp.o\x1b[0m\n'}
[5.585494] (base_msgs) StdoutLine: {'line': b'[ 21%] \x1b[32mBuilding CXX object CMakeFiles/base_msgs__rosidl_typesupport_cpp.dir/rosidl_typesupport_cpp/base_msgs/msg/referline__type_support.cpp.o\x1b[0m\n'}
[5.585592] (base_msgs) StdoutLine: {'line': b'[ 22%] \x1b[32mBuilding CXX object CMakeFiles/base_msgs__rosidl_typesupport_cpp.dir/rosidl_typesupport_cpp/base_msgs/msg/local_path_point__type_support.cpp.o\x1b[0m\n'}
[5.587428] (base_msgs) StdoutLine: {'line': b'[ 23%] \x1b[32mBuilding CXX object CMakeFiles/base_msgs__rosidl_typesupport_cpp.dir/rosidl_typesupport_cpp/base_msgs/msg/local_path__type_support.cpp.o\x1b[0m\n'}
[5.611301] (-) TimerEvent: {}
[5.711621] (-) TimerEvent: {}
[5.811927] (-) TimerEvent: {}
[5.845872] (base_msgs) StdoutLine: {'line': b'[ 23%] \x1b[32mBuilding CXX object CMakeFiles/base_msgs__rosidl_typesupport_c.dir/rosidl_typesupport_c/base_msgs/srv/global_path_service__type_support.cpp.o\x1b[0m\n'}
[5.889232] (base_msgs) StdoutLine: {'line': b'[ 24%] \x1b[32mBuilding CXX object CMakeFiles/base_msgs__rosidl_typesupport_c.dir/rosidl_typesupport_c/base_msgs/srv/pnc_map_service__type_support.cpp.o\x1b[0m\n'}
[5.912025] (-) TimerEvent: {}
[5.932654] (base_msgs) StdoutLine: {'line': b'[ 25%] \x1b[32mBuilding CXX object CMakeFiles/base_msgs__rosidl_typesupport_c.dir/rosidl_typesupport_c/base_msgs/msg/pnc_map__type_support.cpp.o\x1b[0m\n'}
[5.972022] (base_msgs) StdoutLine: {'line': b'[ 26%] \x1b[32mBuilding CXX object CMakeFiles/base_msgs__rosidl_typesupport_c.dir/rosidl_typesupport_c/base_msgs/msg/referline_point__type_support.cpp.o\x1b[0m\n'}
[5.996565] (base_msgs) StdoutLine: {'line': b'[ 27%] \x1b[32mBuilding CXX object CMakeFiles/base_msgs__rosidl_typesupport_c.dir/rosidl_typesupport_c/base_msgs/msg/referline__type_support.cpp.o\x1b[0m\n'}
[6.004661] (base_msgs) StdoutLine: {'line': b'[ 27%] \x1b[32mBuilding CXX object CMakeFiles/base_msgs__rosidl_typesupport_c.dir/rosidl_typesupport_c/base_msgs/msg/local_path_point__type_support.cpp.o\x1b[0m\n'}
[6.005537] (base_msgs) StdoutLine: {'line': b'[ 28%] \x1b[32mBuilding CXX object CMakeFiles/base_msgs__rosidl_typesupport_cpp.dir/rosidl_typesupport_cpp/base_msgs/msg/local_speeds_point__type_support.cpp.o\x1b[0m\n'}
[6.005701] (base_msgs) StdoutLine: {'line': b'[ 28%] \x1b[32mBuilding CXX object CMakeFiles/base_msgs__rosidl_typesupport_c.dir/rosidl_typesupport_c/base_msgs/msg/local_path__type_support.cpp.o\x1b[0m\n'}
[6.008509] (base_msgs) StdoutLine: {'line': b'[ 29%] \x1b[32mBuilding CXX object CMakeFiles/base_msgs__rosidl_typesupport_c.dir/rosidl_typesupport_c/base_msgs/msg/local_speeds_point__type_support.cpp.o\x1b[0m\n'}
[6.008708] (base_msgs) StdoutLine: {'line': b'[ 30%] \x1b[32mBuilding CXX object CMakeFiles/base_msgs__rosidl_typesupport_cpp.dir/rosidl_typesupport_cpp/base_msgs/msg/local_speeds__type_support.cpp.o\x1b[0m\n'}
[6.014206] (-) TimerEvent: {}
[6.014590] (base_msgs) StdoutLine: {'line': b'[ 31%] \x1b[32mBuilding CXX object CMakeFiles/base_msgs__rosidl_typesupport_c.dir/rosidl_typesupport_c/base_msgs/msg/local_speeds__type_support.cpp.o\x1b[0m\n'}
[6.027786] (base_msgs) StdoutLine: {'line': b'[ 32%] \x1b[32mBuilding CXX object CMakeFiles/base_msgs__rosidl_typesupport_c.dir/rosidl_typesupport_c/base_msgs/msg/local_trajectory_point__type_support.cpp.o\x1b[0m\n'}
[6.029586] (base_msgs) StdoutLine: {'line': b'[ 33%] \x1b[32mBuilding CXX object CMakeFiles/base_msgs__rosidl_typesupport_introspection_cpp.dir/rosidl_typesupport_introspection_cpp/base_msgs/srv/detail/global_path_service__type_support.cpp.o\x1b[0m\n'}
[6.038022] (base_msgs) StdoutLine: {'line': b'[ 33%] \x1b[32mBuilding CXX object CMakeFiles/base_msgs__rosidl_typesupport_c.dir/rosidl_typesupport_c/base_msgs/msg/local_trajectory__type_support.cpp.o\x1b[0m\n'}
[6.041892] (base_msgs) StdoutLine: {'line': b'[ 35%] \x1b[32mBuilding CXX object CMakeFiles/base_msgs__rosidl_typesupport_c.dir/rosidl_typesupport_c/base_msgs/msg/obs_info__type_support.cpp.o\x1b[0m\n'}
[6.042096] (base_msgs) StdoutLine: {'line': b'[ 35%] \x1b[32mBuilding CXX object CMakeFiles/base_msgs__rosidl_typesupport_introspection_cpp.dir/rosidl_typesupport_introspection_cpp/base_msgs/srv/detail/pnc_map_service__type_support.cpp.o\x1b[0m\n'}
[6.042244] (base_msgs) StdoutLine: {'line': b'[ 36%] \x1b[32mBuilding CXX object CMakeFiles/base_msgs__rosidl_typesupport_introspection_cpp.dir/rosidl_typesupport_introspection_cpp/base_msgs/msg/detail/pnc_map__type_support.cpp.o\x1b[0m\n'}
[6.048232] (base_msgs) StdoutLine: {'line': b'[ 37%] \x1b[32mBuilding CXX object CMakeFiles/base_msgs__rosidl_typesupport_cpp.dir/rosidl_typesupport_cpp/base_msgs/msg/local_trajectory_point__type_support.cpp.o\x1b[0m\n'}
[6.068457] (base_msgs) StdoutLine: {'line': b'[ 38%] \x1b[32mBuilding CXX object CMakeFiles/base_msgs__rosidl_typesupport_introspection_cpp.dir/rosidl_typesupport_introspection_cpp/base_msgs/msg/detail/referline_point__type_support.cpp.o\x1b[0m\n'}
[6.073587] (base_msgs) StdoutLine: {'line': b'[ 40%] \x1b[32mBuilding CXX object CMakeFiles/base_msgs__rosidl_typesupport_c.dir/rosidl_typesupport_c/base_msgs/msg/plot_info__type_support.cpp.o\x1b[0m\n'}
[6.073786] (base_msgs) StdoutLine: {'line': b'[ 40%] \x1b[32mBuilding CXX object CMakeFiles/base_msgs__rosidl_typesupport_cpp.dir/rosidl_typesupport_cpp/base_msgs/msg/local_trajectory__type_support.cpp.o\x1b[0m\n'}
[6.111639] (base_msgs) StdoutLine: {'line': b'[ 41%] \x1b[32m\x1b[1mLinking CXX shared library libbase_msgs__rosidl_typesupport_c.so\x1b[0m\n'}
[6.115761] (-) TimerEvent: {}
[6.162306] (base_msgs) StdoutLine: {'line': b'[ 41%] Built target base_msgs__rosidl_typesupport_c\n'}
[6.166263] (base_msgs) StdoutLine: {'line': b'[ 41%] \x1b[32mBuilding CXX object CMakeFiles/base_msgs__rosidl_typesupport_introspection_cpp.dir/rosidl_typesupport_introspection_cpp/base_msgs/msg/detail/referline__type_support.cpp.o\x1b[0m\n'}
[6.203300] (base_msgs) StdoutLine: {'line': b'[ 42%] \x1b[32mBuilding C object CMakeFiles/base_msgs__rosidl_typesupport_introspection_c.dir/rosidl_typesupport_introspection_c/base_msgs/srv/detail/global_path_service__type_support.c.o\x1b[0m\n'}
[6.216988] (-) TimerEvent: {}
[6.252652] (base_msgs) StdoutLine: {'line': b'[ 43%] \x1b[32mBuilding CXX object CMakeFiles/base_msgs__rosidl_typesupport_fastrtps_cpp.dir/rosidl_typesupport_fastrtps_cpp/base_msgs/srv/detail/dds_fastrtps/global_path_service__type_support.cpp.o\x1b[0m\n'}
[6.261119] (base_msgs) StdoutLine: {'line': b'[ 44%] \x1b[32mBuilding C object CMakeFiles/base_msgs__rosidl_typesupport_introspection_c.dir/rosidl_typesupport_introspection_c/base_msgs/srv/detail/pnc_map_service__type_support.c.o\x1b[0m\n'}
[6.310314] (base_msgs) StdoutLine: {'line': b'[ 44%] \x1b[32mBuilding C object CMakeFiles/base_msgs__rosidl_typesupport_introspection_c.dir/rosidl_typesupport_introspection_c/base_msgs/msg/detail/pnc_map__type_support.c.o\x1b[0m\n'}
[6.312299] (base_msgs) StdoutLine: {'line': b'[ 45%] \x1b[32mBuilding CXX object CMakeFiles/base_msgs__rosidl_typesupport_fastrtps_c.dir/rosidl_typesupport_fastrtps_c/base_msgs/srv/detail/global_path_service__type_support_c.cpp.o\x1b[0m\n'}
[6.317096] (-) TimerEvent: {}
[6.356835] (base_msgs) StdoutLine: {'line': b'[ 46%] \x1b[32mBuilding C object CMakeFiles/base_msgs__rosidl_typesupport_introspection_c.dir/rosidl_typesupport_introspection_c/base_msgs/msg/detail/referline_point__type_support.c.o\x1b[0m\n'}
[6.396825] (base_msgs) StdoutLine: {'line': b'[ 46%] \x1b[32mBuilding CXX object CMakeFiles/base_msgs__rosidl_typesupport_fastrtps_c.dir/rosidl_typesupport_fastrtps_c/base_msgs/srv/detail/pnc_map_service__type_support_c.cpp.o\x1b[0m\n'}
[6.400357] (base_msgs) StdoutLine: {'line': b'[ 47%] \x1b[32mBuilding C object CMakeFiles/base_msgs__rosidl_typesupport_introspection_c.dir/rosidl_typesupport_introspection_c/base_msgs/msg/detail/referline__type_support.c.o\x1b[0m\n'}
[6.421212] (-) TimerEvent: {}
[6.444163] (base_msgs) StdoutLine: {'line': b'[ 48%] \x1b[32mBuilding CXX object CMakeFiles/base_msgs__rosidl_typesupport_fastrtps_cpp.dir/rosidl_typesupport_fastrtps_cpp/base_msgs/srv/detail/dds_fastrtps/pnc_map_service__type_support.cpp.o\x1b[0m\n'}
[6.449586] (base_msgs) StdoutLine: {'line': b'[ 49%] \x1b[32mBuilding C object CMakeFiles/base_msgs__rosidl_typesupport_introspection_c.dir/rosidl_typesupport_introspection_c/base_msgs/msg/detail/local_path_point__type_support.c.o\x1b[0m\n'}
[6.474930] (base_msgs) StdoutLine: {'line': b'[ 50%] \x1b[32mBuilding CXX object CMakeFiles/base_msgs__rosidl_typesupport_fastrtps_c.dir/rosidl_typesupport_fastrtps_c/base_msgs/msg/detail/pnc_map__type_support_c.cpp.o\x1b[0m\n'}
[6.481006] (base_msgs) StdoutLine: {'line': b'[ 51%] \x1b[32mBuilding CXX object CMakeFiles/base_msgs__rosidl_typesupport_cpp.dir/rosidl_typesupport_cpp/base_msgs/msg/obs_info__type_support.cpp.o\x1b[0m\n'}
[6.498514] (base_msgs) StdoutLine: {'line': b'[ 52%] \x1b[32mBuilding C object CMakeFiles/base_msgs__rosidl_typesupport_introspection_c.dir/rosidl_typesupport_introspection_c/base_msgs/msg/detail/local_path__type_support.c.o\x1b[0m\n'}
[6.521316] (-) TimerEvent: {}
[6.549176] (base_msgs) StdoutLine: {'line': b'[ 52%] \x1b[32mBuilding C object CMakeFiles/base_msgs__rosidl_typesupport_introspection_c.dir/rosidl_typesupport_introspection_c/base_msgs/msg/detail/local_speeds_point__type_support.c.o\x1b[0m\n'}
[6.592427] (base_msgs) StdoutLine: {'line': b'[ 53%] \x1b[32mBuilding C object CMakeFiles/base_msgs__rosidl_typesupport_introspection_c.dir/rosidl_typesupport_introspection_c/base_msgs/msg/detail/local_speeds__type_support.c.o\x1b[0m\n'}
[6.621428] (-) TimerEvent: {}
[6.638375] (base_msgs) StdoutLine: {'line': b'[ 54%] \x1b[32mBuilding C object CMakeFiles/base_msgs__rosidl_typesupport_introspection_c.dir/rosidl_typesupport_introspection_c/base_msgs/msg/detail/local_trajectory_point__type_support.c.o\x1b[0m\n'}
[6.688276] (base_msgs) StdoutLine: {'line': b'[ 55%] \x1b[32mBuilding C object CMakeFiles/base_msgs__rosidl_typesupport_introspection_c.dir/rosidl_typesupport_introspection_c/base_msgs/msg/detail/local_trajectory__type_support.c.o\x1b[0m\n'}
[6.708986] (base_msgs) StdoutLine: {'line': b'[ 56%] \x1b[32mBuilding CXX object CMakeFiles/base_msgs__rosidl_typesupport_fastrtps_c.dir/rosidl_typesupport_fastrtps_c/base_msgs/msg/detail/referline_point__type_support_c.cpp.o\x1b[0m\n'}
[6.719357] (base_msgs) StdoutLine: {'line': b'[ 57%] \x1b[32mBuilding CXX object CMakeFiles/base_msgs__rosidl_typesupport_fastrtps_cpp.dir/rosidl_typesupport_fastrtps_cpp/base_msgs/msg/detail/dds_fastrtps/pnc_map__type_support.cpp.o\x1b[0m\n'}
[6.721532] (-) TimerEvent: {}
[6.724623] (base_msgs) StdoutLine: {'line': b'[ 57%] \x1b[32mBuilding CXX object CMakeFiles/base_msgs__rosidl_typesupport_cpp.dir/rosidl_typesupport_cpp/base_msgs/msg/plot_info__type_support.cpp.o\x1b[0m\n'}
[6.733717] (base_msgs) StdoutLine: {'line': b'[ 58%] \x1b[32mBuilding C object CMakeFiles/base_msgs__rosidl_typesupport_introspection_c.dir/rosidl_typesupport_introspection_c/base_msgs/msg/detail/obs_info__type_support.c.o\x1b[0m\n'}
[6.778347] (base_msgs) StdoutLine: {'line': b'[ 58%] \x1b[32mBuilding C object CMakeFiles/base_msgs__rosidl_typesupport_introspection_c.dir/rosidl_typesupport_introspection_c/base_msgs/msg/detail/plot_info__type_support.c.o\x1b[0m\n'}
[6.780530] (base_msgs) StdoutLine: {'line': b'[ 59%] \x1b[32mBuilding CXX object CMakeFiles/base_msgs__rosidl_typesupport_fastrtps_c.dir/rosidl_typesupport_fastrtps_c/base_msgs/msg/detail/referline__type_support_c.cpp.o\x1b[0m\n'}
[6.821640] (-) TimerEvent: {}
[6.826982] (base_msgs) StdoutLine: {'line': b'[ 60%] \x1b[32m\x1b[1mLinking C shared library libbase_msgs__rosidl_typesupport_introspection_c.so\x1b[0m\n'}
[6.836349] (base_msgs) StdoutLine: {'line': b'[ 61%] \x1b[32mBuilding CXX object CMakeFiles/base_msgs__rosidl_typesupport_introspection_cpp.dir/rosidl_typesupport_introspection_cpp/base_msgs/msg/detail/local_path_point__type_support.cpp.o\x1b[0m\n'}
[6.856986] (base_msgs) StdoutLine: {'line': b'[ 61%] \x1b[32mBuilding CXX object CMakeFiles/base_msgs__rosidl_typesupport_fastrtps_cpp.dir/rosidl_typesupport_fastrtps_cpp/base_msgs/msg/detail/dds_fastrtps/referline_point__type_support.cpp.o\x1b[0m\n'}
[6.862368] (base_msgs) StdoutLine: {'line': b'[ 61%] Built target base_msgs__rosidl_typesupport_introspection_c\n'}
[6.867627] (base_msgs) StdoutLine: {'line': b'[ 62%] \x1b[32mBuilding CXX object CMakeFiles/base_msgs__rosidl_typesupport_fastrtps_cpp.dir/rosidl_typesupport_fastrtps_cpp/base_msgs/msg/detail/dds_fastrtps/referline__type_support.cpp.o\x1b[0m\n'}
[6.902279] (base_msgs) StdoutLine: {'line': b'[ 63%] \x1b[32mBuilding CXX object CMakeFiles/base_msgs__rosidl_typesupport_introspection_cpp.dir/rosidl_typesupport_introspection_cpp/base_msgs/msg/detail/local_path__type_support.cpp.o\x1b[0m\n'}
[6.911376] (base_msgs) StdoutLine: {'line': b'[ 64%] \x1b[32mBuilding CXX object CMakeFiles/base_msgs__rosidl_typesupport_fastrtps_c.dir/rosidl_typesupport_fastrtps_c/base_msgs/msg/detail/local_path_point__type_support_c.cpp.o\x1b[0m\n'}
[6.921747] (-) TimerEvent: {}
[6.987246] (base_msgs) StdoutLine: {'line': b'[ 65%] \x1b[32mBuilding CXX object CMakeFiles/base_msgs__rosidl_typesupport_introspection_cpp.dir/rosidl_typesupport_introspection_cpp/base_msgs/msg/detail/local_speeds_point__type_support.cpp.o\x1b[0m\n'}
[6.998853] (base_msgs) StdoutLine: {'line': b'[ 66%] \x1b[32mBuilding CXX object CMakeFiles/base_msgs__rosidl_typesupport_fastrtps_cpp.dir/rosidl_typesupport_fastrtps_cpp/base_msgs/msg/detail/dds_fastrtps/local_path_point__type_support.cpp.o\x1b[0m\n'}
[7.021855] (-) TimerEvent: {}
[7.122217] (-) TimerEvent: {}
[7.128165] (base_msgs) StdoutLine: {'line': b'[ 67%] \x1b[32mBuilding CXX object CMakeFiles/base_msgs__rosidl_typesupport_introspection_cpp.dir/rosidl_typesupport_introspection_cpp/base_msgs/msg/detail/local_speeds__type_support.cpp.o\x1b[0m\n'}
[7.144869] (base_msgs) StdoutLine: {'line': b'[ 68%] \x1b[32m\x1b[1mLinking CXX shared library libbase_msgs__rosidl_typesupport_cpp.so\x1b[0m\n'}
[7.196283] (base_msgs) StdoutLine: {'line': b'[ 68%] Built target base_msgs__rosidl_typesupport_cpp\n'}
[7.196519] (base_msgs) StdoutLine: {'line': b'[ 68%] \x1b[32mBuilding CXX object CMakeFiles/base_msgs__rosidl_typesupport_fastrtps_c.dir/rosidl_typesupport_fastrtps_c/base_msgs/msg/detail/local_path__type_support_c.cpp.o\x1b[0m\n'}
[7.221350] (base_msgs) StdoutLine: {'line': b'[ 69%] \x1b[32mBuilding CXX object CMakeFiles/base_msgs__rosidl_typesupport_fastrtps_c.dir/rosidl_typesupport_fastrtps_c/base_msgs/msg/detail/local_speeds_point__type_support_c.cpp.o\x1b[0m\n'}
[7.222282] (-) TimerEvent: {}
[7.298398] (base_msgs) StdoutLine: {'line': b'[ 70%] \x1b[32mBuilding CXX object CMakeFiles/base_msgs__rosidl_typesupport_fastrtps_cpp.dir/rosidl_typesupport_fastrtps_cpp/base_msgs/msg/detail/dds_fastrtps/local_path__type_support.cpp.o\x1b[0m\n'}
[7.322396] (-) TimerEvent: {}
[7.339012] (base_msgs) StdoutLine: {'line': b'[ 70%] \x1b[32mBuilding CXX object CMakeFiles/base_msgs__rosidl_typesupport_introspection_cpp.dir/rosidl_typesupport_introspection_cpp/base_msgs/msg/detail/local_trajectory_point__type_support.cpp.o\x1b[0m\n'}
[7.422504] (-) TimerEvent: {}
[7.440085] (base_msgs) StdoutLine: {'line': b'[ 71%] \x1b[32mBuilding CXX object CMakeFiles/base_msgs__rosidl_typesupport_fastrtps_cpp.dir/rosidl_typesupport_fastrtps_cpp/base_msgs/msg/detail/dds_fastrtps/local_speeds_point__type_support.cpp.o\x1b[0m\n'}
[7.465659] (base_msgs) StdoutLine: {'line': b'[ 72%] \x1b[32mBuilding CXX object CMakeFiles/base_msgs__rosidl_typesupport_fastrtps_c.dir/rosidl_typesupport_fastrtps_c/base_msgs/msg/detail/local_speeds__type_support_c.cpp.o\x1b[0m\n'}
[7.492277] (base_msgs) StdoutLine: {'line': b'[ 73%] \x1b[32mBuilding CXX object CMakeFiles/base_msgs__rosidl_typesupport_fastrtps_c.dir/rosidl_typesupport_fastrtps_c/base_msgs/msg/detail/local_trajectory_point__type_support_c.cpp.o\x1b[0m\n'}
[7.522615] (-) TimerEvent: {}
[7.579972] (base_msgs) StdoutLine: {'line': b'[ 74%] \x1b[32mBuilding CXX object CMakeFiles/base_msgs__rosidl_typesupport_fastrtps_c.dir/rosidl_typesupport_fastrtps_c/base_msgs/msg/detail/local_trajectory__type_support_c.cpp.o\x1b[0m\n'}
[7.593425] (base_msgs) StdoutLine: {'line': b'[ 74%] \x1b[32mBuilding CXX object CMakeFiles/base_msgs__rosidl_typesupport_fastrtps_cpp.dir/rosidl_typesupport_fastrtps_cpp/base_msgs/msg/detail/dds_fastrtps/local_speeds__type_support.cpp.o\x1b[0m\n'}
[7.599160] (base_msgs) StdoutLine: {'line': b'[ 74%] \x1b[32mBuilding CXX object CMakeFiles/base_msgs__rosidl_typesupport_fastrtps_c.dir/rosidl_typesupport_fastrtps_c/base_msgs/msg/detail/obs_info__type_support_c.cpp.o\x1b[0m\n'}
[7.620170] (base_msgs) StdoutLine: {'line': b'[ 75%] \x1b[32mBuilding CXX object CMakeFiles/base_msgs__rosidl_typesupport_fastrtps_c.dir/rosidl_typesupport_fastrtps_c/base_msgs/msg/detail/plot_info__type_support_c.cpp.o\x1b[0m\n'}
[7.622715] (-) TimerEvent: {}
[7.721019] (base_msgs) StdoutLine: {'line': b'[ 76%] \x1b[32mBuilding CXX object CMakeFiles/base_msgs__rosidl_typesupport_introspection_cpp.dir/rosidl_typesupport_introspection_cpp/base_msgs/msg/detail/local_trajectory__type_support.cpp.o\x1b[0m\n'}
[7.722814] (-) TimerEvent: {}
[7.735505] (base_msgs) StdoutLine: {'line': b'[ 77%] \x1b[32mBuilding CXX object CMakeFiles/base_msgs__rosidl_typesupport_introspection_cpp.dir/rosidl_typesupport_introspection_cpp/base_msgs/msg/detail/obs_info__type_support.cpp.o\x1b[0m\n'}
[7.800208] (base_msgs) StdoutLine: {'line': b'[ 78%] \x1b[32mBuilding CXX object CMakeFiles/base_msgs__rosidl_typesupport_fastrtps_cpp.dir/rosidl_typesupport_fastrtps_cpp/base_msgs/msg/detail/dds_fastrtps/local_trajectory_point__type_support.cpp.o\x1b[0m\n'}
[7.822923] (-) TimerEvent: {}
[7.923294] (-) TimerEvent: {}
[7.935701] (base_msgs) StdoutLine: {'line': b'[ 79%] \x1b[32mBuilding CXX object CMakeFiles/base_msgs__rosidl_typesupport_fastrtps_cpp.dir/rosidl_typesupport_fastrtps_cpp/base_msgs/msg/detail/dds_fastrtps/local_trajectory__type_support.cpp.o\x1b[0m\n'}
[7.992219] (base_msgs) StdoutLine: {'line': b'[ 80%] \x1b[32mBuilding CXX object CMakeFiles/base_msgs__rosidl_typesupport_introspection_cpp.dir/rosidl_typesupport_introspection_cpp/base_msgs/msg/detail/plot_info__type_support.cpp.o\x1b[0m\n'}
[8.002752] (base_msgs) StdoutLine: {'line': b'[ 81%] \x1b[32mBuilding CXX object CMakeFiles/base_msgs__rosidl_typesupport_fastrtps_cpp.dir/rosidl_typesupport_fastrtps_cpp/base_msgs/msg/detail/dds_fastrtps/obs_info__type_support.cpp.o\x1b[0m\n'}
[8.007577] (base_msgs) StdoutLine: {'line': b'[ 82%] \x1b[32mBuilding CXX object CMakeFiles/base_msgs__rosidl_typesupport_fastrtps_cpp.dir/rosidl_typesupport_fastrtps_cpp/base_msgs/msg/detail/dds_fastrtps/plot_info__type_support.cpp.o\x1b[0m\n'}
[8.023407] (-) TimerEvent: {}
[8.123733] (-) TimerEvent: {}
[8.127299] (base_msgs) StdoutLine: {'line': b'[ 83%] \x1b[32m\x1b[1mLinking CXX shared library libbase_msgs__rosidl_typesupport_fastrtps_c.so\x1b[0m\n'}
[8.202743] (base_msgs) StdoutLine: {'line': b'[ 83%] Built target base_msgs__rosidl_typesupport_fastrtps_c\n'}
[8.223844] (-) TimerEvent: {}
[8.324168] (-) TimerEvent: {}
[8.424453] (-) TimerEvent: {}
[8.517001] (base_msgs) StdoutLine: {'line': b'[ 84%] \x1b[32m\x1b[1mLinking CXX shared library libbase_msgs__rosidl_typesupport_introspection_cpp.so\x1b[0m\n'}
[8.524584] (-) TimerEvent: {}
[8.549874] (base_msgs) StdoutLine: {'line': b'[ 84%] \x1b[32m\x1b[1mLinking CXX shared library libbase_msgs__rosidl_typesupport_fastrtps_cpp.so\x1b[0m\n'}
[8.587230] (base_msgs) StdoutLine: {'line': b'[ 84%] Built target base_msgs__rosidl_typesupport_introspection_cpp\n'}
[8.613685] (base_msgs) StdoutLine: {'line': b'[ 84%] Built target base_msgs__rosidl_typesupport_fastrtps_cpp\n'}
[8.620402] (base_msgs) StdoutLine: {'line': b'[ 84%] Built target base_msgs\n'}
[8.624655] (-) TimerEvent: {}
[8.628061] (base_msgs) StdoutLine: {'line': b'[ 85%] \x1b[34m\x1b[1mGenerating Python code for ROS interfaces\x1b[0m\n'}
[8.724775] (-) TimerEvent: {}
[8.825014] (-) TimerEvent: {}
[8.925254] (-) TimerEvent: {}
[9.025485] (-) TimerEvent: {}
[9.125683] (-) TimerEvent: {}
[9.225918] (-) TimerEvent: {}
[9.326158] (-) TimerEvent: {}
[9.426361] (-) TimerEvent: {}
[9.526567] (-) TimerEvent: {}
[9.626806] (-) TimerEvent: {}
[9.727035] (-) TimerEvent: {}
[9.827207] (-) TimerEvent: {}
[9.927479] (-) TimerEvent: {}
[10.027738] (-) TimerEvent: {}
[10.128008] (-) TimerEvent: {}
[10.228248] (-) TimerEvent: {}
[10.328476] (-) TimerEvent: {}
[10.428708] (-) TimerEvent: {}
[10.528946] (-) TimerEvent: {}
[10.629192] (-) TimerEvent: {}
[10.729394] (-) TimerEvent: {}
[10.829630] (-) TimerEvent: {}
[10.929832] (-) TimerEvent: {}
[11.030069] (-) TimerEvent: {}
[11.130252] (-) TimerEvent: {}
[11.230452] (-) TimerEvent: {}
[11.286773] (base_msgs) StdoutLine: {'line': b'[ 85%] Built target base_msgs__py\n'}
[11.294448] (base_msgs) StdoutLine: {'line': b'[ 86%] \x1b[32mBuilding C object CMakeFiles/base_msgs__rosidl_generator_py.dir/rosidl_generator_py/base_msgs/srv/_global_path_service_s.c.o\x1b[0m\n'}
[11.294646] (base_msgs) StdoutLine: {'line': b'[ 86%] \x1b[32mBuilding C object CMakeFiles/base_msgs__rosidl_generator_py.dir/rosidl_generator_py/base_msgs/srv/_pnc_map_service_s.c.o\x1b[0m\n'}
[11.294811] (base_msgs) StdoutLine: {'line': b'[ 87%] \x1b[32mBuilding C object CMakeFiles/base_msgs__rosidl_generator_py.dir/rosidl_generator_py/base_msgs/msg/_pnc_map_s.c.o\x1b[0m\n'}
[11.294918] (base_msgs) StdoutLine: {'line': b'[ 88%] \x1b[32mBuilding C object CMakeFiles/base_msgs__rosidl_generator_py.dir/rosidl_generator_py/base_msgs/msg/_referline_point_s.c.o\x1b[0m\n'}
[11.295058] (base_msgs) StdoutLine: {'line': b'[ 89%] \x1b[32mBuilding C object CMakeFiles/base_msgs__rosidl_generator_py.dir/rosidl_generator_py/base_msgs/msg/_referline_s.c.o\x1b[0m\n'}
[11.295272] (base_msgs) StdoutLine: {'line': b'[ 90%] \x1b[32mBuilding C object CMakeFiles/base_msgs__rosidl_generator_py.dir/rosidl_generator_py/base_msgs/msg/_local_path_point_s.c.o\x1b[0m\n'}
[11.295468] (base_msgs) StdoutLine: {'line': b'[ 91%] \x1b[32mBuilding C object CMakeFiles/base_msgs__rosidl_generator_py.dir/rosidl_generator_py/base_msgs/msg/_local_speeds_point_s.c.o\x1b[0m\n'}
[11.295692] (base_msgs) StdoutLine: {'line': b'[ 91%] \x1b[32mBuilding C object CMakeFiles/base_msgs__rosidl_generator_py.dir/rosidl_generator_py/base_msgs/msg/_local_path_s.c.o\x1b[0m\n'}
[11.295984] (base_msgs) StdoutLine: {'line': b'[ 93%] \x1b[32mBuilding C object CMakeFiles/base_msgs__rosidl_generator_py.dir/rosidl_generator_py/base_msgs/msg/_local_speeds_s.c.o\x1b[0m\n'}
[11.296132] (base_msgs) StdoutLine: {'line': b'[ 93%] \x1b[32mBuilding C object CMakeFiles/base_msgs__rosidl_generator_py.dir/rosidl_generator_py/base_msgs/msg/_local_trajectory_point_s.c.o\x1b[0m\n'}
[11.296353] (base_msgs) StdoutLine: {'line': b'[ 94%] \x1b[32mBuilding C object CMakeFiles/base_msgs__rosidl_generator_py.dir/rosidl_generator_py/base_msgs/msg/_local_trajectory_s.c.o\x1b[0m\n'}
[11.302309] (base_msgs) StdoutLine: {'line': b'[ 94%] \x1b[32mBuilding C object CMakeFiles/base_msgs__rosidl_generator_py.dir/rosidl_generator_py/base_msgs/msg/_obs_info_s.c.o\x1b[0m\n'}
[11.330564] (-) TimerEvent: {}
[11.430861] (-) TimerEvent: {}
[11.449732] (base_msgs) StdoutLine: {'line': b'[ 95%] \x1b[32mBuilding C object CMakeFiles/base_msgs__rosidl_generator_py.dir/rosidl_generator_py/base_msgs/msg/_plot_info_s.c.o\x1b[0m\n'}
[11.530972] (-) TimerEvent: {}
[11.539248] (base_msgs) StdoutLine: {'line': b'[ 96%] \x1b[32m\x1b[1mLinking C shared library rosidl_generator_py/base_msgs/libbase_msgs__rosidl_generator_py.so\x1b[0m\n'}
[11.569196] (base_msgs) StdoutLine: {'line': b'[ 96%] Built target base_msgs__rosidl_generator_py\n'}
[11.576104] (base_msgs) StdoutLine: {'line': b'[ 97%] \x1b[32mBuilding C object CMakeFiles/base_msgs__rosidl_typesupport_fastrtps_c__pyext.dir/rosidl_generator_py/base_msgs/_base_msgs_s.ep.rosidl_typesupport_fastrtps_c.c.o\x1b[0m\n'}
[11.576373] (base_msgs) StdoutLine: {'line': b'[ 99%] \x1b[32mBuilding C object CMakeFiles/base_msgs__rosidl_typesupport_introspection_c__pyext.dir/rosidl_generator_py/base_msgs/_base_msgs_s.ep.rosidl_typesupport_introspection_c.c.o\x1b[0m\n'}
[11.576483] (base_msgs) StdoutLine: {'line': b'[ 99%] \x1b[32mBuilding C object CMakeFiles/base_msgs__rosidl_typesupport_c__pyext.dir/rosidl_generator_py/base_msgs/_base_msgs_s.ep.rosidl_typesupport_c.c.o\x1b[0m\n'}
[11.631103] (-) TimerEvent: {}
[11.701710] (base_msgs) StdoutLine: {'line': b'[ 99%] \x1b[32m\x1b[1mLinking C shared library rosidl_generator_py/base_msgs/base_msgs_s__rosidl_typesupport_c.cpython-310-x86_64-linux-gnu.so\x1b[0m\n'}
[11.702018] (base_msgs) StdoutLine: {'line': b'[ 99%] \x1b[32m\x1b[1mLinking C shared library rosidl_generator_py/base_msgs/base_msgs_s__rosidl_typesupport_fastrtps_c.cpython-310-x86_64-linux-gnu.so\x1b[0m\n'}
[11.702575] (base_msgs) StdoutLine: {'line': b'[100%] \x1b[32m\x1b[1mLinking C shared library rosidl_generator_py/base_msgs/base_msgs_s__rosidl_typesupport_introspection_c.cpython-310-x86_64-linux-gnu.so\x1b[0m\n'}
[11.731206] (-) TimerEvent: {}
[11.733556] (base_msgs) StdoutLine: {'line': b'[100%] Built target base_msgs__rosidl_typesupport_c__pyext\n'}
[11.733735] (base_msgs) StdoutLine: {'line': b'[100%] Built target base_msgs__rosidl_typesupport_fastrtps_c__pyext\n'}
[11.734487] (base_msgs) StdoutLine: {'line': b'[100%] Built target base_msgs__rosidl_typesupport_introspection_c__pyext\n'}
[11.739458] (base_msgs) CommandEnded: {'returncode': 0}
[11.740228] (base_msgs) JobProgress: {'identifier': 'base_msgs', 'progress': 'install'}
[11.742835] (base_msgs) Command: {'cmd': ['/usr/local/bin/cmake', '--install', '/home/abc/planning_with_ros2/build/base_msgs'], 'cwd': '/home/abc/planning_with_ros2/build/base_msgs', 'env': OrderedDict([('GJS_DEBUG_TOPICS', 'JS ERROR;JS LOG'), ('PYTHON_BASIC_REPL', '1'), ('LESSOPEN', '| /usr/bin/lesspipe %s'), ('LANGUAGE', 'en_US:en'), ('TENSORRT_DIR', '/home/abc/TensorRT-8.6'), ('USER', 'abc'), ('LC_TIME', 'zh_CN.UTF-8'), ('XDG_SESSION_TYPE', 'x11'), ('GIT_ASKPASS', '/usr/share/code/resources/app/extensions/git/dist/askpass.sh'), ('SHLVL', '1'), ('LD_LIBRARY_PATH', '/usr/local/cuda-11.8/lib64:/home/abc/planning_with_ros2/install/planning/lib:/usr/local/cuda-11.8/lib64:/home/abc/planning_with_ros2/install/planning/lib:/home/abc/planning_with_ros2/install/planning/lib:/home/abc/planning_with_ros2/install/base_msgs/lib:/home/abc/perception_with_ros2/install/perception/lib:/home/abc/perception_with_ros2/install/base_msgs_per/lib:/usr/lib/x86_64-linux-gnu/gazebo-11/plugins:/opt/ros/humble/opt/rviz_ogre_vendor/lib:/opt/ros/humble/lib/x86_64-linux-gnu:/opt/ros/humble/lib:/home/abc/TensorRT-8.6/lib:/home/abc/TensorRT-8.6/lib'), ('HOME', '/home/abc'), ('CHROME_DESKTOP', 'code.desktop'), ('TERM_PROGRAM_VERSION', '1.108.2'), ('DESKTOP_SESSION', 'ubuntu'), ('GIO_LAUNCHED_DESKTOP_FILE', '/usr/share/applications/code.desktop'), ('ROS_PYTHON_VERSION', '3'), ('GNOME_SHELL_SESSION_MODE', 'ubuntu'), ('GTK_MODULES', 'gail:atk-bridge'), ('VSCODE_GIT_ASKPASS_MAIN', '/usr/share/code/resources/app/extensions/git/dist/askpass-main.js'), ('LC_MONETARY', 'zh_CN.UTF-8'), ('VSCODE_GIT_ASKPASS_NODE', '/usr/share/code/code'), ('MANAGERPID', '1130'), ('PYDEVD_DISABLE_FILE_VALIDATION', '1'), ('SYSTEMD_EXEC_PID', '1595'), ('BUNDLED_DEBUGPY_PATH', '/home/abc/.vscode/extensions/ms-python.debugpy-2025.18.0-linux-x64/bundled/libs/debugpy'), ('VSCODE_PYTHON_AUTOACTIVATE_GUARD', '1'), ('DBUS_SESSION_BUS_ADDRESS', 'unix:path=/run/user/1000/bus'), ('COLORTERM', 'truecolor'), ('GIO_LAUNCHED_DESKTOP_FILE_PID', '7523'), ('COLCON_PREFIX_PATH', '/home/abc/planning_with_ros2/install:/home/abc/perception_with_ros2/install'), ('ROS_DISTRO', 'humble'), ('GTK_IM_MODULE', 'ibus'), ('LOGNAME', 'abc'), ('JOURNAL_STREAM', '8:6989'), ('_', '/usr/bin/colcon'), ('ROS_VERSION', '2'), ('XDG_SESSION_CLASS', 'user'), ('USERNAME', 'abc'), ('TERM', 'xterm-256color'), ('GNOME_DESKTOP_SESSION_ID', 'this-is-deprecated'), ('ROS2_PLANNING_COURSE_INSTALL', '/home/abc/planning_with_ros2/install'), ('FC_FONTATIONS', '1'), ('ROS_LOCALHOST_ONLY', '0'), ('WINDOWPATH', '2'), ('PATH', '/usr/local/cuda-11.8/bin:/home/abc/.config/Code/User/globalStorage/github.copilot-chat/debugCommand:/home/abc/.config/Code/User/globalStorage/github.copilot-chat/copilotCli:/usr/local/cuda-11.8/bin:/opt/ros/humble/bin:/usr/local/sbin:/usr/local/bin:/usr/sbin:/usr/bin:/sbin:/bin:/usr/games:/usr/local/games:/snap/bin:/snap/bin:/home/abc/.vscode/extensions/ms-python.debugpy-2025.18.0-linux-x64/bundled/scripts/noConfigScripts'), ('SESSION_MANAGER', 'local/abc-G3-3500:@/tmp/.ICE-unix/1554,unix/abc-G3-3500:/tmp/.ICE-unix/1554'), ('INVOCATION_ID', 'f3a9f1252eb845459ae16b5ad8fdee6d'), ('PAPERSIZE', 'a4'), ('XDG_MENU_PREFIX', 'gnome-'), ('LC_ADDRESS', 'zh_CN.UTF-8'), ('XDG_RUNTIME_DIR', '/run/user/1000'), ('GDK_BACKEND', 'x11'), ('DISPLAY', ':0'), ('VSCODE_DEBUGPY_ADAPTER_ENDPOINTS', '/home/abc/.vscode/extensions/ms-python.debugpy-2025.18.0-linux-x64/.noConfigDebugAdapterEndpoints/endpoint-73f3b4a0a422bf73.txt'), ('LANG', 'en_US.UTF-8'), ('XDG_CURRENT_DESKTOP', 'ubuntu:GNOME'), ('PYTHONSTARTUP', '/home/abc/.config/Code/User/workspaceStorage/4efd6db52f1c03b4cb1fb614d5084a17/ms-python.python/pythonrc.py'), ('LC_TELEPHONE', 'zh_CN.UTF-8'), ('XMODIFIERS', '@im=ibus'), ('XDG_SESSION_DESKTOP', 'ubuntu'), ('XAUTHORITY', '/run/user/1000/gdm/Xauthority'), ('LS_COLORS', 'rs=0:di=01;34:ln=01;36:mh=00:pi=40;33:so=01;35:do=01;35:bd=40;33;01:cd=40;33;01:or=40;31;01:mi=00:su=37;41:sg=30;43:ca=30;41:tw=30;42:ow=34;42:st=37;44:ex=01;32:*.tar=01;31:*.tgz=01;31:*.arc=01;31:*.arj=01;31:*.taz=01;31:*.lha=01;31:*.lz4=01;31:*.lzh=01;31:*.lzma=01;31:*.tlz=01;31:*.txz=01;31:*.tzo=01;31:*.t7z=01;31:*.zip=01;31:*.z=01;31:*.dz=01;31:*.gz=01;31:*.lrz=01;31:*.lz=01;31:*.lzo=01;31:*.xz=01;31:*.zst=01;31:*.tzst=01;31:*.bz2=01;31:*.bz=01;31:*.tbz=01;31:*.tbz2=01;31:*.tz=01;31:*.deb=01;31:*.rpm=01;31:*.jar=01;31:*.war=01;31:*.ear=01;31:*.sar=01;31:*.rar=01;31:*.alz=01;31:*.ace=01;31:*.zoo=01;31:*.cpio=01;31:*.7z=01;31:*.rz=01;31:*.cab=01;31:*.wim=01;31:*.swm=01;31:*.dwm=01;31:*.esd=01;31:*.jpg=01;35:*.jpeg=01;35:*.mjpg=01;35:*.mjpeg=01;35:*.gif=01;35:*.bmp=01;35:*.pbm=01;35:*.pgm=01;35:*.ppm=01;35:*.tga=01;35:*.xbm=01;35:*.xpm=01;35:*.tif=01;35:*.tiff=01;35:*.png=01;35:*.svg=01;35:*.svgz=01;35:*.mng=01;35:*.pcx=01;35:*.mov=01;35:*.mpg=01;35:*.mpeg=01;35:*.m2v=01;35:*.mkv=01;35:*.webm=01;35:*.webp=01;35:*.ogm=01;35:*.mp4=01;35:*.m4v=01;35:*.mp4v=01;35:*.vob=01;35:*.qt=01;35:*.nuv=01;35:*.wmv=01;35:*.asf=01;35:*.rm=01;35:*.rmvb=01;35:*.flc=01;35:*.avi=01;35:*.fli=01;35:*.flv=01;35:*.gl=01;35:*.dl=01;35:*.xcf=01;35:*.xwd=01;35:*.yuv=01;35:*.cgm=01;35:*.emf=01;35:*.ogv=01;35:*.ogx=01;35:*.aac=00;36:*.au=00;36:*.flac=00;36:*.m4a=00;36:*.mid=00;36:*.midi=00;36:*.mka=00;36:*.mp3=00;36:*.mpc=00;36:*.ogg=00;36:*.ra=00;36:*.wav=00;36:*.oga=00;36:*.opus=00;36:*.spx=00;36:*.xspf=00;36:'), ('VSCODE_GIT_IPC_HANDLE', '/run/user/1000/vscode-git-c59a044dc2.sock'), ('TERM_PROGRAM', 'vscode'), ('SSH_AGENT_LAUNCHER', 'gnome-keyring'), ('SSH_AUTH_SOCK', '/run/user/1000/keyring/ssh'), ('ROS_DOMAIN_ID', '2'), ('AMENT_PREFIX_PATH', '/home/abc/planning_with_ros2/install/planning:/home/abc/planning_with_ros2/install/data_plot:/home/abc/planning_with_ros2/install/base_msgs:/home/abc/perception_with_ros2/install/perception:/home/abc/perception_with_ros2/install/data_plot_per:/home/abc/perception_with_ros2/install/base_msgs_per:/opt/ros/humble'), ('SHELL', '/bin/bash'), ('LC_NAME', 'zh_CN.UTF-8'), ('QT_ACCESSIBILITY', '1'), ('GDMSESSION', 'ubuntu'), ('LESSCLOSE', '/usr/bin/lesspipe %s %s'), ('LC_MEASUREMENT', 'zh_CN.UTF-8'), ('GPG_AGENT_INFO', '/run/user/1000/gnupg/S.gpg-agent:0:1'), ('GJS_DEBUG_OUTPUT', 'stderr'), ('LC_IDENTIFICATION', 'zh_CN.UTF-8'), ('VSCODE_GIT_ASKPASS_EXTRA_ARGS', ''), ('QT_IM_MODULE', 'ibus'), ('PWD', '/home/abc/planning_with_ros2/build/base_msgs'), ('LC_ALL', 'en_US.UTF-8'), ('XDG_CONFIG_DIRS', '/etc/xdg/xdg-ubuntu:/etc/xdg'), ('XDG_DATA_DIRS', '/usr/share/ubuntu:/usr/share/gnome:/usr/local/share/:/usr/share/:/var/lib/snapd/desktop'), ('PYTHONPATH', '/home/abc/planning_with_ros2/install/data_plot/lib/python3.10/site-packages:/home/abc/planning_with_ros2/install/base_msgs/local/lib/python3.10/dist-packages:/home/abc/perception_with_ros2/install/data_plot_per/lib/python3.10/site-packages:/home/abc/perception_with_ros2/install/base_msgs_per/local/lib/python3.10/dist-packages:/opt/ros/humble/lib/python3.10/site-packages:/opt/ros/humble/local/lib/python3.10/dist-packages'), ('LC_NUMERIC', 'zh_CN.UTF-8'), ('LC_PAPER', 'zh_CN.UTF-8'), ('COLCON', '1'), ('CMAKE_PREFIX_PATH', '/home/abc/planning_with_ros2/install/planning:/home/abc/planning_with_ros2/install/base_msgs:/home/abc/perception_with_ros2/install/perception:/home/abc/perception_with_ros2/install/base_msgs_per:/home/abc/planning_with_ros2/install/data_plot:/home/abc/perception_with_ros2/install/data_plot_per:/opt/ros/humble')]), 'shell': False}
[11.745625] (base_msgs) StdoutLine: {'line': b'-- Install configuration: ""\n'}
[11.745808] (base_msgs) StdoutLine: {'line': b'-- Installing: /home/abc/planning_with_ros2/install/base_msgs/share/ament_index/resource_index/rosidl_interfaces/base_msgs\n'}
[11.745937] (base_msgs) StdoutLine: {'line': b'-- Installing: /home/abc/planning_with_ros2/install/base_msgs/include/base_msgs/base_msgs\n'}
[11.746029] (base_msgs) StdoutLine: {'line': b'-- Installing: /home/abc/planning_with_ros2/install/base_msgs/include/base_msgs/base_msgs/msg\n'}
[11.746112] (base_msgs) StdoutLine: {'line': b'-- Installing: /home/abc/planning_with_ros2/install/base_msgs/include/base_msgs/base_msgs/msg/pnc_map.h\n'}
[11.746198] (base_msgs) StdoutLine: {'line': b'-- Installing: /home/abc/planning_with_ros2/install/base_msgs/include/base_msgs/base_msgs/msg/local_trajectory_point.h\n'}
[11.746286] (base_msgs) StdoutLine: {'line': b'-- Installing: /home/abc/planning_with_ros2/install/base_msgs/include/base_msgs/base_msgs/msg/plot_info.h\n'}
[11.746360] (base_msgs) StdoutLine: {'line': b'-- Installing: /home/abc/planning_with_ros2/install/base_msgs/include/base_msgs/base_msgs/msg/rosidl_generator_c__visibility_control.h\n'}
[11.746466] (base_msgs) StdoutLine: {'line': b'-- Installing: /home/abc/planning_with_ros2/install/base_msgs/include/base_msgs/base_msgs/msg/local_path.h\n'}
[11.746542] (base_msgs) StdoutLine: {'line': b'-- Installing: /home/abc/planning_with_ros2/install/base_msgs/include/base_msgs/base_msgs/msg/detail\n'}
[11.746648] (base_msgs) StdoutLine: {'line': b'-- Installing: /home/abc/planning_with_ros2/install/base_msgs/include/base_msgs/base_msgs/msg/detail/obs_info__type_support.h\n'}
[11.746741] (base_msgs) StdoutLine: {'line': b'-- Installing: /home/abc/planning_with_ros2/install/base_msgs/include/base_msgs/base_msgs/msg/detail/local_speeds__functions.c\n'}
[11.746819] (base_msgs) StdoutLine: {'line': b'-- Installing: /home/abc/planning_with_ros2/install/base_msgs/include/base_msgs/base_msgs/msg/detail/local_speeds_point__struct.h\n'}
[11.746877] (base_msgs) StdoutLine: {'line': b'-- Installing: /home/abc/planning_with_ros2/install/base_msgs/include/base_msgs/base_msgs/msg/detail/referline_point__type_support.h\n'}
[11.746960] (base_msgs) StdoutLine: {'line': b'-- Installing: /home/abc/planning_with_ros2/install/base_msgs/include/base_msgs/base_msgs/msg/detail/obs_info__struct.h\n'}
[11.747021] (base_msgs) StdoutLine: {'line': b'-- Installing: /home/abc/planning_with_ros2/install/base_msgs/include/base_msgs/base_msgs/msg/detail/referline__struct.h\n'}
[11.747099] (base_msgs) StdoutLine: {'line': b'-- Installing: /home/abc/planning_with_ros2/install/base_msgs/include/base_msgs/base_msgs/msg/detail/local_speeds__functions.h\n'}
[11.747176] (base_msgs) StdoutLine: {'line': b'-- Installing: /home/abc/planning_with_ros2/install/base_msgs/include/base_msgs/base_msgs/msg/detail/local_path_point__functions.h\n'}
[11.747238] (base_msgs) StdoutLine: {'line': b'-- Installing: /home/abc/planning_with_ros2/install/base_msgs/include/base_msgs/base_msgs/msg/detail/pnc_map__struct.h\n'}
[11.747319] (base_msgs) StdoutLine: {'line': b'-- Installing: /home/abc/planning_with_ros2/install/base_msgs/include/base_msgs/base_msgs/msg/detail/plot_info__struct.h\n'}
[11.747375] (base_msgs) StdoutLine: {'line': b'-- Installing: /home/abc/planning_with_ros2/install/base_msgs/include/base_msgs/base_msgs/msg/detail/local_path_point__struct.h\n'}
[11.747450] (base_msgs) StdoutLine: {'line': b'-- Installing: /home/abc/planning_with_ros2/install/base_msgs/include/base_msgs/base_msgs/msg/detail/local_path__struct.h\n'}
[11.747525] (base_msgs) StdoutLine: {'line': b'-- Installing: /home/abc/planning_with_ros2/install/base_msgs/include/base_msgs/base_msgs/msg/detail/obs_info__functions.h\n'}
[11.747598] (base_msgs) StdoutLine: {'line': b'-- Installing: /home/abc/planning_with_ros2/install/base_msgs/include/base_msgs/base_msgs/msg/detail/obs_info__functions.c\n'}
[11.747672] (base_msgs) StdoutLine: {'line': b'-- Installing: /home/abc/planning_with_ros2/install/base_msgs/include/base_msgs/base_msgs/msg/detail/local_speeds__struct.h\n'}
[11.747746] (base_msgs) StdoutLine: {'line': b'-- Installing: /home/abc/planning_with_ros2/install/base_msgs/include/base_msgs/base_msgs/msg/detail/referline__functions.h\n'}
[11.747822] (base_msgs) StdoutLine: {'line': b'-- Installing: /home/abc/planning_with_ros2/install/base_msgs/include/base_msgs/base_msgs/msg/detail/local_trajectory__type_support.h\n'}
[11.747897] (base_msgs) StdoutLine: {'line': b'-- Installing: /home/abc/planning_with_ros2/install/base_msgs/include/base_msgs/base_msgs/msg/detail/local_trajectory__functions.h\n'}
[11.747971] (base_msgs) StdoutLine: {'line': b'-- Installing: /home/abc/planning_with_ros2/install/base_msgs/include/base_msgs/base_msgs/msg/detail/local_path_point__type_support.h\n'}
[11.748046] (base_msgs) StdoutLine: {'line': b'-- Installing: /home/abc/planning_with_ros2/install/base_msgs/include/base_msgs/base_msgs/msg/detail/local_path_point__functions.c\n'}
[11.748118] (base_msgs) StdoutLine: {'line': b'-- Installing: /home/abc/planning_with_ros2/install/base_msgs/include/base_msgs/base_msgs/msg/detail/referline__type_support.h\n'}
[11.748208] (base_msgs) StdoutLine: {'line': b'-- Installing: /home/abc/planning_with_ros2/install/base_msgs/include/base_msgs/base_msgs/msg/detail/local_trajectory_point__functions.c\n'}
[11.748289] (base_msgs) StdoutLine: {'line': b'-- Installing: /home/abc/planning_with_ros2/install/base_msgs/include/base_msgs/base_msgs/msg/detail/local_trajectory_point__functions.h\n'}
[11.748373] (base_msgs) StdoutLine: {'line': b'-- Installing: /home/abc/planning_with_ros2/install/base_msgs/include/base_msgs/base_msgs/msg/detail/local_path__functions.h\n'}
[11.748450] (base_msgs) StdoutLine: {'line': b'-- Installing: /home/abc/planning_with_ros2/install/base_msgs/include/base_msgs/base_msgs/msg/detail/pnc_map__functions.c\n'}
[11.748530] (base_msgs) StdoutLine: {'line': b'-- Installing: /home/abc/planning_with_ros2/install/base_msgs/include/base_msgs/base_msgs/msg/detail/referline__functions.c\n'}
[11.748607] (base_msgs) StdoutLine: {'line': b'-- Installing: /home/abc/planning_with_ros2/install/base_msgs/include/base_msgs/base_msgs/msg/detail/referline_point__struct.h\n'}
[11.748688] (base_msgs) StdoutLine: {'line': b'-- Installing: /home/abc/planning_with_ros2/install/base_msgs/include/base_msgs/base_msgs/msg/detail/local_trajectory__struct.h\n'}
[11.748766] (base_msgs) StdoutLine: {'line': b'-- Installing: /home/abc/planning_with_ros2/install/base_msgs/include/base_msgs/base_msgs/msg/detail/local_speeds_point__type_support.h\n'}
[11.748841] (base_msgs) StdoutLine: {'line': b'-- Installing: /home/abc/planning_with_ros2/install/base_msgs/include/base_msgs/base_msgs/msg/detail/local_speeds_point__functions.h\n'}
[11.748921] (base_msgs) StdoutLine: {'line': b'-- Installing: /home/abc/planning_with_ros2/install/base_msgs/include/base_msgs/base_msgs/msg/detail/local_trajectory_point__struct.h\n'}
[11.748998] (base_msgs) StdoutLine: {'line': b'-- Installing: /home/abc/planning_with_ros2/install/base_msgs/include/base_msgs/base_msgs/msg/detail/local_path__functions.c\n'}
[11.749077] (base_msgs) StdoutLine: {'line': b'-- Installing: /home/abc/planning_with_ros2/install/base_msgs/include/base_msgs/base_msgs/msg/detail/plot_info__functions.c\n'}
[11.749162] (base_msgs) StdoutLine: {'line': b'-- Installing: /home/abc/planning_with_ros2/install/base_msgs/include/base_msgs/base_msgs/msg/detail/local_trajectory__functions.c\n'}
[11.749260] (base_msgs) StdoutLine: {'line': b'-- Installing: /home/abc/planning_with_ros2/install/base_msgs/include/base_msgs/base_msgs/msg/detail/local_speeds__type_support.h\n'}
[11.749332] (base_msgs) StdoutLine: {'line': b'-- Installing: /home/abc/planning_with_ros2/install/base_msgs/include/base_msgs/base_msgs/msg/detail/plot_info__type_support.h\n'}
[11.749414] (base_msgs) StdoutLine: {'line': b'-- Installing: /home/abc/planning_with_ros2/install/base_msgs/include/base_msgs/base_msgs/msg/detail/referline_point__functions.c\n'}
[11.749487] (base_msgs) StdoutLine: {'line': b'-- Installing: /home/abc/planning_with_ros2/install/base_msgs/include/base_msgs/base_msgs/msg/detail/local_path__type_support.h\n'}
[11.749567] (base_msgs) StdoutLine: {'line': b'-- Installing: /home/abc/planning_with_ros2/install/base_msgs/include/base_msgs/base_msgs/msg/detail/plot_info__functions.h\n'}
[11.749646] (base_msgs) StdoutLine: {'line': b'-- Installing: /home/abc/planning_with_ros2/install/base_msgs/include/base_msgs/base_msgs/msg/detail/pnc_map__type_support.h\n'}
[11.749720] (base_msgs) StdoutLine: {'line': b'-- Installing: /home/abc/planning_with_ros2/install/base_msgs/include/base_msgs/base_msgs/msg/detail/pnc_map__functions.h\n'}
[11.749799] (base_msgs) StdoutLine: {'line': b'-- Installing: /home/abc/planning_with_ros2/install/base_msgs/include/base_msgs/base_msgs/msg/detail/local_trajectory_point__type_support.h\n'}
[11.749876] (base_msgs) StdoutLine: {'line': b'-- Installing: /home/abc/planning_with_ros2/install/base_msgs/include/base_msgs/base_msgs/msg/detail/local_speeds_point__functions.c\n'}
[11.749963] (base_msgs) StdoutLine: {'line': b'-- Installing: /home/abc/planning_with_ros2/install/base_msgs/include/base_msgs/base_msgs/msg/detail/referline_point__functions.h\n'}
[11.750040] (base_msgs) StdoutLine: {'line': b'-- Installing: /home/abc/planning_with_ros2/install/base_msgs/include/base_msgs/base_msgs/msg/referline_point.h\n'}
[11.750119] (base_msgs) StdoutLine: {'line': b'-- Installing: /home/abc/planning_with_ros2/install/base_msgs/include/base_msgs/base_msgs/msg/obs_info.h\n'}
[11.750211] (base_msgs) StdoutLine: {'line': b'-- Installing: /home/abc/planning_with_ros2/install/base_msgs/include/base_msgs/base_msgs/msg/referline.h\n'}
[11.750291] (base_msgs) StdoutLine: {'line': b'-- Installing: /home/abc/planning_with_ros2/install/base_msgs/include/base_msgs/base_msgs/msg/local_speeds_point.h\n'}
[11.750368] (base_msgs) StdoutLine: {'line': b'-- Installing: /home/abc/planning_with_ros2/install/base_msgs/include/base_msgs/base_msgs/msg/local_speeds.h\n'}
[11.750445] (base_msgs) StdoutLine: {'line': b'-- Installing: /home/abc/planning_with_ros2/install/base_msgs/include/base_msgs/base_msgs/msg/local_trajectory.h\n'}
[11.750522] (base_msgs) StdoutLine: {'line': b'-- Installing: /home/abc/planning_with_ros2/install/base_msgs/include/base_msgs/base_msgs/msg/local_path_point.h\n'}
[11.750595] (base_msgs) StdoutLine: {'line': b'-- Installing: /home/abc/planning_with_ros2/install/base_msgs/include/base_msgs/base_msgs/srv\n'}
[11.750672] (base_msgs) StdoutLine: {'line': b'-- Installing: /home/abc/planning_with_ros2/install/base_msgs/include/base_msgs/base_msgs/srv/detail\n'}
[11.750749] (base_msgs) StdoutLine: {'line': b'-- Installing: /home/abc/planning_with_ros2/install/base_msgs/include/base_msgs/base_msgs/srv/detail/global_path_service__functions.h\n'}
[11.750826] (base_msgs) StdoutLine: {'line': b'-- Installing: /home/abc/planning_with_ros2/install/base_msgs/include/base_msgs/base_msgs/srv/detail/pnc_map_service__struct.h\n'}
[11.750903] (base_msgs) StdoutLine: {'line': b'-- Installing: /home/abc/planning_with_ros2/install/base_msgs/include/base_msgs/base_msgs/srv/detail/pnc_map_service__functions.c\n'}
[11.750981] (base_msgs) StdoutLine: {'line': b'-- Installing: /home/abc/planning_with_ros2/install/base_msgs/include/base_msgs/base_msgs/srv/detail/global_path_service__type_support.h\n'}
[11.751058] (base_msgs) StdoutLine: {'line': b'-- Installing: /home/abc/planning_with_ros2/install/base_msgs/include/base_msgs/base_msgs/srv/detail/global_path_service__struct.h\n'}
[11.751137] (base_msgs) StdoutLine: {'line': b'-- Installing: /home/abc/planning_with_ros2/install/base_msgs/include/base_msgs/base_msgs/srv/detail/pnc_map_service__type_support.h\n'}
[11.751225] (base_msgs) StdoutLine: {'line': b'-- Installing: /home/abc/planning_with_ros2/install/base_msgs/include/base_msgs/base_msgs/srv/detail/global_path_service__functions.c\n'}
[11.751297] (base_msgs) StdoutLine: {'line': b'-- Installing: /home/abc/planning_with_ros2/install/base_msgs/include/base_msgs/base_msgs/srv/detail/pnc_map_service__functions.h\n'}
[11.751370] (base_msgs) StdoutLine: {'line': b'-- Installing: /home/abc/planning_with_ros2/install/base_msgs/include/base_msgs/base_msgs/srv/pnc_map_service.h\n'}
[11.751443] (base_msgs) StdoutLine: {'line': b'-- Installing: /home/abc/planning_with_ros2/install/base_msgs/include/base_msgs/base_msgs/srv/global_path_service.h\n'}
[11.751595] (base_msgs) StdoutLine: {'line': b'-- Installing: /home/abc/planning_with_ros2/install/base_msgs/share/base_msgs/environment/library_path.sh\n'}
[11.751702] (base_msgs) StdoutLine: {'line': b'-- Installing: /home/abc/planning_with_ros2/install/base_msgs/share/base_msgs/environment/library_path.dsv\n'}
[11.751864] (base_msgs) StdoutLine: {'line': b'-- Installing: /home/abc/planning_with_ros2/install/base_msgs/lib/libbase_msgs__rosidl_generator_c.so\n'}
[11.752185] (base_msgs) StdoutLine: {'line': b'-- Set non-toolchain portion of runtime path of "/home/abc/planning_with_ros2/install/base_msgs/lib/libbase_msgs__rosidl_generator_c.so" to ""\n'}
[11.752274] (base_msgs) StdoutLine: {'line': b'-- Up-to-date: /home/abc/planning_with_ros2/install/base_msgs/include/base_msgs/base_msgs\n'}
[11.752359] (base_msgs) StdoutLine: {'line': b'-- Up-to-date: /home/abc/planning_with_ros2/install/base_msgs/include/base_msgs/base_msgs/msg\n'}
[11.752436] (base_msgs) StdoutLine: {'line': b'-- Installing: /home/abc/planning_with_ros2/install/base_msgs/include/base_msgs/base_msgs/msg/rosidl_typesupport_fastrtps_c__visibility_control.h\n'}
[11.752494] (base_msgs) StdoutLine: {'line': b'-- Up-to-date: /home/abc/planning_with_ros2/install/base_msgs/include/base_msgs/base_msgs/msg/detail\n'}
[11.752581] (base_msgs) StdoutLine: {'line': b'-- Installing: /home/abc/planning_with_ros2/install/base_msgs/include/base_msgs/base_msgs/msg/detail/obs_info__rosidl_typesupport_fastrtps_c.h\n'}
[11.752639] (base_msgs) StdoutLine: {'line': b'-- Installing: /home/abc/planning_with_ros2/install/base_msgs/include/base_msgs/base_msgs/msg/detail/local_trajectory_point__rosidl_typesupport_fastrtps_c.h\n'}
[11.752702] (base_msgs) StdoutLine: {'line': b'-- Installing: /home/abc/planning_with_ros2/install/base_msgs/include/base_msgs/base_msgs/msg/detail/local_speeds__rosidl_typesupport_fastrtps_c.h\n'}
[11.752822] (base_msgs) StdoutLine: {'line': b'-- Installing: /home/abc/planning_with_ros2/install/base_msgs/include/base_msgs/base_msgs/msg/detail/local_speeds_point__rosidl_typesupport_fastrtps_c.h\n'}
[11.752890] (base_msgs) StdoutLine: {'line': b'-- Installing: /home/abc/planning_with_ros2/install/base_msgs/include/base_msgs/base_msgs/msg/detail/plot_info__rosidl_typesupport_fastrtps_c.h\n'}
[11.752979] (base_msgs) StdoutLine: {'line': b'-- Installing: /home/abc/planning_with_ros2/install/base_msgs/include/base_msgs/base_msgs/msg/detail/local_trajectory__rosidl_typesupport_fastrtps_c.h\n'}
[11.753065] (base_msgs) StdoutLine: {'line': b'-- Installing: /home/abc/planning_with_ros2/install/base_msgs/include/base_msgs/base_msgs/msg/detail/local_path_point__rosidl_typesupport_fastrtps_c.h\n'}
[11.753159] (base_msgs) StdoutLine: {'line': b'-- Installing: /home/abc/planning_with_ros2/install/base_msgs/include/base_msgs/base_msgs/msg/detail/referline_point__rosidl_typesupport_fastrtps_c.h\n'}
[11.753227] (base_msgs) StdoutLine: {'line': b'-- Installing: /home/abc/planning_with_ros2/install/base_msgs/include/base_msgs/base_msgs/msg/detail/pnc_map__rosidl_typesupport_fastrtps_c.h\n'}
[11.753284] (base_msgs) StdoutLine: {'line': b'-- Installing: /home/abc/planning_with_ros2/install/base_msgs/include/base_msgs/base_msgs/msg/detail/referline__rosidl_typesupport_fastrtps_c.h\n'}
[11.753361] (base_msgs) StdoutLine: {'line': b'-- Installing: /home/abc/planning_with_ros2/install/base_msgs/include/base_msgs/base_msgs/msg/detail/local_path__rosidl_typesupport_fastrtps_c.h\n'}
[11.753457] (base_msgs) StdoutLine: {'line': b'-- Up-to-date: /home/abc/planning_with_ros2/install/base_msgs/include/base_msgs/base_msgs/srv\n'}
[11.753516] (base_msgs) StdoutLine: {'line': b'-- Up-to-date: /home/abc/planning_with_ros2/install/base_msgs/include/base_msgs/base_msgs/srv/detail\n'}
[11.753572] (base_msgs) StdoutLine: {'line': b'-- Installing: /home/abc/planning_with_ros2/install/base_msgs/include/base_msgs/base_msgs/srv/detail/pnc_map_service__rosidl_typesupport_fastrtps_c.h\n'}
[11.753629] (base_msgs) StdoutLine: {'line': b'-- Installing: /home/abc/planning_with_ros2/install/base_msgs/include/base_msgs/base_msgs/srv/detail/global_path_service__rosidl_typesupport_fastrtps_c.h\n'}
[11.753703] (base_msgs) StdoutLine: {'line': b'-- Installing: /home/abc/planning_with_ros2/install/base_msgs/lib/libbase_msgs__rosidl_typesupport_fastrtps_c.so\n'}
[11.753857] (base_msgs) StdoutLine: {'line': b'-- Set non-toolchain portion of runtime path of "/home/abc/planning_with_ros2/install/base_msgs/lib/libbase_msgs__rosidl_typesupport_fastrtps_c.so" to ""\n'}
[11.753926] (base_msgs) StdoutLine: {'line': b'-- Up-to-date: /home/abc/planning_with_ros2/install/base_msgs/include/base_msgs/base_msgs\n'}
[11.754017] (base_msgs) StdoutLine: {'line': b'-- Up-to-date: /home/abc/planning_with_ros2/install/base_msgs/include/base_msgs/base_msgs/msg\n'}
[11.754086] (base_msgs) StdoutLine: {'line': b'-- Installing: /home/abc/planning_with_ros2/install/base_msgs/include/base_msgs/base_msgs/msg/rosidl_typesupport_introspection_c__visibility_control.h\n'}
[11.754167] (base_msgs) StdoutLine: {'line': b'-- Up-to-date: /home/abc/planning_with_ros2/install/base_msgs/include/base_msgs/base_msgs/msg/detail\n'}
[11.754246] (base_msgs) StdoutLine: {'line': b'-- Installing: /home/abc/planning_with_ros2/install/base_msgs/include/base_msgs/base_msgs/msg/detail/local_trajectory__type_support.c\n'}
[11.754302] (base_msgs) StdoutLine: {'line': b'-- Installing: /home/abc/planning_with_ros2/install/base_msgs/include/base_msgs/base_msgs/msg/detail/local_path_point__rosidl_typesupport_introspection_c.h\n'}
[11.754384] (base_msgs) StdoutLine: {'line': b'-- Installing: /home/abc/planning_with_ros2/install/base_msgs/include/base_msgs/base_msgs/msg/detail/local_speeds_point__type_support.c\n'}
[11.754440] (base_msgs) StdoutLine: {'line': b'-- Installing: /home/abc/planning_with_ros2/install/base_msgs/include/base_msgs/base_msgs/msg/detail/referline__type_support.c\n'}
[11.754512] (base_msgs) StdoutLine: {'line': b'-- Installing: /home/abc/planning_with_ros2/install/base_msgs/include/base_msgs/base_msgs/msg/detail/pnc_map__rosidl_typesupport_introspection_c.h\n'}
[11.754588] (base_msgs) StdoutLine: {'line': b'-- Installing: /home/abc/planning_with_ros2/install/base_msgs/include/base_msgs/base_msgs/msg/detail/local_speeds_point__rosidl_typesupport_introspection_c.h\n'}
[11.754664] (base_msgs) StdoutLine: {'line': b'-- Installing: /home/abc/planning_with_ros2/install/base_msgs/include/base_msgs/base_msgs/msg/detail/local_trajectory__rosidl_typesupport_introspection_c.h\n'}
[11.754741] (base_msgs) StdoutLine: {'line': b'-- Installing: /home/abc/planning_with_ros2/install/base_msgs/include/base_msgs/base_msgs/msg/detail/local_speeds__type_support.c\n'}
[11.754815] (base_msgs) StdoutLine: {'line': b'-- Installing: /home/abc/planning_with_ros2/install/base_msgs/include/base_msgs/base_msgs/msg/detail/referline_point__type_support.c\n'}
[11.754891] (base_msgs) StdoutLine: {'line': b'-- Installing: /home/abc/planning_with_ros2/install/base_msgs/include/base_msgs/base_msgs/msg/detail/referline_point__rosidl_typesupport_introspection_c.h\n'}
[11.754966] (base_msgs) StdoutLine: {'line': b'-- Installing: /home/abc/planning_with_ros2/install/base_msgs/include/base_msgs/base_msgs/msg/detail/pnc_map__type_support.c\n'}
[11.755033] (base_msgs) StdoutLine: {'line': b'-- Installing: /home/abc/planning_with_ros2/install/base_msgs/include/base_msgs/base_msgs/msg/detail/referline__rosidl_typesupport_introspection_c.h\n'}
[11.755105] (base_msgs) StdoutLine: {'line': b'-- Installing: /home/abc/planning_with_ros2/install/base_msgs/include/base_msgs/base_msgs/msg/detail/local_trajectory_point__rosidl_typesupport_introspection_c.h\n'}
[11.755188] (base_msgs) StdoutLine: {'line': b'-- Installing: /home/abc/planning_with_ros2/install/base_msgs/include/base_msgs/base_msgs/msg/detail/obs_info__rosidl_typesupport_introspection_c.h\n'}
[11.755270] (base_msgs) StdoutLine: {'line': b'-- Installing: /home/abc/planning_with_ros2/install/base_msgs/include/base_msgs/base_msgs/msg/detail/obs_info__type_support.c\n'}
[11.755352] (base_msgs) StdoutLine: {'line': b'-- Installing: /home/abc/planning_with_ros2/install/base_msgs/include/base_msgs/base_msgs/msg/detail/local_path__type_support.c\n'}
[11.755440] (base_msgs) StdoutLine: {'line': b'-- Installing: /home/abc/planning_with_ros2/install/base_msgs/include/base_msgs/base_msgs/msg/detail/local_path_point__type_support.c\n'}
[11.755527] (base_msgs) StdoutLine: {'line': b'-- Installing: /home/abc/planning_with_ros2/install/base_msgs/include/base_msgs/base_msgs/msg/detail/local_trajectory_point__type_support.c\n'}
[11.755609] (base_msgs) StdoutLine: {'line': b'-- Installing: /home/abc/planning_with_ros2/install/base_msgs/include/base_msgs/base_msgs/msg/detail/plot_info__type_support.c\n'}
[11.755708] (base_msgs) StdoutLine: {'line': b'-- Installing: /home/abc/planning_with_ros2/install/base_msgs/include/base_msgs/base_msgs/msg/detail/local_speeds__rosidl_typesupport_introspection_c.h\n'}
[11.755793] (base_msgs) StdoutLine: {'line': b'-- Installing: /home/abc/planning_with_ros2/install/base_msgs/include/base_msgs/base_msgs/msg/detail/local_path__rosidl_typesupport_introspection_c.h\n'}
[11.755873] (base_msgs) StdoutLine: {'line': b'-- Installing: /home/abc/planning_with_ros2/install/base_msgs/include/base_msgs/base_msgs/msg/detail/plot_info__rosidl_typesupport_introspection_c.h\n'}
[11.755947] (base_msgs) StdoutLine: {'line': b'-- Up-to-date: /home/abc/planning_with_ros2/install/base_msgs/include/base_msgs/base_msgs/srv\n'}
[11.756031] (base_msgs) StdoutLine: {'line': b'-- Up-to-date: /home/abc/planning_with_ros2/install/base_msgs/include/base_msgs/base_msgs/srv/detail\n'}
[11.756089] (base_msgs) StdoutLine: {'line': b'-- Installing: /home/abc/planning_with_ros2/install/base_msgs/include/base_msgs/base_msgs/srv/detail/global_path_service__type_support.c\n'}
[11.756177] (base_msgs) StdoutLine: {'line': b'-- Installing: /home/abc/planning_with_ros2/install/base_msgs/include/base_msgs/base_msgs/srv/detail/global_path_service__rosidl_typesupport_introspection_c.h\n'}
[11.756255] (base_msgs) StdoutLine: {'line': b'-- Installing: /home/abc/planning_with_ros2/install/base_msgs/include/base_msgs/base_msgs/srv/detail/pnc_map_service__rosidl_typesupport_introspection_c.h\n'}
[11.756310] (base_msgs) StdoutLine: {'line': b'-- Installing: /home/abc/planning_with_ros2/install/base_msgs/include/base_msgs/base_msgs/srv/detail/pnc_map_service__type_support.c\n'}
[11.756381] (base_msgs) StdoutLine: {'line': b'-- Installing: /home/abc/planning_with_ros2/install/base_msgs/lib/libbase_msgs__rosidl_typesupport_introspection_c.so\n'}
[11.756663] (base_msgs) StdoutLine: {'line': b'-- Set non-toolchain portion of runtime path of "/home/abc/planning_with_ros2/install/base_msgs/lib/libbase_msgs__rosidl_typesupport_introspection_c.so" to ""\n'}
[11.756737] (base_msgs) StdoutLine: {'line': b'-- Installing: /home/abc/planning_with_ros2/install/base_msgs/lib/libbase_msgs__rosidl_typesupport_c.so\n'}
[11.756977] (base_msgs) StdoutLine: {'line': b'-- Set non-toolchain portion of runtime path of "/home/abc/planning_with_ros2/install/base_msgs/lib/libbase_msgs__rosidl_typesupport_c.so" to ""\n'}
[11.757055] (base_msgs) StdoutLine: {'line': b'-- Up-to-date: /home/abc/planning_with_ros2/install/base_msgs/include/base_msgs/base_msgs\n'}
[11.757114] (base_msgs) StdoutLine: {'line': b'-- Up-to-date: /home/abc/planning_with_ros2/install/base_msgs/include/base_msgs/base_msgs/msg\n'}
[11.757198] (base_msgs) StdoutLine: {'line': b'-- Installing: /home/abc/planning_with_ros2/install/base_msgs/include/base_msgs/base_msgs/msg/local_speeds.hpp\n'}
[11.757270] (base_msgs) StdoutLine: {'line': b'-- Installing: /home/abc/planning_with_ros2/install/base_msgs/include/base_msgs/base_msgs/msg/local_path_point.hpp\n'}
[11.757327] (base_msgs) StdoutLine: {'line': b'-- Up-to-date: /home/abc/planning_with_ros2/install/base_msgs/include/base_msgs/base_msgs/msg/detail\n'}
[11.757408] (base_msgs) StdoutLine: {'line': b'-- Installing: /home/abc/planning_with_ros2/install/base_msgs/include/base_msgs/base_msgs/msg/detail/pnc_map__traits.hpp\n'}
[11.757484] (base_msgs) StdoutLine: {'line': b'-- Installing: /home/abc/planning_with_ros2/install/base_msgs/include/base_msgs/base_msgs/msg/detail/local_trajectory_point__type_support.hpp\n'}
[11.757545] (base_msgs) StdoutLine: {'line': b'-- Installing: /home/abc/planning_with_ros2/install/base_msgs/include/base_msgs/base_msgs/msg/detail/obs_info__builder.hpp\n'}
[11.757670] (base_msgs) StdoutLine: {'line': b'-- Installing: /home/abc/planning_with_ros2/install/base_msgs/include/base_msgs/base_msgs/msg/detail/referline_point__type_support.hpp\n'}
[11.757755] (base_msgs) StdoutLine: {'line': b'-- Installing: /home/abc/planning_with_ros2/install/base_msgs/include/base_msgs/base_msgs/msg/detail/local_path__struct.hpp\n'}
[11.757833] (base_msgs) StdoutLine: {'line': b'-- Installing: /home/abc/planning_with_ros2/install/base_msgs/include/base_msgs/base_msgs/msg/detail/plot_info__struct.hpp\n'}
[11.757916] (base_msgs) StdoutLine: {'line': b'-- Installing: /home/abc/planning_with_ros2/install/base_msgs/include/base_msgs/base_msgs/msg/detail/pnc_map__builder.hpp\n'}
[11.757979] (base_msgs) StdoutLine: {'line': b'-- Installing: /home/abc/planning_with_ros2/install/base_msgs/include/base_msgs/base_msgs/msg/detail/plot_info__builder.hpp\n'}
[11.758060] (base_msgs) StdoutLine: {'line': b'-- Installing: /home/abc/planning_with_ros2/install/base_msgs/include/base_msgs/base_msgs/msg/detail/referline__traits.hpp\n'}
[11.758115] (base_msgs) StdoutLine: {'line': b'-- Installing: /home/abc/planning_with_ros2/install/base_msgs/include/base_msgs/base_msgs/msg/detail/local_speeds_point__struct.hpp\n'}
[11.758195] (base_msgs) StdoutLine: {'line': b'-- Installing: /home/abc/planning_with_ros2/install/base_msgs/include/base_msgs/base_msgs/msg/detail/local_trajectory__type_support.hpp\n'}
[11.758270] (base_msgs) StdoutLine: {'line': b'-- Installing: /home/abc/planning_with_ros2/install/base_msgs/include/base_msgs/base_msgs/msg/detail/local_path_point__struct.hpp\n'}
[11.758344] (base_msgs) StdoutLine: {'line': b'-- Installing: /home/abc/planning_with_ros2/install/base_msgs/include/base_msgs/base_msgs/msg/detail/local_speeds__builder.hpp\n'}
[11.758419] (base_msgs) StdoutLine: {'line': b'-- Installing: /home/abc/planning_with_ros2/install/base_msgs/include/base_msgs/base_msgs/msg/detail/local_path__traits.hpp\n'}
[11.758496] (base_msgs) StdoutLine: {'line': b'-- Installing: /home/abc/planning_with_ros2/install/base_msgs/include/base_msgs/base_msgs/msg/detail/local_trajectory__struct.hpp\n'}
[11.758574] (base_msgs) StdoutLine: {'line': b'-- Installing: /home/abc/planning_with_ros2/install/base_msgs/include/base_msgs/base_msgs/msg/detail/local_speeds_point__traits.hpp\n'}
[11.758647] (base_msgs) StdoutLine: {'line': b'-- Installing: /home/abc/planning_with_ros2/install/base_msgs/include/base_msgs/base_msgs/msg/detail/local_speeds_point__type_support.hpp\n'}
[11.758719] (base_msgs) StdoutLine: {'line': b'-- Installing: /home/abc/planning_with_ros2/install/base_msgs/include/base_msgs/base_msgs/msg/detail/local_path__builder.hpp\n'}
[11.758791] (base_msgs) StdoutLine: {'line': b'-- Installing: /home/abc/planning_with_ros2/install/base_msgs/include/base_msgs/base_msgs/msg/detail/plot_info__type_support.hpp\n'}
[11.758874] (base_msgs) StdoutLine: {'line': b'-- Installing: /home/abc/planning_with_ros2/install/base_msgs/include/base_msgs/base_msgs/msg/detail/referline_point__builder.hpp\n'}
[11.758956] (base_msgs) StdoutLine: {'line': b'-- Installing: /home/abc/planning_with_ros2/install/base_msgs/include/base_msgs/base_msgs/msg/detail/obs_info__type_support.hpp\n'}
[11.759042] (base_msgs) StdoutLine: {'line': b'-- Installing: /home/abc/planning_with_ros2/install/base_msgs/include/base_msgs/base_msgs/msg/detail/referline__builder.hpp\n'}
[11.759125] (base_msgs) StdoutLine: {'line': b'-- Installing: /home/abc/planning_with_ros2/install/base_msgs/include/base_msgs/base_msgs/msg/detail/pnc_map__struct.hpp\n'}
[11.759258] (base_msgs) StdoutLine: {'line': b'-- Installing: /home/abc/planning_with_ros2/install/base_msgs/include/base_msgs/base_msgs/msg/detail/local_path_point__traits.hpp\n'}
[11.759340] (base_msgs) StdoutLine: {'line': b'-- Installing: /home/abc/planning_with_ros2/install/base_msgs/include/base_msgs/base_msgs/msg/detail/local_speeds__type_support.hpp\n'}
[11.759422] (base_msgs) StdoutLine: {'line': b'-- Installing: /home/abc/planning_with_ros2/install/base_msgs/include/base_msgs/base_msgs/msg/detail/obs_info__traits.hpp\n'}
[11.759573] (base_msgs) StdoutLine: {'line': b'-- Installing: /home/abc/planning_with_ros2/install/base_msgs/include/base_msgs/base_msgs/msg/detail/local_trajectory__builder.hpp\n'}
[11.759657] (base_msgs) StdoutLine: {'line': b'-- Installing: /home/abc/planning_with_ros2/install/base_msgs/include/base_msgs/base_msgs/msg/detail/local_trajectory__traits.hpp\n'}
[11.759735] (base_msgs) StdoutLine: {'line': b'-- Installing: /home/abc/planning_with_ros2/install/base_msgs/include/base_msgs/base_msgs/msg/detail/referline__struct.hpp\n'}
[11.759816] (base_msgs) StdoutLine: {'line': b'-- Installing: /home/abc/planning_with_ros2/install/base_msgs/include/base_msgs/base_msgs/msg/detail/referline__type_support.hpp\n'}
[11.759897] (base_msgs) StdoutLine: {'line': b'-- Installing: /home/abc/planning_with_ros2/install/base_msgs/include/base_msgs/base_msgs/msg/detail/referline_point__struct.hpp\n'}
[11.759976] (base_msgs) StdoutLine: {'line': b'-- Installing: /home/abc/planning_with_ros2/install/base_msgs/include/base_msgs/base_msgs/msg/detail/plot_info__traits.hpp\n'}
[11.760068] (base_msgs) StdoutLine: {'line': b'-- Installing: /home/abc/planning_with_ros2/install/base_msgs/include/base_msgs/base_msgs/msg/detail/local_trajectory_point__builder.hpp\n'}
[11.760185] (base_msgs) StdoutLine: {'line': b'-- Installing: /home/abc/planning_with_ros2/install/base_msgs/include/base_msgs/base_msgs/msg/detail/local_speeds__traits.hpp\n'}
[11.760277] (base_msgs) StdoutLine: {'line': b'-- Installing: /home/abc/planning_with_ros2/install/base_msgs/include/base_msgs/base_msgs/msg/detail/local_trajectory_point__traits.hpp\n'}
[11.760360] (base_msgs) StdoutLine: {'line': b'-- Installing: /home/abc/planning_with_ros2/install/base_msgs/include/base_msgs/base_msgs/msg/detail/local_path__type_support.hpp\n'}
[11.760447] (base_msgs) StdoutLine: {'line': b'-- Installing: /home/abc/planning_with_ros2/install/base_msgs/include/base_msgs/base_msgs/msg/detail/local_path_point__type_support.hpp\n'}
[11.760534] (base_msgs) StdoutLine: {'line': b'-- Installing: /home/abc/planning_with_ros2/install/base_msgs/include/base_msgs/base_msgs/msg/detail/local_trajectory_point__struct.hpp\n'}
[11.760606] (base_msgs) StdoutLine: {'line': b'-- Installing: /home/abc/planning_with_ros2/install/base_msgs/include/base_msgs/base_msgs/msg/detail/obs_info__struct.hpp\n'}
[11.760679] (base_msgs) StdoutLine: {'line': b'-- Installing: /home/abc/planning_with_ros2/install/base_msgs/include/base_msgs/base_msgs/msg/detail/referline_point__traits.hpp\n'}
[11.760753] (base_msgs) StdoutLine: {'line': b'-- Installing: /home/abc/planning_with_ros2/install/base_msgs/include/base_msgs/base_msgs/msg/detail/local_speeds_point__builder.hpp\n'}
[11.760825] (base_msgs) StdoutLine: {'line': b'-- Installing: /home/abc/planning_with_ros2/install/base_msgs/include/base_msgs/base_msgs/msg/detail/pnc_map__type_support.hpp\n'}
[11.760891] (base_msgs) StdoutLine: {'line': b'-- Installing: /home/abc/planning_with_ros2/install/base_msgs/include/base_msgs/base_msgs/msg/detail/local_speeds__struct.hpp\n'}
[11.760963] (base_msgs) StdoutLine: {'line': b'-- Installing: /home/abc/planning_with_ros2/install/base_msgs/include/base_msgs/base_msgs/msg/detail/local_path_point__builder.hpp\n'}
[11.761045] (base_msgs) StdoutLine: {'line': b'-- Installing: /home/abc/planning_with_ros2/install/base_msgs/include/base_msgs/base_msgs/msg/local_path.hpp\n'}
[11.761120] (base_msgs) StdoutLine: {'line': b'-- Installing: /home/abc/planning_with_ros2/install/base_msgs/include/base_msgs/base_msgs/msg/rosidl_generator_cpp__visibility_control.hpp\n'}
[11.761211] (base_msgs) StdoutLine: {'line': b'-- Installing: /home/abc/planning_with_ros2/install/base_msgs/include/base_msgs/base_msgs/msg/referline.hpp\n'}
[11.761285] (base_msgs) StdoutLine: {'line': b'-- Installing: /home/abc/planning_with_ros2/install/base_msgs/include/base_msgs/base_msgs/msg/local_trajectory_point.hpp\n'}
[11.761356] (base_msgs) StdoutLine: {'line': b'-- Installing: /home/abc/planning_with_ros2/install/base_msgs/include/base_msgs/base_msgs/msg/obs_info.hpp\n'}
[11.761429] (base_msgs) StdoutLine: {'line': b'-- Installing: /home/abc/planning_with_ros2/install/base_msgs/include/base_msgs/base_msgs/msg/plot_info.hpp\n'}
[11.761501] (base_msgs) StdoutLine: {'line': b'-- Installing: /home/abc/planning_with_ros2/install/base_msgs/include/base_msgs/base_msgs/msg/local_trajectory.hpp\n'}
[11.761573] (base_msgs) StdoutLine: {'line': b'-- Installing: /home/abc/planning_with_ros2/install/base_msgs/include/base_msgs/base_msgs/msg/local_speeds_point.hpp\n'}
[11.761644] (base_msgs) StdoutLine: {'line': b'-- Installing: /home/abc/planning_with_ros2/install/base_msgs/include/base_msgs/base_msgs/msg/pnc_map.hpp\n'}
[11.761725] (base_msgs) StdoutLine: {'line': b'-- Installing: /home/abc/planning_with_ros2/install/base_msgs/include/base_msgs/base_msgs/msg/referline_point.hpp\n'}
[11.761797] (base_msgs) StdoutLine: {'line': b'-- Up-to-date: /home/abc/planning_with_ros2/install/base_msgs/include/base_msgs/base_msgs/srv\n'}
[11.761872] (base_msgs) StdoutLine: {'line': b'-- Installing: /home/abc/planning_with_ros2/install/base_msgs/include/base_msgs/base_msgs/srv/pnc_map_service.hpp\n'}
[11.761945] (base_msgs) StdoutLine: {'line': b'-- Up-to-date: /home/abc/planning_with_ros2/install/base_msgs/include/base_msgs/base_msgs/srv/detail\n'}
[11.762020] (base_msgs) StdoutLine: {'line': b'-- Installing: /home/abc/planning_with_ros2/install/base_msgs/include/base_msgs/base_msgs/srv/detail/global_path_service__builder.hpp\n'}
[11.762096] (base_msgs) StdoutLine: {'line': b'-- Installing: /home/abc/planning_with_ros2/install/base_msgs/include/base_msgs/base_msgs/srv/detail/pnc_map_service__traits.hpp\n'}
[11.762178] (base_msgs) StdoutLine: {'line': b'-- Installing: /home/abc/planning_with_ros2/install/base_msgs/include/base_msgs/base_msgs/srv/detail/pnc_map_service__type_support.hpp\n'}
[11.762253] (base_msgs) StdoutLine: {'line': b'-- Installing: /home/abc/planning_with_ros2/install/base_msgs/include/base_msgs/base_msgs/srv/detail/global_path_service__struct.hpp\n'}
[11.762326] (base_msgs) StdoutLine: {'line': b'-- Installing: /home/abc/planning_with_ros2/install/base_msgs/include/base_msgs/base_msgs/srv/detail/pnc_map_service__builder.hpp\n'}
[11.762401] (base_msgs) StdoutLine: {'line': b'-- Installing: /home/abc/planning_with_ros2/install/base_msgs/include/base_msgs/base_msgs/srv/detail/global_path_service__type_support.hpp\n'}
[11.762476] (base_msgs) StdoutLine: {'line': b'-- Installing: /home/abc/planning_with_ros2/install/base_msgs/include/base_msgs/base_msgs/srv/detail/global_path_service__traits.hpp\n'}
[11.762550] (base_msgs) StdoutLine: {'line': b'-- Installing: /home/abc/planning_with_ros2/install/base_msgs/include/base_msgs/base_msgs/srv/detail/pnc_map_service__struct.hpp\n'}
[11.762627] (base_msgs) StdoutLine: {'line': b'-- Installing: /home/abc/planning_with_ros2/install/base_msgs/include/base_msgs/base_msgs/srv/global_path_service.hpp\n'}
[11.762725] (base_msgs) StdoutLine: {'line': b'-- Up-to-date: /home/abc/planning_with_ros2/install/base_msgs/include/base_msgs/base_msgs\n'}
[11.762811] (base_msgs) StdoutLine: {'line': b'-- Up-to-date: /home/abc/planning_with_ros2/install/base_msgs/include/base_msgs/base_msgs/msg\n'}
[11.762867] (base_msgs) StdoutLine: {'line': b'-- Up-to-date: /home/abc/planning_with_ros2/install/base_msgs/include/base_msgs/base_msgs/msg/detail\n'}
[11.762923] (base_msgs) StdoutLine: {'line': b'-- Installing: /home/abc/planning_with_ros2/install/base_msgs/include/base_msgs/base_msgs/msg/detail/local_path__rosidl_typesupport_fastrtps_cpp.hpp\n'}
[11.763002] (base_msgs) StdoutLine: {'line': b'-- Installing: /home/abc/planning_with_ros2/install/base_msgs/include/base_msgs/base_msgs/msg/detail/referline__rosidl_typesupport_fastrtps_cpp.hpp\n'}
[11.763060] (base_msgs) StdoutLine: {'line': b'-- Installing: /home/abc/planning_with_ros2/install/base_msgs/include/base_msgs/base_msgs/msg/detail/local_trajectory__rosidl_typesupport_fastrtps_cpp.hpp\n'}
[11.763139] (base_msgs) StdoutLine: {'line': b'-- Installing: /home/abc/planning_with_ros2/install/base_msgs/include/base_msgs/base_msgs/msg/detail/local_trajectory_point__rosidl_typesupport_fastrtps_cpp.hpp\n'}
[11.763207] (base_msgs) StdoutLine: {'line': b'-- Installing: /home/abc/planning_with_ros2/install/base_msgs/include/base_msgs/base_msgs/msg/detail/obs_info__rosidl_typesupport_fastrtps_cpp.hpp\n'}
[11.763283] (base_msgs) StdoutLine: {'line': b'-- Installing: /home/abc/planning_with_ros2/install/base_msgs/include/base_msgs/base_msgs/msg/detail/local_path_point__rosidl_typesupport_fastrtps_cpp.hpp\n'}
[11.763356] (base_msgs) StdoutLine: {'line': b'-- Installing: /home/abc/planning_with_ros2/install/base_msgs/include/base_msgs/base_msgs/msg/detail/referline_point__rosidl_typesupport_fastrtps_cpp.hpp\n'}
[11.763427] (base_msgs) StdoutLine: {'line': b'-- Installing: /home/abc/planning_with_ros2/install/base_msgs/include/base_msgs/base_msgs/msg/detail/pnc_map__rosidl_typesupport_fastrtps_cpp.hpp\n'}
[11.763497] (base_msgs) StdoutLine: {'line': b'-- Installing: /home/abc/planning_with_ros2/install/base_msgs/include/base_msgs/base_msgs/msg/detail/local_speeds__rosidl_typesupport_fastrtps_cpp.hpp\n'}
[11.763579] (base_msgs) StdoutLine: {'line': b'-- Installing: /home/abc/planning_with_ros2/install/base_msgs/include/base_msgs/base_msgs/msg/detail/dds_fastrtps\n'}
[11.763654] (base_msgs) StdoutLine: {'line': b'-- Installing: /home/abc/planning_with_ros2/install/base_msgs/include/base_msgs/base_msgs/msg/detail/local_speeds_point__rosidl_typesupport_fastrtps_cpp.hpp\n'}
[11.763728] (base_msgs) StdoutLine: {'line': b'-- Installing: /home/abc/planning_with_ros2/install/base_msgs/include/base_msgs/base_msgs/msg/detail/plot_info__rosidl_typesupport_fastrtps_cpp.hpp\n'}
[11.763811] (base_msgs) StdoutLine: {'line': b'-- Installing: /home/abc/planning_with_ros2/install/base_msgs/include/base_msgs/base_msgs/msg/rosidl_typesupport_fastrtps_cpp__visibility_control.h\n'}
[11.763888] (base_msgs) StdoutLine: {'line': b'-- Up-to-date: /home/abc/planning_with_ros2/install/base_msgs/include/base_msgs/base_msgs/srv\n'}
[11.763968] (base_msgs) StdoutLine: {'line': b'-- Up-to-date: /home/abc/planning_with_ros2/install/base_msgs/include/base_msgs/base_msgs/srv/detail\n'}
[11.764025] (base_msgs) StdoutLine: {'line': b'-- Installing: /home/abc/planning_with_ros2/install/base_msgs/include/base_msgs/base_msgs/srv/detail/global_path_service__rosidl_typesupport_fastrtps_cpp.hpp\n'}
[11.764098] (base_msgs) StdoutLine: {'line': b'-- Installing: /home/abc/planning_with_ros2/install/base_msgs/include/base_msgs/base_msgs/srv/detail/pnc_map_service__rosidl_typesupport_fastrtps_cpp.hpp\n'}
[11.764183] (base_msgs) StdoutLine: {'line': b'-- Installing: /home/abc/planning_with_ros2/install/base_msgs/include/base_msgs/base_msgs/srv/detail/dds_fastrtps\n'}
[11.764267] (base_msgs) StdoutLine: {'line': b'-- Installing: /home/abc/planning_with_ros2/install/base_msgs/lib/libbase_msgs__rosidl_typesupport_fastrtps_cpp.so\n'}
[11.764668] (base_msgs) StdoutLine: {'line': b'-- Set non-toolchain portion of runtime path of "/home/abc/planning_with_ros2/install/base_msgs/lib/libbase_msgs__rosidl_typesupport_fastrtps_cpp.so" to ""\n'}
[11.764754] (base_msgs) StdoutLine: {'line': b'-- Up-to-date: /home/abc/planning_with_ros2/install/base_msgs/include/base_msgs/base_msgs\n'}
[11.764813] (base_msgs) StdoutLine: {'line': b'-- Up-to-date: /home/abc/planning_with_ros2/install/base_msgs/include/base_msgs/base_msgs/msg\n'}
[11.764898] (base_msgs) StdoutLine: {'line': b'-- Up-to-date: /home/abc/planning_with_ros2/install/base_msgs/include/base_msgs/base_msgs/msg/detail\n'}
[11.764956] (base_msgs) StdoutLine: {'line': b'-- Installing: /home/abc/planning_with_ros2/install/base_msgs/include/base_msgs/base_msgs/msg/detail/local_trajectory__type_support.cpp\n'}
[11.765028] (base_msgs) StdoutLine: {'line': b'-- Installing: /home/abc/planning_with_ros2/install/base_msgs/include/base_msgs/base_msgs/msg/detail/local_speeds_point__type_support.cpp\n'}
[11.765104] (base_msgs) StdoutLine: {'line': b'-- Installing: /home/abc/planning_with_ros2/install/base_msgs/include/base_msgs/base_msgs/msg/detail/local_speeds_point__rosidl_typesupport_introspection_cpp.hpp\n'}
[11.765188] (base_msgs) StdoutLine: {'line': b'-- Installing: /home/abc/planning_with_ros2/install/base_msgs/include/base_msgs/base_msgs/msg/detail/pnc_map__type_support.cpp\n'}
[11.765271] (base_msgs) StdoutLine: {'line': b'-- Installing: /home/abc/planning_with_ros2/install/base_msgs/include/base_msgs/base_msgs/msg/detail/referline__type_support.cpp\n'}
[11.765352] (base_msgs) StdoutLine: {'line': b'-- Installing: /home/abc/planning_with_ros2/install/base_msgs/include/base_msgs/base_msgs/msg/detail/obs_info__rosidl_typesupport_introspection_cpp.hpp\n'}
[11.765425] (base_msgs) StdoutLine: {'line': b'-- Installing: /home/abc/planning_with_ros2/install/base_msgs/include/base_msgs/base_msgs/msg/detail/referline__rosidl_typesupport_introspection_cpp.hpp\n'}
[11.765503] (base_msgs) StdoutLine: {'line': b'-- Installing: /home/abc/planning_with_ros2/install/base_msgs/include/base_msgs/base_msgs/msg/detail/local_speeds__type_support.cpp\n'}
[11.765578] (base_msgs) StdoutLine: {'line': b'-- Installing: /home/abc/planning_with_ros2/install/base_msgs/include/base_msgs/base_msgs/msg/detail/local_trajectory_point__rosidl_typesupport_introspection_cpp.hpp\n'}
[11.765660] (base_msgs) StdoutLine: {'line': b'-- Installing: /home/abc/planning_with_ros2/install/base_msgs/include/base_msgs/base_msgs/msg/detail/plot_info__type_support.cpp\n'}
[11.765751] (base_msgs) StdoutLine: {'line': b'-- Installing: /home/abc/planning_with_ros2/install/base_msgs/include/base_msgs/base_msgs/msg/detail/local_path__rosidl_typesupport_introspection_cpp.hpp\n'}
[11.765833] (base_msgs) StdoutLine: {'line': b'-- Installing: /home/abc/planning_with_ros2/install/base_msgs/include/base_msgs/base_msgs/msg/detail/local_path_point__type_support.cpp\n'}
[11.765924] (base_msgs) StdoutLine: {'line': b'-- Installing: /home/abc/planning_with_ros2/install/base_msgs/include/base_msgs/base_msgs/msg/detail/pnc_map__rosidl_typesupport_introspection_cpp.hpp\n'}
[11.766007] (base_msgs) StdoutLine: {'line': b'-- Installing: /home/abc/planning_with_ros2/install/base_msgs/include/base_msgs/base_msgs/msg/detail/plot_info__rosidl_typesupport_introspection_cpp.hpp\n'}
[11.766089] (base_msgs) StdoutLine: {'line': b'-- Installing: /home/abc/planning_with_ros2/install/base_msgs/include/base_msgs/base_msgs/msg/detail/local_trajectory__rosidl_typesupport_introspection_cpp.hpp\n'}
[11.766177] (base_msgs) StdoutLine: {'line': b'-- Installing: /home/abc/planning_with_ros2/install/base_msgs/include/base_msgs/base_msgs/msg/detail/referline_point__type_support.cpp\n'}
[11.766267] (base_msgs) StdoutLine: {'line': b'-- Installing: /home/abc/planning_with_ros2/install/base_msgs/include/base_msgs/base_msgs/msg/detail/obs_info__type_support.cpp\n'}
[11.766354] (base_msgs) StdoutLine: {'line': b'-- Installing: /home/abc/planning_with_ros2/install/base_msgs/include/base_msgs/base_msgs/msg/detail/referline_point__rosidl_typesupport_introspection_cpp.hpp\n'}
[11.766437] (base_msgs) StdoutLine: {'line': b'-- Installing: /home/abc/planning_with_ros2/install/base_msgs/include/base_msgs/base_msgs/msg/detail/local_speeds__rosidl_typesupport_introspection_cpp.hpp\n'}
[11.766518] (base_msgs) StdoutLine: {'line': b'-- Installing: /home/abc/planning_with_ros2/install/base_msgs/include/base_msgs/base_msgs/msg/detail/local_path__type_support.cpp\n'}
[11.766630] (base_msgs) StdoutLine: {'line': b'-- Installing: /home/abc/planning_with_ros2/install/base_msgs/include/base_msgs/base_msgs/msg/detail/local_trajectory_point__type_support.cpp\n'}
[11.766714] (base_msgs) StdoutLine: {'line': b'-- Installing: /home/abc/planning_with_ros2/install/base_msgs/include/base_msgs/base_msgs/msg/detail/local_path_point__rosidl_typesupport_introspection_cpp.hpp\n'}
[11.766788] (base_msgs) StdoutLine: {'line': b'-- Up-to-date: /home/abc/planning_with_ros2/install/base_msgs/include/base_msgs/base_msgs/srv\n'}
[11.766863] (base_msgs) StdoutLine: {'line': b'-- Up-to-date: /home/abc/planning_with_ros2/install/base_msgs/include/base_msgs/base_msgs/srv/detail\n'}
[11.766930] (base_msgs) StdoutLine: {'line': b'-- Installing: /home/abc/planning_with_ros2/install/base_msgs/include/base_msgs/base_msgs/srv/detail/pnc_map_service__rosidl_typesupport_introspection_cpp.hpp\n'}
[11.767003] (base_msgs) StdoutLine: {'line': b'-- Installing: /home/abc/planning_with_ros2/install/base_msgs/include/base_msgs/base_msgs/srv/detail/pnc_map_service__type_support.cpp\n'}
[11.767075] (base_msgs) StdoutLine: {'line': b'-- Installing: /home/abc/planning_with_ros2/install/base_msgs/include/base_msgs/base_msgs/srv/detail/global_path_service__type_support.cpp\n'}
[11.767146] (base_msgs) StdoutLine: {'line': b'-- Installing: /home/abc/planning_with_ros2/install/base_msgs/include/base_msgs/base_msgs/srv/detail/global_path_service__rosidl_typesupport_introspection_cpp.hpp\n'}
[11.767282] (base_msgs) StdoutLine: {'line': b'-- Installing: /home/abc/planning_with_ros2/install/base_msgs/lib/libbase_msgs__rosidl_typesupport_introspection_cpp.so\n'}
[11.767731] (base_msgs) StdoutLine: {'line': b'-- Set non-toolchain portion of runtime path of "/home/abc/planning_with_ros2/install/base_msgs/lib/libbase_msgs__rosidl_typesupport_introspection_cpp.so" to ""\n'}
[11.767804] (base_msgs) StdoutLine: {'line': b'-- Installing: /home/abc/planning_with_ros2/install/base_msgs/lib/libbase_msgs__rosidl_typesupport_cpp.so\n'}
[11.768135] (base_msgs) StdoutLine: {'line': b'-- Set non-toolchain portion of runtime path of "/home/abc/planning_with_ros2/install/base_msgs/lib/libbase_msgs__rosidl_typesupport_cpp.so" to ""\n'}
[11.768223] (base_msgs) StdoutLine: {'line': b'-- Installing: /home/abc/planning_with_ros2/install/base_msgs/share/base_msgs/environment/pythonpath.sh\n'}
[11.768329] (base_msgs) StdoutLine: {'line': b'-- Installing: /home/abc/planning_with_ros2/install/base_msgs/share/base_msgs/environment/pythonpath.dsv\n'}
[11.768432] (base_msgs) StdoutLine: {'line': b'-- Installing: /home/abc/planning_with_ros2/install/base_msgs/local/lib/python3.10/dist-packages/base_msgs-0.0.0-py3.10.egg-info\n'}
[11.768542] (base_msgs) StdoutLine: {'line': b'-- Installing: /home/abc/planning_with_ros2/install/base_msgs/local/lib/python3.10/dist-packages/base_msgs-0.0.0-py3.10.egg-info/dependency_links.txt\n'}
[11.768624] (base_msgs) StdoutLine: {'line': b'-- Installing: /home/abc/planning_with_ros2/install/base_msgs/local/lib/python3.10/dist-packages/base_msgs-0.0.0-py3.10.egg-info/SOURCES.txt\n'}
[11.768699] (base_msgs) StdoutLine: {'line': b'-- Installing: /home/abc/planning_with_ros2/install/base_msgs/local/lib/python3.10/dist-packages/base_msgs-0.0.0-py3.10.egg-info/top_level.txt\n'}
[11.768774] (base_msgs) StdoutLine: {'line': b'-- Installing: /home/abc/planning_with_ros2/install/base_msgs/local/lib/python3.10/dist-packages/base_msgs-0.0.0-py3.10.egg-info/PKG-INFO\n'}
[11.768880] (base_msgs) StdoutLine: {'line': b'-- Installing: /home/abc/planning_with_ros2/install/base_msgs/local/lib/python3.10/dist-packages/base_msgs\n'}
[11.768950] (base_msgs) StdoutLine: {'line': b'-- Installing: /home/abc/planning_with_ros2/install/base_msgs/local/lib/python3.10/dist-packages/base_msgs/base_msgs_s__rosidl_typesupport_c.cpython-310-x86_64-linux-gnu.so\n'}
[11.769074] (base_msgs) StdoutLine: {'line': b'-- Installing: /home/abc/planning_with_ros2/install/base_msgs/local/lib/python3.10/dist-packages/base_msgs/_base_msgs_s.ep.rosidl_typesupport_c.c\n'}
[11.769210] (base_msgs) StdoutLine: {'line': b'-- Installing: /home/abc/planning_with_ros2/install/base_msgs/local/lib/python3.10/dist-packages/base_msgs/libbase_msgs__rosidl_generator_py.so\n'}
[11.769342] (base_msgs) StdoutLine: {'line': b'-- Installing: /home/abc/planning_with_ros2/install/base_msgs/local/lib/python3.10/dist-packages/base_msgs/_base_msgs_s.ep.rosidl_typesupport_introspection_c.c\n'}
[11.769464] (base_msgs) StdoutLine: {'line': b'-- Installing: /home/abc/planning_with_ros2/install/base_msgs/local/lib/python3.10/dist-packages/base_msgs/msg\n'}
[11.769536] (base_msgs) StdoutLine: {'line': b'-- Installing: /home/abc/planning_with_ros2/install/base_msgs/local/lib/python3.10/dist-packages/base_msgs/msg/_obs_info.py\n'}
[11.769611] (base_msgs) StdoutLine: {'line': b'-- Installing: /home/abc/planning_with_ros2/install/base_msgs/local/lib/python3.10/dist-packages/base_msgs/msg/_referline_s.c\n'}
[11.769697] (base_msgs) StdoutLine: {'line': b'-- Installing: /home/abc/planning_with_ros2/install/base_msgs/local/lib/python3.10/dist-packages/base_msgs/msg/_local_path_s.c\n'}
[11.769772] (base_msgs) StdoutLine: {'line': b'-- Installing: /home/abc/planning_with_ros2/install/base_msgs/local/lib/python3.10/dist-packages/base_msgs/msg/_local_speeds.py\n'}
[11.769850] (base_msgs) StdoutLine: {'line': b'-- Installing: /home/abc/planning_with_ros2/install/base_msgs/local/lib/python3.10/dist-packages/base_msgs/msg/_local_path_point_s.c\n'}
[11.769923] (base_msgs) StdoutLine: {'line': b'-- Installing: /home/abc/planning_with_ros2/install/base_msgs/local/lib/python3.10/dist-packages/base_msgs/msg/_referline_point_s.c\n'}
[11.770000] (base_msgs) StdoutLine: {'line': b'-- Installing: /home/abc/planning_with_ros2/install/base_msgs/local/lib/python3.10/dist-packages/base_msgs/msg/_local_path.py\n'}
[11.770081] (base_msgs) StdoutLine: {'line': b'-- Installing: /home/abc/planning_with_ros2/install/base_msgs/local/lib/python3.10/dist-packages/base_msgs/msg/_local_trajectory_point.py\n'}
[11.770168] (base_msgs) StdoutLine: {'line': b'-- Installing: /home/abc/planning_with_ros2/install/base_msgs/local/lib/python3.10/dist-packages/base_msgs/msg/_local_speeds_s.c\n'}
[11.770254] (base_msgs) StdoutLine: {'line': b'-- Installing: /home/abc/planning_with_ros2/install/base_msgs/local/lib/python3.10/dist-packages/base_msgs/msg/_referline.py\n'}
[11.770332] (base_msgs) StdoutLine: {'line': b'-- Installing: /home/abc/planning_with_ros2/install/base_msgs/local/lib/python3.10/dist-packages/base_msgs/msg/_local_speeds_point.py\n'}
[11.770412] (base_msgs) StdoutLine: {'line': b'-- Installing: /home/abc/planning_with_ros2/install/base_msgs/local/lib/python3.10/dist-packages/base_msgs/msg/_pnc_map.py\n'}
[11.770495] (base_msgs) StdoutLine: {'line': b'-- Installing: /home/abc/planning_with_ros2/install/base_msgs/local/lib/python3.10/dist-packages/base_msgs/msg/__init__.py\n'}
[11.770568] (base_msgs) StdoutLine: {'line': b'-- Installing: /home/abc/planning_with_ros2/install/base_msgs/local/lib/python3.10/dist-packages/base_msgs/msg/_plot_info_s.c\n'}
[11.770646] (base_msgs) StdoutLine: {'line': b'-- Installing: /home/abc/planning_with_ros2/install/base_msgs/local/lib/python3.10/dist-packages/base_msgs/msg/_local_trajectory_s.c\n'}
[11.770725] (base_msgs) StdoutLine: {'line': b'-- Installing: /home/abc/planning_with_ros2/install/base_msgs/local/lib/python3.10/dist-packages/base_msgs/msg/_referline_point.py\n'}
[11.770799] (base_msgs) StdoutLine: {'line': b'-- Installing: /home/abc/planning_with_ros2/install/base_msgs/local/lib/python3.10/dist-packages/base_msgs/msg/_local_speeds_point_s.c\n'}
[11.770878] (base_msgs) StdoutLine: {'line': b'-- Installing: /home/abc/planning_with_ros2/install/base_msgs/local/lib/python3.10/dist-packages/base_msgs/msg/_local_path_point.py\n'}
[11.770963] (base_msgs) StdoutLine: {'line': b'-- Installing: /home/abc/planning_with_ros2/install/base_msgs/local/lib/python3.10/dist-packages/base_msgs/msg/_pnc_map_s.c\n'}
[11.771042] (base_msgs) StdoutLine: {'line': b'-- Installing: /home/abc/planning_with_ros2/install/base_msgs/local/lib/python3.10/dist-packages/base_msgs/msg/_local_trajectory.py\n'}
[11.771122] (base_msgs) StdoutLine: {'line': b'-- Installing: /home/abc/planning_with_ros2/install/base_msgs/local/lib/python3.10/dist-packages/base_msgs/msg/_local_trajectory_point_s.c\n'}
[11.771205] (base_msgs) StdoutLine: {'line': b'-- Installing: /home/abc/planning_with_ros2/install/base_msgs/local/lib/python3.10/dist-packages/base_msgs/msg/_plot_info.py\n'}
[11.771286] (base_msgs) StdoutLine: {'line': b'-- Installing: /home/abc/planning_with_ros2/install/base_msgs/local/lib/python3.10/dist-packages/base_msgs/msg/_obs_info_s.c\n'}
[11.771365] (base_msgs) StdoutLine: {'line': b'-- Installing: /home/abc/planning_with_ros2/install/base_msgs/local/lib/python3.10/dist-packages/base_msgs/__init__.py\n'}
[11.771436] (base_msgs) StdoutLine: {'line': b'-- Installing: /home/abc/planning_with_ros2/install/base_msgs/local/lib/python3.10/dist-packages/base_msgs/base_msgs_s__rosidl_typesupport_introspection_c.cpython-310-x86_64-linux-gnu.so\n'}
[11.771541] (base_msgs) StdoutLine: {'line': b'-- Installing: /home/abc/planning_with_ros2/install/base_msgs/local/lib/python3.10/dist-packages/base_msgs/_base_msgs_s.ep.rosidl_typesupport_fastrtps_c.c\n'}
[11.771656] (base_msgs) StdoutLine: {'line': b'-- Installing: /home/abc/planning_with_ros2/install/base_msgs/local/lib/python3.10/dist-packages/base_msgs/srv\n'}
[11.771736] (base_msgs) StdoutLine: {'line': b'-- Installing: /home/abc/planning_with_ros2/install/base_msgs/local/lib/python3.10/dist-packages/base_msgs/srv/_pnc_map_service.py\n'}
[11.771808] (base_msgs) StdoutLine: {'line': b'-- Installing: /home/abc/planning_with_ros2/install/base_msgs/local/lib/python3.10/dist-packages/base_msgs/srv/_global_path_service_s.c\n'}
[11.771880] (base_msgs) StdoutLine: {'line': b'-- Installing: /home/abc/planning_with_ros2/install/base_msgs/local/lib/python3.10/dist-packages/base_msgs/srv/__init__.py\n'}
[11.771953] (base_msgs) StdoutLine: {'line': b'-- Installing: /home/abc/planning_with_ros2/install/base_msgs/local/lib/python3.10/dist-packages/base_msgs/srv/_global_path_service.py\n'}
[11.772025] (base_msgs) StdoutLine: {'line': b'-- Installing: /home/abc/planning_with_ros2/install/base_msgs/local/lib/python3.10/dist-packages/base_msgs/srv/_pnc_map_service_s.c\n'}
[11.772105] (base_msgs) StdoutLine: {'line': b'-- Installing: /home/abc/planning_with_ros2/install/base_msgs/local/lib/python3.10/dist-packages/base_msgs/base_msgs_s__rosidl_typesupport_fastrtps_c.cpython-310-x86_64-linux-gnu.so\n'}
[11.817763] (base_msgs) StdoutLine: {'line': b"Listing '/home/abc/planning_with_ros2/install/base_msgs/local/lib/python3.10/dist-packages/base_msgs'...\n"}
[11.817895] (base_msgs) StdoutLine: {'line': b"Compiling '/home/abc/planning_with_ros2/install/base_msgs/local/lib/python3.10/dist-packages/base_msgs/__init__.py'...\n"}
[11.817958] (base_msgs) StdoutLine: {'line': b"Listing '/home/abc/planning_with_ros2/install/base_msgs/local/lib/python3.10/dist-packages/base_msgs/msg'...\n"}
[11.818014] (base_msgs) StdoutLine: {'line': b"Compiling '/home/abc/planning_with_ros2/install/base_msgs/local/lib/python3.10/dist-packages/base_msgs/msg/__init__.py'...\n"}
[11.818068] (base_msgs) StdoutLine: {'line': b"Compiling '/home/abc/planning_with_ros2/install/base_msgs/local/lib/python3.10/dist-packages/base_msgs/msg/_local_path.py'...\n"}
[11.818120] (base_msgs) StdoutLine: {'line': b"Compiling '/home/abc/planning_with_ros2/install/base_msgs/local/lib/python3.10/dist-packages/base_msgs/msg/_local_path_point.py'...\n"}
[11.818185] (base_msgs) StdoutLine: {'line': b"Compiling '/home/abc/planning_with_ros2/install/base_msgs/local/lib/python3.10/dist-packages/base_msgs/msg/_local_speeds.py'...\n"}
[11.818243] (base_msgs) StdoutLine: {'line': b"Compiling '/home/abc/planning_with_ros2/install/base_msgs/local/lib/python3.10/dist-packages/base_msgs/msg/_local_speeds_point.py'...\n"}
[11.818295] (base_msgs) StdoutLine: {'line': b"Compiling '/home/abc/planning_with_ros2/install/base_msgs/local/lib/python3.10/dist-packages/base_msgs/msg/_local_trajectory.py'...\n"}
[11.818346] (base_msgs) StdoutLine: {'line': b"Compiling '/home/abc/planning_with_ros2/install/base_msgs/local/lib/python3.10/dist-packages/base_msgs/msg/_local_trajectory_point.py'...\n"}
[11.818398] (base_msgs) StdoutLine: {'line': b"Compiling '/home/abc/planning_with_ros2/install/base_msgs/local/lib/python3.10/dist-packages/base_msgs/msg/_obs_info.py'...\n"}
[11.818449] (base_msgs) StdoutLine: {'line': b"Compiling '/home/abc/planning_with_ros2/install/base_msgs/local/lib/python3.10/dist-packages/base_msgs/msg/_plot_info.py'...\n"}
[11.818500] (base_msgs) StdoutLine: {'line': b"Compiling '/home/abc/planning_with_ros2/install/base_msgs/local/lib/python3.10/dist-packages/base_msgs/msg/_pnc_map.py'...\n"}
[11.818552] (base_msgs) StdoutLine: {'line': b"Compiling '/home/abc/planning_with_ros2/install/base_msgs/local/lib/python3.10/dist-packages/base_msgs/msg/_referline.py'...\n"}
[11.818629] (base_msgs) StdoutLine: {'line': b"Compiling '/home/abc/planning_with_ros2/install/base_msgs/local/lib/python3.10/dist-packages/base_msgs/msg/_referline_point.py'...\n"}
[11.818709] (base_msgs) StdoutLine: {'line': b"Listing '/home/abc/planning_with_ros2/install/base_msgs/local/lib/python3.10/dist-packages/base_msgs/srv'...\n"}
[11.818763] (base_msgs) StdoutLine: {'line': b"Compiling '/home/abc/planning_with_ros2/install/base_msgs/local/lib/python3.10/dist-packages/base_msgs/srv/__init__.py'...\n"}
[11.818825] (base_msgs) StdoutLine: {'line': b"Compiling '/home/abc/planning_with_ros2/install/base_msgs/local/lib/python3.10/dist-packages/base_msgs/srv/_global_path_service.py'...\n"}
[11.818878] (base_msgs) StdoutLine: {'line': b"Compiling '/home/abc/planning_with_ros2/install/base_msgs/local/lib/python3.10/dist-packages/base_msgs/srv/_pnc_map_service.py'...\n"}
[11.821968] (base_msgs) StdoutLine: {'line': b'-- Installing: /home/abc/planning_with_ros2/install/base_msgs/local/lib/python3.10/dist-packages/base_msgs/base_msgs_s__rosidl_typesupport_fastrtps_c.cpython-310-x86_64-linux-gnu.so\n'}
[11.822111] (base_msgs) StdoutLine: {'line': b'-- Set non-toolchain portion of runtime path of "/home/abc/planning_with_ros2/install/base_msgs/local/lib/python3.10/dist-packages/base_msgs/base_msgs_s__rosidl_typesupport_fastrtps_c.cpython-310-x86_64-linux-gnu.so" to ""\n'}
[11.822356] (base_msgs) StdoutLine: {'line': b'-- Installing: /home/abc/planning_with_ros2/install/base_msgs/local/lib/python3.10/dist-packages/base_msgs/base_msgs_s__rosidl_typesupport_introspection_c.cpython-310-x86_64-linux-gnu.so\n'}
[11.822610] (base_msgs) StdoutLine: {'line': b'-- Set non-toolchain portion of runtime path of "/home/abc/planning_with_ros2/install/base_msgs/local/lib/python3.10/dist-packages/base_msgs/base_msgs_s__rosidl_typesupport_introspection_c.cpython-310-x86_64-linux-gnu.so" to ""\n'}
[11.822750] (base_msgs) StdoutLine: {'line': b'-- Installing: /home/abc/planning_with_ros2/install/base_msgs/local/lib/python3.10/dist-packages/base_msgs/base_msgs_s__rosidl_typesupport_c.cpython-310-x86_64-linux-gnu.so\n'}
[11.822945] (base_msgs) StdoutLine: {'line': b'-- Set non-toolchain portion of runtime path of "/home/abc/planning_with_ros2/install/base_msgs/local/lib/python3.10/dist-packages/base_msgs/base_msgs_s__rosidl_typesupport_c.cpython-310-x86_64-linux-gnu.so" to ""\n'}
[11.823022] (base_msgs) StdoutLine: {'line': b'-- Installing: /home/abc/planning_with_ros2/install/base_msgs/lib/libbase_msgs__rosidl_generator_py.so\n'}
[11.823328] (base_msgs) StdoutLine: {'line': b'-- Set non-toolchain portion of runtime path of "/home/abc/planning_with_ros2/install/base_msgs/lib/libbase_msgs__rosidl_generator_py.so" to ""\n'}
[11.823416] (base_msgs) StdoutLine: {'line': b'-- Installing: /home/abc/planning_with_ros2/install/base_msgs/share/base_msgs/srv/GlobalPathService.idl\n'}
[11.823520] (base_msgs) StdoutLine: {'line': b'-- Installing: /home/abc/planning_with_ros2/install/base_msgs/share/base_msgs/srv/PNCMapService.idl\n'}
[11.823646] (base_msgs) StdoutLine: {'line': b'-- Installing: /home/abc/planning_with_ros2/install/base_msgs/share/base_msgs/msg/PNCMap.idl\n'}
[11.823746] (base_msgs) StdoutLine: {'line': b'-- Installing: /home/abc/planning_with_ros2/install/base_msgs/share/base_msgs/msg/ReferlinePoint.idl\n'}
[11.823843] (base_msgs) StdoutLine: {'line': b'-- Installing: /home/abc/planning_with_ros2/install/base_msgs/share/base_msgs/msg/Referline.idl\n'}
[11.823945] (base_msgs) StdoutLine: {'line': b'-- Installing: /home/abc/planning_with_ros2/install/base_msgs/share/base_msgs/msg/LocalPathPoint.idl\n'}
[11.824046] (base_msgs) StdoutLine: {'line': b'-- Installing: /home/abc/planning_with_ros2/install/base_msgs/share/base_msgs/msg/LocalPath.idl\n'}
[11.824146] (base_msgs) StdoutLine: {'line': b'-- Installing: /home/abc/planning_with_ros2/install/base_msgs/share/base_msgs/msg/LocalSpeedsPoint.idl\n'}
[11.824254] (base_msgs) StdoutLine: {'line': b'-- Installing: /home/abc/planning_with_ros2/install/base_msgs/share/base_msgs/msg/LocalSpeeds.idl\n'}
[11.824354] (base_msgs) StdoutLine: {'line': b'-- Installing: /home/abc/planning_with_ros2/install/base_msgs/share/base_msgs/msg/LocalTrajectoryPoint.idl\n'}
[11.824448] (base_msgs) StdoutLine: {'line': b'-- Installing: /home/abc/planning_with_ros2/install/base_msgs/share/base_msgs/msg/LocalTrajectory.idl\n'}
[11.824545] (base_msgs) StdoutLine: {'line': b'-- Installing: /home/abc/planning_with_ros2/install/base_msgs/share/base_msgs/msg/ObsInfo.idl\n'}
[11.824656] (base_msgs) StdoutLine: {'line': b'-- Installing: /home/abc/planning_with_ros2/install/base_msgs/share/base_msgs/msg/PlotInfo.idl\n'}
[11.824756] (base_msgs) StdoutLine: {'line': b'-- Installing: /home/abc/planning_with_ros2/install/base_msgs/share/base_msgs/srv/GlobalPathService.srv\n'}
[11.824852] (base_msgs) StdoutLine: {'line': b'-- Installing: /home/abc/planning_with_ros2/install/base_msgs/share/base_msgs/srv/GlobalPathService_Request.msg\n'}
[11.824951] (base_msgs) StdoutLine: {'line': b'-- Installing: /home/abc/planning_with_ros2/install/base_msgs/share/base_msgs/srv/GlobalPathService_Response.msg\n'}
[11.825056] (base_msgs) StdoutLine: {'line': b'-- Installing: /home/abc/planning_with_ros2/install/base_msgs/share/base_msgs/srv/PNCMapService.srv\n'}
[11.825161] (base_msgs) StdoutLine: {'line': b'-- Installing: /home/abc/planning_with_ros2/install/base_msgs/share/base_msgs/srv/PNCMapService_Request.msg\n'}
[11.825309] (base_msgs) StdoutLine: {'line': b'-- Installing: /home/abc/planning_with_ros2/install/base_msgs/share/base_msgs/srv/PNCMapService_Response.msg\n'}
[11.825383] (base_msgs) StdoutLine: {'line': b'-- Installing: /home/abc/planning_with_ros2/install/base_msgs/share/base_msgs/msg/PNCMap.msg\n'}
[11.825469] (base_msgs) StdoutLine: {'line': b'-- Installing: /home/abc/planning_with_ros2/install/base_msgs/share/base_msgs/msg/ReferlinePoint.msg\n'}
[11.825565] (base_msgs) StdoutLine: {'line': b'-- Installing: /home/abc/planning_with_ros2/install/base_msgs/share/base_msgs/msg/Referline.msg\n'}
[11.825663] (base_msgs) StdoutLine: {'line': b'-- Installing: /home/abc/planning_with_ros2/install/base_msgs/share/base_msgs/msg/LocalPathPoint.msg\n'}
[11.825761] (base_msgs) StdoutLine: {'line': b'-- Installing: /home/abc/planning_with_ros2/install/base_msgs/share/base_msgs/msg/LocalPath.msg\n'}
[11.825857] (base_msgs) StdoutLine: {'line': b'-- Installing: /home/abc/planning_with_ros2/install/base_msgs/share/base_msgs/msg/LocalSpeedsPoint.msg\n'}
[11.825952] (base_msgs) StdoutLine: {'line': b'-- Installing: /home/abc/planning_with_ros2/install/base_msgs/share/base_msgs/msg/LocalSpeeds.msg\n'}
[11.826051] (base_msgs) StdoutLine: {'line': b'-- Installing: /home/abc/planning_with_ros2/install/base_msgs/share/base_msgs/msg/LocalTrajectoryPoint.msg\n'}
[11.826146] (base_msgs) StdoutLine: {'line': b'-- Installing: /home/abc/planning_with_ros2/install/base_msgs/share/base_msgs/msg/LocalTrajectory.msg\n'}
[11.826257] (base_msgs) StdoutLine: {'line': b'-- Installing: /home/abc/planning_with_ros2/install/base_msgs/share/base_msgs/msg/ObsInfo.msg\n'}
[11.826357] (base_msgs) StdoutLine: {'line': b'-- Installing: /home/abc/planning_with_ros2/install/base_msgs/share/base_msgs/msg/PlotInfo.msg\n'}
[11.826489] (base_msgs) StdoutLine: {'line': b'-- Installing: /home/abc/planning_with_ros2/install/base_msgs/share/ament_index/resource_index/package_run_dependencies/base_msgs\n'}
[11.826623] (base_msgs) StdoutLine: {'line': b'-- Installing: /home/abc/planning_with_ros2/install/base_msgs/share/ament_index/resource_index/parent_prefix_path/base_msgs\n'}
[11.826724] (base_msgs) StdoutLine: {'line': b'-- Installing: /home/abc/planning_with_ros2/install/base_msgs/share/base_msgs/environment/ament_prefix_path.sh\n'}
[11.826822] (base_msgs) StdoutLine: {'line': b'-- Installing: /home/abc/planning_with_ros2/install/base_msgs/share/base_msgs/environment/ament_prefix_path.dsv\n'}
[11.826923] (base_msgs) StdoutLine: {'line': b'-- Installing: /home/abc/planning_with_ros2/install/base_msgs/share/base_msgs/environment/path.sh\n'}
[11.827022] (base_msgs) StdoutLine: {'line': b'-- Installing: /home/abc/planning_with_ros2/install/base_msgs/share/base_msgs/environment/path.dsv\n'}
[11.827124] (base_msgs) StdoutLine: {'line': b'-- Installing: /home/abc/planning_with_ros2/install/base_msgs/share/base_msgs/local_setup.bash\n'}
[11.827223] (base_msgs) StdoutLine: {'line': b'-- Installing: /home/abc/planning_with_ros2/install/base_msgs/share/base_msgs/local_setup.sh\n'}
[11.827324] (base_msgs) StdoutLine: {'line': b'-- Installing: /home/abc/planning_with_ros2/install/base_msgs/share/base_msgs/local_setup.zsh\n'}
[11.827423] (base_msgs) StdoutLine: {'line': b'-- Installing: /home/abc/planning_with_ros2/install/base_msgs/share/base_msgs/local_setup.dsv\n'}
[11.827517] (base_msgs) StdoutLine: {'line': b'-- Installing: /home/abc/planning_with_ros2/install/base_msgs/share/base_msgs/package.dsv\n'}
[11.827645] (base_msgs) StdoutLine: {'line': b'-- Installing: /home/abc/planning_with_ros2/install/base_msgs/share/ament_index/resource_index/packages/base_msgs\n'}
[11.827785] (base_msgs) StdoutLine: {'line': b'-- Installing: /home/abc/planning_with_ros2/install/base_msgs/share/base_msgs/cmake/export_base_msgs__rosidl_generator_cExport.cmake\n'}
[11.827891] (base_msgs) StdoutLine: {'line': b'-- Installing: /home/abc/planning_with_ros2/install/base_msgs/share/base_msgs/cmake/export_base_msgs__rosidl_generator_cExport-noconfig.cmake\n'}
[11.828011] (base_msgs) StdoutLine: {'line': b'-- Installing: /home/abc/planning_with_ros2/install/base_msgs/share/base_msgs/cmake/export_base_msgs__rosidl_typesupport_fastrtps_cExport.cmake\n'}
[11.828118] (base_msgs) StdoutLine: {'line': b'-- Installing: /home/abc/planning_with_ros2/install/base_msgs/share/base_msgs/cmake/export_base_msgs__rosidl_typesupport_fastrtps_cExport-noconfig.cmake\n'}
[11.828238] (base_msgs) StdoutLine: {'line': b'-- Installing: /home/abc/planning_with_ros2/install/base_msgs/share/base_msgs/cmake/base_msgs__rosidl_typesupport_introspection_cExport.cmake\n'}
[11.828342] (base_msgs) StdoutLine: {'line': b'-- Installing: /home/abc/planning_with_ros2/install/base_msgs/share/base_msgs/cmake/base_msgs__rosidl_typesupport_introspection_cExport-noconfig.cmake\n'}
[11.828452] (base_msgs) StdoutLine: {'line': b'-- Installing: /home/abc/planning_with_ros2/install/base_msgs/share/base_msgs/cmake/base_msgs__rosidl_typesupport_cExport.cmake\n'}
[11.828553] (base_msgs) StdoutLine: {'line': b'-- Installing: /home/abc/planning_with_ros2/install/base_msgs/share/base_msgs/cmake/base_msgs__rosidl_typesupport_cExport-noconfig.cmake\n'}
[11.828665] (base_msgs) StdoutLine: {'line': b'-- Installing: /home/abc/planning_with_ros2/install/base_msgs/share/base_msgs/cmake/export_base_msgs__rosidl_generator_cppExport.cmake\n'}
[11.828782] (base_msgs) StdoutLine: {'line': b'-- Installing: /home/abc/planning_with_ros2/install/base_msgs/share/base_msgs/cmake/export_base_msgs__rosidl_typesupport_fastrtps_cppExport.cmake\n'}
[11.828885] (base_msgs) StdoutLine: {'line': b'-- Installing: /home/abc/planning_with_ros2/install/base_msgs/share/base_msgs/cmake/export_base_msgs__rosidl_typesupport_fastrtps_cppExport-noconfig.cmake\n'}
[11.828998] (base_msgs) StdoutLine: {'line': b'-- Installing: /home/abc/planning_with_ros2/install/base_msgs/share/base_msgs/cmake/base_msgs__rosidl_typesupport_introspection_cppExport.cmake\n'}
[11.829103] (base_msgs) StdoutLine: {'line': b'-- Installing: /home/abc/planning_with_ros2/install/base_msgs/share/base_msgs/cmake/base_msgs__rosidl_typesupport_introspection_cppExport-noconfig.cmake\n'}
[11.829226] (base_msgs) StdoutLine: {'line': b'-- Installing: /home/abc/planning_with_ros2/install/base_msgs/share/base_msgs/cmake/base_msgs__rosidl_typesupport_cppExport.cmake\n'}
[11.829331] (base_msgs) StdoutLine: {'line': b'-- Installing: /home/abc/planning_with_ros2/install/base_msgs/share/base_msgs/cmake/base_msgs__rosidl_typesupport_cppExport-noconfig.cmake\n'}
[11.829448] (base_msgs) StdoutLine: {'line': b'-- Installing: /home/abc/planning_with_ros2/install/base_msgs/share/base_msgs/cmake/export_base_msgs__rosidl_generator_pyExport.cmake\n'}
[11.829545] (base_msgs) StdoutLine: {'line': b'-- Installing: /home/abc/planning_with_ros2/install/base_msgs/share/base_msgs/cmake/export_base_msgs__rosidl_generator_pyExport-noconfig.cmake\n'}
[11.829654] (base_msgs) StdoutLine: {'line': b'-- Installing: /home/abc/planning_with_ros2/install/base_msgs/share/base_msgs/cmake/rosidl_cmake-extras.cmake\n'}
[11.829768] (base_msgs) StdoutLine: {'line': b'-- Installing: /home/abc/planning_with_ros2/install/base_msgs/share/base_msgs/cmake/ament_cmake_export_dependencies-extras.cmake\n'}
[11.829870] (base_msgs) StdoutLine: {'line': b'-- Installing: /home/abc/planning_with_ros2/install/base_msgs/share/base_msgs/cmake/ament_cmake_export_include_directories-extras.cmake\n'}
[11.829972] (base_msgs) StdoutLine: {'line': b'-- Installing: /home/abc/planning_with_ros2/install/base_msgs/share/base_msgs/cmake/ament_cmake_export_libraries-extras.cmake\n'}
[11.830074] (base_msgs) StdoutLine: {'line': b'-- Installing: /home/abc/planning_with_ros2/install/base_msgs/share/base_msgs/cmake/ament_cmake_export_targets-extras.cmake\n'}
[11.830187] (base_msgs) StdoutLine: {'line': b'-- Installing: /home/abc/planning_with_ros2/install/base_msgs/share/base_msgs/cmake/rosidl_cmake_export_typesupport_targets-extras.cmake\n'}
[11.830289] (base_msgs) StdoutLine: {'line': b'-- Installing: /home/abc/planning_with_ros2/install/base_msgs/share/base_msgs/cmake/rosidl_cmake_export_typesupport_libraries-extras.cmake\n'}
[11.830385] (base_msgs) StdoutLine: {'line': b'-- Installing: /home/abc/planning_with_ros2/install/base_msgs/share/base_msgs/cmake/base_msgsConfig.cmake\n'}
[11.830462] (base_msgs) StdoutLine: {'line': b'-- Installing: /home/abc/planning_with_ros2/install/base_msgs/share/base_msgs/cmake/base_msgsConfig-version.cmake\n'}
[11.830555] (base_msgs) StdoutLine: {'line': b'-- Installing: /home/abc/planning_with_ros2/install/base_msgs/share/base_msgs/package.xml\n'}
[11.831259] (-) TimerEvent: {}
[11.831799] (base_msgs) CommandEnded: {'returncode': 0}
[11.849483] (base_msgs) JobEnded: {'identifier': 'base_msgs', 'rc': 0}
[11.850286] (data_plot) JobStarted: {'identifier': 'data_plot'}
[11.854416] (planning) JobStarted: {'identifier': 'planning'}
[11.931349] (-) TimerEvent: {}
[12.031556] (-) TimerEvent: {}
[12.102746] (planning) JobProgress: {'identifier': 'planning', 'progress': 'cmake'}
[12.103550] (planning) Command: {'cmd': ['/usr/local/bin/cmake', '/home/abc/planning_with_ros2/src/planning', '-DCMAKE_INSTALL_PREFIX=/home/abc/planning_with_ros2/install/planning'], 'cwd': '/home/abc/planning_with_ros2/build/planning', 'env': OrderedDict([('GJS_DEBUG_TOPICS', 'JS ERROR;JS LOG'), ('PYTHON_BASIC_REPL', '1'), ('LESSOPEN', '| /usr/bin/lesspipe %s'), ('LANGUAGE', 'en_US:en'), ('TENSORRT_DIR', '/home/abc/TensorRT-8.6'), ('USER', 'abc'), ('LC_TIME', 'zh_CN.UTF-8'), ('XDG_SESSION_TYPE', 'x11'), ('GIT_ASKPASS', '/usr/share/code/resources/app/extensions/git/dist/askpass.sh'), ('SHLVL', '1'), ('LD_LIBRARY_PATH', '/home/abc/planning_with_ros2/install/base_msgs/lib:/usr/local/cuda-11.8/lib64:/home/abc/planning_with_ros2/install/planning/lib:/usr/local/cuda-11.8/lib64:/home/abc/planning_with_ros2/install/planning/lib:/home/abc/planning_with_ros2/install/planning/lib:/home/abc/perception_with_ros2/install/perception/lib:/home/abc/perception_with_ros2/install/base_msgs_per/lib:/usr/lib/x86_64-linux-gnu/gazebo-11/plugins:/opt/ros/humble/opt/rviz_ogre_vendor/lib:/opt/ros/humble/lib/x86_64-linux-gnu:/opt/ros/humble/lib:/home/abc/TensorRT-8.6/lib:/home/abc/TensorRT-8.6/lib'), ('HOME', '/home/abc'), ('CHROME_DESKTOP', 'code.desktop'), ('TERM_PROGRAM_VERSION', '1.108.2'), ('DESKTOP_SESSION', 'ubuntu'), ('GIO_LAUNCHED_DESKTOP_FILE', '/usr/share/applications/code.desktop'), ('ROS_PYTHON_VERSION', '3'), ('GNOME_SHELL_SESSION_MODE', 'ubuntu'), ('GTK_MODULES', 'gail:atk-bridge'), ('VSCODE_GIT_ASKPASS_MAIN', '/usr/share/code/resources/app/extensions/git/dist/askpass-main.js'), ('LC_MONETARY', 'zh_CN.UTF-8'), ('VSCODE_GIT_ASKPASS_NODE', '/usr/share/code/code'), ('MANAGERPID', '1130'), ('PYDEVD_DISABLE_FILE_VALIDATION', '1'), ('SYSTEMD_EXEC_PID', '1595'), ('BUNDLED_DEBUGPY_PATH', '/home/abc/.vscode/extensions/ms-python.debugpy-2025.18.0-linux-x64/bundled/libs/debugpy'), ('VSCODE_PYTHON_AUTOACTIVATE_GUARD', '1'), ('DBUS_SESSION_BUS_ADDRESS', 'unix:path=/run/user/1000/bus'), ('COLORTERM', 'truecolor'), ('GIO_LAUNCHED_DESKTOP_FILE_PID', '7523'), ('COLCON_PREFIX_PATH', '/home/abc/planning_with_ros2/install:/home/abc/perception_with_ros2/install'), ('ROS_DISTRO', 'humble'), ('GTK_IM_MODULE', 'ibus'), ('LOGNAME', 'abc'), ('JOURNAL_STREAM', '8:6989'), ('_', '/usr/bin/colcon'), ('ROS_VERSION', '2'), ('XDG_SESSION_CLASS', 'user'), ('USERNAME', 'abc'), ('TERM', 'xterm-256color'), ('GNOME_DESKTOP_SESSION_ID', 'this-is-deprecated'), ('ROS2_PLANNING_COURSE_INSTALL', '/home/abc/planning_with_ros2/install'), ('FC_FONTATIONS', '1'), ('ROS_LOCALHOST_ONLY', '0'), ('WINDOWPATH', '2'), ('PATH', '/usr/local/cuda-11.8/bin:/home/abc/.config/Code/User/globalStorage/github.copilot-chat/debugCommand:/home/abc/.config/Code/User/globalStorage/github.copilot-chat/copilotCli:/usr/local/cuda-11.8/bin:/opt/ros/humble/bin:/usr/local/sbin:/usr/local/bin:/usr/sbin:/usr/bin:/sbin:/bin:/usr/games:/usr/local/games:/snap/bin:/snap/bin:/home/abc/.vscode/extensions/ms-python.debugpy-2025.18.0-linux-x64/bundled/scripts/noConfigScripts'), ('SESSION_MANAGER', 'local/abc-G3-3500:@/tmp/.ICE-unix/1554,unix/abc-G3-3500:/tmp/.ICE-unix/1554'), ('INVOCATION_ID', 'f3a9f1252eb845459ae16b5ad8fdee6d'), ('PAPERSIZE', 'a4'), ('XDG_MENU_PREFIX', 'gnome-'), ('LC_ADDRESS', 'zh_CN.UTF-8'), ('XDG_RUNTIME_DIR', '/run/user/1000'), ('GDK_BACKEND', 'x11'), ('DISPLAY', ':0'), ('VSCODE_DEBUGPY_ADAPTER_ENDPOINTS', '/home/abc/.vscode/extensions/ms-python.debugpy-2025.18.0-linux-x64/.noConfigDebugAdapterEndpoints/endpoint-73f3b4a0a422bf73.txt'), ('LANG', 'en_US.UTF-8'), ('XDG_CURRENT_DESKTOP', 'ubuntu:GNOME'), ('PYTHONSTARTUP', '/home/abc/.config/Code/User/workspaceStorage/4efd6db52f1c03b4cb1fb614d5084a17/ms-python.python/pythonrc.py'), ('LC_TELEPHONE', 'zh_CN.UTF-8'), ('XMODIFIERS', '@im=ibus'), ('XDG_SESSION_DESKTOP', 'ubuntu'), ('XAUTHORITY', '/run/user/1000/gdm/Xauthority'), ('LS_COLORS', 'rs=0:di=01;34:ln=01;36:mh=00:pi=40;33:so=01;35:do=01;35:bd=40;33;01:cd=40;33;01:or=40;31;01:mi=00:su=37;41:sg=30;43:ca=30;41:tw=30;42:ow=34;42:st=37;44:ex=01;32:*.tar=01;31:*.tgz=01;31:*.arc=01;31:*.arj=01;31:*.taz=01;31:*.lha=01;31:*.lz4=01;31:*.lzh=01;31:*.lzma=01;31:*.tlz=01;31:*.txz=01;31:*.tzo=01;31:*.t7z=01;31:*.zip=01;31:*.z=01;31:*.dz=01;31:*.gz=01;31:*.lrz=01;31:*.lz=01;31:*.lzo=01;31:*.xz=01;31:*.zst=01;31:*.tzst=01;31:*.bz2=01;31:*.bz=01;31:*.tbz=01;31:*.tbz2=01;31:*.tz=01;31:*.deb=01;31:*.rpm=01;31:*.jar=01;31:*.war=01;31:*.ear=01;31:*.sar=01;31:*.rar=01;31:*.alz=01;31:*.ace=01;31:*.zoo=01;31:*.cpio=01;31:*.7z=01;31:*.rz=01;31:*.cab=01;31:*.wim=01;31:*.swm=01;31:*.dwm=01;31:*.esd=01;31:*.jpg=01;35:*.jpeg=01;35:*.mjpg=01;35:*.mjpeg=01;35:*.gif=01;35:*.bmp=01;35:*.pbm=01;35:*.pgm=01;35:*.ppm=01;35:*.tga=01;35:*.xbm=01;35:*.xpm=01;35:*.tif=01;35:*.tiff=01;35:*.png=01;35:*.svg=01;35:*.svgz=01;35:*.mng=01;35:*.pcx=01;35:*.mov=01;35:*.mpg=01;35:*.mpeg=01;35:*.m2v=01;35:*.mkv=01;35:*.webm=01;35:*.webp=01;35:*.ogm=01;35:*.mp4=01;35:*.m4v=01;35:*.mp4v=01;35:*.vob=01;35:*.qt=01;35:*.nuv=01;35:*.wmv=01;35:*.asf=01;35:*.rm=01;35:*.rmvb=01;35:*.flc=01;35:*.avi=01;35:*.fli=01;35:*.flv=01;35:*.gl=01;35:*.dl=01;35:*.xcf=01;35:*.xwd=01;35:*.yuv=01;35:*.cgm=01;35:*.emf=01;35:*.ogv=01;35:*.ogx=01;35:*.aac=00;36:*.au=00;36:*.flac=00;36:*.m4a=00;36:*.mid=00;36:*.midi=00;36:*.mka=00;36:*.mp3=00;36:*.mpc=00;36:*.ogg=00;36:*.ra=00;36:*.wav=00;36:*.oga=00;36:*.opus=00;36:*.spx=00;36:*.xspf=00;36:'), ('VSCODE_GIT_IPC_HANDLE', '/run/user/1000/vscode-git-c59a044dc2.sock'), ('TERM_PROGRAM', 'vscode'), ('SSH_AGENT_LAUNCHER', 'gnome-keyring'), ('SSH_AUTH_SOCK', '/run/user/1000/keyring/ssh'), ('ROS_DOMAIN_ID', '2'), ('AMENT_PREFIX_PATH', '/home/abc/planning_with_ros2/install/planning:/home/abc/planning_with_ros2/install/data_plot:/home/abc/planning_with_ros2/install/base_msgs:/home/abc/perception_with_ros2/install/perception:/home/abc/perception_with_ros2/install/data_plot_per:/home/abc/perception_with_ros2/install/base_msgs_per:/opt/ros/humble'), ('SHELL', '/bin/bash'), ('LC_NAME', 'zh_CN.UTF-8'), ('QT_ACCESSIBILITY', '1'), ('GDMSESSION', 'ubuntu'), ('LESSCLOSE', '/usr/bin/lesspipe %s %s'), ('LC_MEASUREMENT', 'zh_CN.UTF-8'), ('GPG_AGENT_INFO', '/run/user/1000/gnupg/S.gpg-agent:0:1'), ('GJS_DEBUG_OUTPUT', 'stderr'), ('LC_IDENTIFICATION', 'zh_CN.UTF-8'), ('VSCODE_GIT_ASKPASS_EXTRA_ARGS', ''), ('QT_IM_MODULE', 'ibus'), ('PWD', '/home/abc/planning_with_ros2/build/planning'), ('LC_ALL', 'en_US.UTF-8'), ('XDG_CONFIG_DIRS', '/etc/xdg/xdg-ubuntu:/etc/xdg'), ('XDG_DATA_DIRS', '/usr/share/ubuntu:/usr/share/gnome:/usr/local/share/:/usr/share/:/var/lib/snapd/desktop'), ('PYTHONPATH', '/home/abc/planning_with_ros2/install/data_plot/lib/python3.10/site-packages:/home/abc/planning_with_ros2/install/base_msgs/local/lib/python3.10/dist-packages:/home/abc/perception_with_ros2/install/data_plot_per/lib/python3.10/site-packages:/home/abc/perception_with_ros2/install/base_msgs_per/local/lib/python3.10/dist-packages:/opt/ros/humble/lib/python3.10/site-packages:/opt/ros/humble/local/lib/python3.10/dist-packages'), ('LC_NUMERIC', 'zh_CN.UTF-8'), ('LC_PAPER', 'zh_CN.UTF-8'), ('COLCON', '1'), ('CMAKE_PREFIX_PATH', '/home/abc/planning_with_ros2/install/base_msgs:/home/abc/planning_with_ros2/install/planning:/home/abc/perception_with_ros2/install/perception:/home/abc/perception_with_ros2/install/base_msgs_per:/home/abc/planning_with_ros2/install/data_plot:/home/abc/perception_with_ros2/install/data_plot_per:/opt/ros/humble')]), 'shell': False}
[12.131651] (-) TimerEvent: {}
[12.144730] (planning) StdoutLine: {'line': b'-- The C compiler identification is GNU 11.4.0\n'}
[12.195102] (planning) StdoutLine: {'line': b'-- The CXX compiler identification is GNU 11.4.0\n'}
[12.202785] (planning) StdoutLine: {'line': b'-- Detecting C compiler ABI info\n'}
[12.231731] (-) TimerEvent: {}
[12.250083] (planning) StdoutLine: {'line': b'-- Detecting C compiler ABI info - done\n'}
[12.280448] (planning) StdoutLine: {'line': b'-- Check for working C compiler: /usr/bin/cc - skipped\n'}
[12.280951] (planning) StdoutLine: {'line': b'-- Detecting C compile features\n'}
[12.281695] (planning) StdoutLine: {'line': b'-- Detecting C compile features - done\n'}
[12.295450] (planning) StdoutLine: {'line': b'-- Detecting CXX compiler ABI info\n'}
[12.331834] (-) TimerEvent: {}
[12.365924] (planning) StdoutLine: {'line': b'-- Detecting CXX compiler ABI info - done\n'}
[12.396937] (planning) StdoutLine: {'line': b'-- Check for working CXX compiler: /usr/bin/c++ - skipped\n'}
[12.397468] (planning) StdoutLine: {'line': b'-- Detecting CXX compile features\n'}
[12.398567] (planning) StdoutLine: {'line': b'-- Detecting CXX compile features - done\n'}
[12.406237] (planning) StdoutLine: {'line': b'-- Found ament_cmake: 1.3.12 (/opt/ros/humble/share/ament_cmake/cmake)\n'}
[12.431929] (-) TimerEvent: {}
[12.491244] (data_plot) Command: {'cmd': ['/usr/bin/python3', '-W', 'ignore:setup.py install is deprecated', '-W', 'ignore:easy_install command is deprecated', 'setup.py', 'egg_info', '--egg-base', '../../build/data_plot', 'build', '--build-base', '/home/abc/planning_with_ros2/build/data_plot/build', 'install', '--record', '/home/abc/planning_with_ros2/build/data_plot/install.log', '--single-version-externally-managed', 'install_data'], 'cwd': '/home/abc/planning_with_ros2/src/data_plot', 'env': {'GJS_DEBUG_TOPICS': 'JS ERROR;JS LOG', 'PYTHON_BASIC_REPL': '1', 'LESSOPEN': '| /usr/bin/lesspipe %s', 'LANGUAGE': 'en_US:en', 'TENSORRT_DIR': '/home/abc/TensorRT-8.6', 'USER': 'abc', 'LC_TIME': 'zh_CN.UTF-8', 'XDG_SESSION_TYPE': 'x11', 'GIT_ASKPASS': '/usr/share/code/resources/app/extensions/git/dist/askpass.sh', 'SHLVL': '1', 'LD_LIBRARY_PATH': '/home/abc/planning_with_ros2/install/base_msgs/lib:/usr/local/cuda-11.8/lib64:/home/abc/planning_with_ros2/install/planning/lib:/usr/local/cuda-11.8/lib64:/home/abc/planning_with_ros2/install/planning/lib:/home/abc/planning_with_ros2/install/planning/lib:/home/abc/perception_with_ros2/install/perception/lib:/home/abc/perception_with_ros2/install/base_msgs_per/lib:/usr/lib/x86_64-linux-gnu/gazebo-11/plugins:/opt/ros/humble/opt/rviz_ogre_vendor/lib:/opt/ros/humble/lib/x86_64-linux-gnu:/opt/ros/humble/lib:/home/abc/TensorRT-8.6/lib:/home/abc/TensorRT-8.6/lib', 'HOME': '/home/abc', 'CHROME_DESKTOP': 'code.desktop', 'TERM_PROGRAM_VERSION': '1.108.2', 'DESKTOP_SESSION': 'ubuntu', 'GIO_LAUNCHED_DESKTOP_FILE': '/usr/share/applications/code.desktop', 'ROS_PYTHON_VERSION': '3', 'GNOME_SHELL_SESSION_MODE': 'ubuntu', 'GTK_MODULES': 'gail:atk-bridge', 'VSCODE_GIT_ASKPASS_MAIN': '/usr/share/code/resources/app/extensions/git/dist/askpass-main.js', 'LC_MONETARY': 'zh_CN.UTF-8', 'VSCODE_GIT_ASKPASS_NODE': '/usr/share/code/code', 'MANAGERPID': '1130', 'PYDEVD_DISABLE_FILE_VALIDATION': '1', 'SYSTEMD_EXEC_PID': '1595', 'BUNDLED_DEBUGPY_PATH': '/home/abc/.vscode/extensions/ms-python.debugpy-2025.18.0-linux-x64/bundled/libs/debugpy', 'VSCODE_PYTHON_AUTOACTIVATE_GUARD': '1', 'DBUS_SESSION_BUS_ADDRESS': 'unix:path=/run/user/1000/bus', 'COLORTERM': 'truecolor', 'GIO_LAUNCHED_DESKTOP_FILE_PID': '7523', 'COLCON_PREFIX_PATH': '/home/abc/planning_with_ros2/install:/home/abc/perception_with_ros2/install', 'ROS_DISTRO': 'humble', 'GTK_IM_MODULE': 'ibus', 'LOGNAME': 'abc', 'JOURNAL_STREAM': '8:6989', '_': '/usr/bin/colcon', 'ROS_VERSION': '2', 'XDG_SESSION_CLASS': 'user', 'USERNAME': 'abc', 'TERM': 'xterm-256color', 'GNOME_DESKTOP_SESSION_ID': 'this-is-deprecated', 'ROS2_PLANNING_COURSE_INSTALL': '/home/abc/planning_with_ros2/install', 'FC_FONTATIONS': '1', 'ROS_LOCALHOST_ONLY': '0', 'WINDOWPATH': '2', 'PATH': '/usr/local/cuda-11.8/bin:/home/abc/.config/Code/User/globalStorage/github.copilot-chat/debugCommand:/home/abc/.config/Code/User/globalStorage/github.copilot-chat/copilotCli:/usr/local/cuda-11.8/bin:/opt/ros/humble/bin:/usr/local/sbin:/usr/local/bin:/usr/sbin:/usr/bin:/sbin:/bin:/usr/games:/usr/local/games:/snap/bin:/snap/bin:/home/abc/.vscode/extensions/ms-python.debugpy-2025.18.0-linux-x64/bundled/scripts/noConfigScripts', 'SESSION_MANAGER': 'local/abc-G3-3500:@/tmp/.ICE-unix/1554,unix/abc-G3-3500:/tmp/.ICE-unix/1554', 'INVOCATION_ID': 'f3a9f1252eb845459ae16b5ad8fdee6d', 'PAPERSIZE': 'a4', 'XDG_MENU_PREFIX': 'gnome-', 'LC_ADDRESS': 'zh_CN.UTF-8', 'XDG_RUNTIME_DIR': '/run/user/1000', 'GDK_BACKEND': 'x11', 'DISPLAY': ':0', 'VSCODE_DEBUGPY_ADAPTER_ENDPOINTS': '/home/abc/.vscode/extensions/ms-python.debugpy-2025.18.0-linux-x64/.noConfigDebugAdapterEndpoints/endpoint-73f3b4a0a422bf73.txt', 'LANG': 'en_US.UTF-8', 'XDG_CURRENT_DESKTOP': 'ubuntu:GNOME', 'PYTHONSTARTUP': '/home/abc/.config/Code/User/workspaceStorage/4efd6db52f1c03b4cb1fb614d5084a17/ms-python.python/pythonrc.py', 'LC_TELEPHONE': 'zh_CN.UTF-8', 'XMODIFIERS': '@im=ibus', 'XDG_SESSION_DESKTOP': 'ubuntu', 'XAUTHORITY': '/run/user/1000/gdm/Xauthority', 'LS_COLORS': 'rs=0:di=01;34:ln=01;36:mh=00:pi=40;33:so=01;35:do=01;35:bd=40;33;01:cd=40;33;01:or=40;31;01:mi=00:su=37;41:sg=30;43:ca=30;41:tw=30;42:ow=34;42:st=37;44:ex=01;32:*.tar=01;31:*.tgz=01;31:*.arc=01;31:*.arj=01;31:*.taz=01;31:*.lha=01;31:*.lz4=01;31:*.lzh=01;31:*.lzma=01;31:*.tlz=01;31:*.txz=01;31:*.tzo=01;31:*.t7z=01;31:*.zip=01;31:*.z=01;31:*.dz=01;31:*.gz=01;31:*.lrz=01;31:*.lz=01;31:*.lzo=01;31:*.xz=01;31:*.zst=01;31:*.tzst=01;31:*.bz2=01;31:*.bz=01;31:*.tbz=01;31:*.tbz2=01;31:*.tz=01;31:*.deb=01;31:*.rpm=01;31:*.jar=01;31:*.war=01;31:*.ear=01;31:*.sar=01;31:*.rar=01;31:*.alz=01;31:*.ace=01;31:*.zoo=01;31:*.cpio=01;31:*.7z=01;31:*.rz=01;31:*.cab=01;31:*.wim=01;31:*.swm=01;31:*.dwm=01;31:*.esd=01;31:*.jpg=01;35:*.jpeg=01;35:*.mjpg=01;35:*.mjpeg=01;35:*.gif=01;35:*.bmp=01;35:*.pbm=01;35:*.pgm=01;35:*.ppm=01;35:*.tga=01;35:*.xbm=01;35:*.xpm=01;35:*.tif=01;35:*.tiff=01;35:*.png=01;35:*.svg=01;35:*.svgz=01;35:*.mng=01;35:*.pcx=01;35:*.mov=01;35:*.mpg=01;35:*.mpeg=01;35:*.m2v=01;35:*.mkv=01;35:*.webm=01;35:*.webp=01;35:*.ogm=01;35:*.mp4=01;35:*.m4v=01;35:*.mp4v=01;35:*.vob=01;35:*.qt=01;35:*.nuv=01;35:*.wmv=01;35:*.asf=01;35:*.rm=01;35:*.rmvb=01;35:*.flc=01;35:*.avi=01;35:*.fli=01;35:*.flv=01;35:*.gl=01;35:*.dl=01;35:*.xcf=01;35:*.xwd=01;35:*.yuv=01;35:*.cgm=01;35:*.emf=01;35:*.ogv=01;35:*.ogx=01;35:*.aac=00;36:*.au=00;36:*.flac=00;36:*.m4a=00;36:*.mid=00;36:*.midi=00;36:*.mka=00;36:*.mp3=00;36:*.mpc=00;36:*.ogg=00;36:*.ra=00;36:*.wav=00;36:*.oga=00;36:*.opus=00;36:*.spx=00;36:*.xspf=00;36:', 'VSCODE_GIT_IPC_HANDLE': '/run/user/1000/vscode-git-c59a044dc2.sock', 'TERM_PROGRAM': 'vscode', 'SSH_AGENT_LAUNCHER': 'gnome-keyring', 'SSH_AUTH_SOCK': '/run/user/1000/keyring/ssh', 'ROS_DOMAIN_ID': '2', 'AMENT_PREFIX_PATH': '/home/abc/planning_with_ros2/install/planning:/home/abc/planning_with_ros2/install/data_plot:/home/abc/planning_with_ros2/install/base_msgs:/home/abc/perception_with_ros2/install/perception:/home/abc/perception_with_ros2/install/data_plot_per:/home/abc/perception_with_ros2/install/base_msgs_per:/opt/ros/humble', 'SHELL': '/bin/bash', 'LC_NAME': 'zh_CN.UTF-8', 'QT_ACCESSIBILITY': '1', 'GDMSESSION': 'ubuntu', 'LESSCLOSE': '/usr/bin/lesspipe %s %s', 'LC_MEASUREMENT': 'zh_CN.UTF-8', 'GPG_AGENT_INFO': '/run/user/1000/gnupg/S.gpg-agent:0:1', 'GJS_DEBUG_OUTPUT': 'stderr', 'LC_IDENTIFICATION': 'zh_CN.UTF-8', 'VSCODE_GIT_ASKPASS_EXTRA_ARGS': '', 'QT_IM_MODULE': 'ibus', 'PWD': '/home/abc/planning_with_ros2/build/data_plot', 'LC_ALL': 'en_US.UTF-8', 'XDG_CONFIG_DIRS': '/etc/xdg/xdg-ubuntu:/etc/xdg', 'XDG_DATA_DIRS': '/usr/share/ubuntu:/usr/share/gnome:/usr/local/share/:/usr/share/:/var/lib/snapd/desktop', 'PYTHONPATH': '/home/abc/planning_with_ros2/build/data_plot/prefix_override:/usr/lib/python3/dist-packages/colcon_core/task/python/colcon_distutils_commands:/home/abc/planning_with_ros2/install/data_plot/lib/python3.10/site-packages:/home/abc/planning_with_ros2/install/data_plot/lib/python3.10/site-packages:/home/abc/planning_with_ros2/install/base_msgs/local/lib/python3.10/dist-packages:/home/abc/perception_with_ros2/install/data_plot_per/lib/python3.10/site-packages:/home/abc/perception_with_ros2/install/base_msgs_per/local/lib/python3.10/dist-packages:/opt/ros/humble/lib/python3.10/site-packages:/opt/ros/humble/local/lib/python3.10/dist-packages', 'LC_NUMERIC': 'zh_CN.UTF-8', 'LC_PAPER': 'zh_CN.UTF-8', 'COLCON': '1', 'CMAKE_PREFIX_PATH': '/home/abc/planning_with_ros2/install/base_msgs:/home/abc/planning_with_ros2/install/planning:/home/abc/perception_with_ros2/install/perception:/home/abc/perception_with_ros2/install/base_msgs_per'}, 'shell': False}
[12.532029] (-) TimerEvent: {}
[12.546872] (planning) StdoutLine: {'line': b'-- Found Python3: /usr/bin/python3 (found version "3.10.12") found components: Interpreter\n'}
[12.632144] (-) TimerEvent: {}
[12.634126] (planning) StdoutLine: {'line': b'-- Found rclcpp: 16.0.17 (/opt/ros/humble/share/rclcpp/cmake)\n'}
[12.681423] (planning) StdoutLine: {'line': b'-- Found rosidl_generator_c: 3.1.8 (/opt/ros/humble/share/rosidl_generator_c/cmake)\n'}
[12.687062] (planning) StdoutLine: {'line': b'-- Found rosidl_adapter: 3.1.8 (/opt/ros/humble/share/rosidl_adapter/cmake)\n'}
[12.696814] (planning) StdoutLine: {'line': b'-- Found rosidl_generator_cpp: 3.1.8 (/opt/ros/humble/share/rosidl_generator_cpp/cmake)\n'}
[12.711637] (planning) StdoutLine: {'line': b'-- Using all available rosidl_typesupport_c: rosidl_typesupport_fastrtps_c;rosidl_typesupport_introspection_c\n'}
[12.731472] (planning) StdoutLine: {'line': b'-- Using all available rosidl_typesupport_cpp: rosidl_typesupport_fastrtps_cpp;rosidl_typesupport_introspection_cpp\n'}
[12.732166] (-) TimerEvent: {}
[12.739120] (data_plot) StdoutLine: {'line': b'running egg_info\n'}
[12.739745] (data_plot) StdoutLine: {'line': b'creating ../../build/data_plot/data_plot.egg-info\n'}
[12.739915] (data_plot) StdoutLine: {'line': b'writing ../../build/data_plot/data_plot.egg-info/PKG-INFO\n'}
[12.740111] (data_plot) StdoutLine: {'line': b'writing dependency_links to ../../build/data_plot/data_plot.egg-info/dependency_links.txt\n'}
[12.740241] (data_plot) StdoutLine: {'line': b'writing entry points to ../../build/data_plot/data_plot.egg-info/entry_points.txt\n'}
[12.740347] (data_plot) StdoutLine: {'line': b'writing requirements to ../../build/data_plot/data_plot.egg-info/requires.txt\n'}
[12.740449] (data_plot) StdoutLine: {'line': b'writing top-level names to ../../build/data_plot/data_plot.egg-info/top_level.txt\n'}
[12.740577] (data_plot) StdoutLine: {'line': b"writing manifest file '../../build/data_plot/data_plot.egg-info/SOURCES.txt'\n"}
[12.742887] (data_plot) StdoutLine: {'line': b"reading manifest file '../../build/data_plot/data_plot.egg-info/SOURCES.txt'\n"}
[12.743494] (data_plot) StdoutLine: {'line': b"writing manifest file '../../build/data_plot/data_plot.egg-info/SOURCES.txt'\n"}
[12.743675] (data_plot) StdoutLine: {'line': b'running build\n'}
[12.743771] (data_plot) StdoutLine: {'line': b'running build_py\n'}
[12.743908] (data_plot) StdoutLine: {'line': b'creating /home/abc/planning_with_ros2/build/data_plot/build\n'}
[12.744031] (data_plot) StdoutLine: {'line': b'creating /home/abc/planning_with_ros2/build/data_plot/build/lib\n'}
[12.744127] (data_plot) StdoutLine: {'line': b'creating /home/abc/planning_with_ros2/build/data_plot/build/lib/data_plot\n'}
[12.744257] (data_plot) StdoutLine: {'line': b'copying data_plot/__init__.py -> /home/abc/planning_with_ros2/build/data_plot/build/lib/data_plot\n'}
[12.744345] (data_plot) StdoutLine: {'line': b'copying data_plot/data_plot.py -> /home/abc/planning_with_ros2/build/data_plot/build/lib/data_plot\n'}
[12.744402] (data_plot) StdoutLine: {'line': b'running install\n'}
[12.744478] (data_plot) StdoutLine: {'line': b'running install_lib\n'}
[12.745119] (data_plot) StdoutLine: {'line': b'creating /home/abc/planning_with_ros2/install/data_plot/lib/python3.10/site-packages/data_plot\n'}
[12.745213] (data_plot) StdoutLine: {'line': b'copying /home/abc/planning_with_ros2/build/data_plot/build/lib/data_plot/__init__.py -> /home/abc/planning_with_ros2/install/data_plot/lib/python3.10/site-packages/data_plot\n'}
[12.745295] (data_plot) StdoutLine: {'line': b'copying /home/abc/planning_with_ros2/build/data_plot/build/lib/data_plot/data_plot.py -> /home/abc/planning_with_ros2/install/data_plot/lib/python3.10/site-packages/data_plot\n'}
[12.745747] (data_plot) StdoutLine: {'line': b'byte-compiling /home/abc/planning_with_ros2/install/data_plot/lib/python3.10/site-packages/data_plot/__init__.py to __init__.cpython-310.pyc\n'}
[12.745941] (data_plot) StdoutLine: {'line': b'byte-compiling /home/abc/planning_with_ros2/install/data_plot/lib/python3.10/site-packages/data_plot/data_plot.py to data_plot.cpython-310.pyc\n'}
[12.746931] (data_plot) StdoutLine: {'line': b'running install_data\n'}
[12.747030] (data_plot) StdoutLine: {'line': b'creating /home/abc/planning_with_ros2/install/data_plot/share/ament_index\n'}
[12.747120] (data_plot) StdoutLine: {'line': b'creating /home/abc/planning_with_ros2/install/data_plot/share/ament_index/resource_index\n'}
[12.747209] (data_plot) StdoutLine: {'line': b'creating /home/abc/planning_with_ros2/install/data_plot/share/ament_index/resource_index/packages\n'}
[12.747272] (data_plot) StdoutLine: {'line': b'copying resource/data_plot -> /home/abc/planning_with_ros2/install/data_plot/share/ament_index/resource_index/packages\n'}
[12.747355] (data_plot) StdoutLine: {'line': b'copying package.xml -> /home/abc/planning_with_ros2/install/data_plot/share/data_plot\n'}
[12.747413] (data_plot) StdoutLine: {'line': b'running install_egg_info\n'}
[12.748980] (data_plot) StdoutLine: {'line': b'Copying ../../build/data_plot/data_plot.egg-info to /home/abc/planning_with_ros2/install/data_plot/lib/python3.10/site-packages/data_plot-0.0.0-py3.10.egg-info\n'}
[12.749709] (data_plot) StdoutLine: {'line': b'running install_scripts\n'}
[12.768517] (data_plot) StdoutLine: {'line': b'Installing data_plot script to /home/abc/planning_with_ros2/install/data_plot/lib/data_plot\n'}
[12.768785] (data_plot) StdoutLine: {'line': b"writing list of installed files to '/home/abc/planning_with_ros2/build/data_plot/install.log'\n"}
[12.788089] (data_plot) CommandEnded: {'returncode': 0}
[12.788578] (planning) StdoutLine: {'line': b'-- Found rmw_implementation_cmake: 6.1.2 (/opt/ros/humble/share/rmw_implementation_cmake/cmake)\n'}
[12.791128] (planning) StdoutLine: {'line': b'-- Found rmw_fastrtps_cpp: 6.2.9 (/opt/ros/humble/share/rmw_fastrtps_cpp/cmake)\n'}
[12.793594] (data_plot) JobEnded: {'identifier': 'data_plot', 'rc': 0}
[12.832265] (-) TimerEvent: {}
[12.869665] (planning) StdoutLine: {'line': b'-- Found OpenSSL: /usr/lib/x86_64-linux-gnu/libcrypto.so (found version "3.0.2")\n'}
[12.896554] (planning) StdoutLine: {'line': b'-- Found FastRTPS: /opt/ros/humble/include\n'}
[12.932351] (-) TimerEvent: {}
[12.938089] (planning) StdoutLine: {'line': b"-- Using RMW implementation 'rmw_fastrtps_cpp' as default\n"}
[12.947320] (planning) StdoutLine: {'line': b'-- Performing Test CMAKE_HAVE_LIBC_PTHREAD\n'}
[13.000793] (planning) StdoutLine: {'line': b'-- Performing Test CMAKE_HAVE_LIBC_PTHREAD - Success\n'}
[13.001860] (planning) StdoutLine: {'line': b'-- Found Threads: TRUE\n'}
[13.032455] (-) TimerEvent: {}
[13.072427] (planning) StdoutLine: {'line': b'-- Found tf2: 0.25.18 (/opt/ros/humble/share/tf2/cmake)\n'}
[13.102132] (planning) StdoutLine: {'line': b'-- Found tf2_ros: 0.25.18 (/opt/ros/humble/share/tf2_ros/cmake)\n'}
[13.132570] (-) TimerEvent: {}
[13.224591] (planning) StdoutLine: {'line': b'-- Found nav_msgs: 4.9.0 (/opt/ros/humble/share/nav_msgs/cmake)\n'}
[13.232646] (-) TimerEvent: {}
[13.250812] (planning) StdoutLine: {'line': b'-- Found visualization_msgs: 4.9.0 (/opt/ros/humble/share/visualization_msgs/cmake)\n'}
[13.307570] (planning) StdoutLine: {'line': b'-- Found base_msgs: 0.0.0 (/home/abc/planning_with_ros2/install/base_msgs/share/base_msgs/cmake)\n'}
[13.332751] (-) TimerEvent: {}
[13.397214] (planning) StdoutLine: {'line': b'-- Found ament_lint_auto: 0.12.14 (/opt/ros/humble/share/ament_lint_auto/cmake)\n'}
[13.432858] (-) TimerEvent: {}
[13.476282] (planning) StdoutLine: {'line': b"-- Added test 'cppcheck' to perform static code analysis on C / C++ code\n"}
[13.477563] (planning) StdoutLine: {'line': b'-- Configured cppcheck include dirs: /home/abc/planning_with_ros2/src/planning/src/common/config_reader;/home/abc/planning_with_ros2/src/planning/src/common/math;/home/abc/planning_with_ros2/src/planning/src/decision_center;/home/abc/planning_with_ros2/src/planning/src/pnc_map_creator;/home/abc/planning_with_ros2/src/planning/src/pnc_map_creator/pnc_map_straight;/home/abc/planning_with_ros2/src/planning/src/pnc_map_creator/pnc_map_sturn;/home/abc/planning_with_ros2/src/planning/src/global_planner;/home/abc/planning_with_ros2/src/planning/src/global_planner/global_planner_normal;/home/abc/planning_with_ros2/src/planning/src/local_planner;/home/abc/planning_with_ros2/src/planning/src/local_planner/local_path;/home/abc/planning_with_ros2/src/planning/src/local_planner/local_speeds;/home/abc/planning_with_ros2/src/planning/src/reference_line;/home/abc/planning_with_ros2/src/planning/src/test/osqp_test;/home/abc/planning_with_ros2/src/planning/src/vehicle_info;/home/abc/planning_with_ros2/src/planning/src/vehicle_info/main_car;/home/abc/planning_with_ros2/src/planning/src/vehicle_info/obs_car;/home/abc/planning_with_ros2/src/planning/src/planning_process;/home/abc/planning_with_ros2/src/planning/src/move_cmd\n'}
[13.477678] (planning) StdoutLine: {'line': b'-- Configured cppcheck exclude dirs and/or files: \n'}
[13.478662] (planning) StdoutLine: {'line': b"-- Added test 'flake8' to check Python code syntax and style conventions\n"}
[13.479999] (planning) StdoutLine: {'line': b"-- Added test 'lint_cmake' to check CMake code style\n"}
[13.480941] (planning) StdoutLine: {'line': b"-- Added test 'pep257' to check Python code against some of the docstring style conventions in PEP 257\n"}
[13.484725] (planning) StdoutLine: {'line': b"-- Added test 'uncrustify' to check C / C++ code style\n"}
[13.484822] (planning) StdoutLine: {'line': b'-- Configured uncrustify additional arguments: \n'}
[13.485708] (planning) StdoutLine: {'line': b"-- Added test 'xmllint' to check XML markup files\n"}
[13.487644] (planning) StdoutLine: {'line': b'-- Configuring done (1.4s)\n'}
[13.532959] (-) TimerEvent: {}
[13.597708] (planning) StdoutLine: {'line': b'-- Generating done (0.1s)\n'}
[13.629849] (planning) StdoutLine: {'line': b'-- Build files have been written to: /home/abc/planning_with_ros2/build/planning\n'}
[13.633057] (-) TimerEvent: {}
[13.643577] (planning) CommandEnded: {'returncode': 0}
[13.644127] (planning) JobProgress: {'identifier': 'planning', 'progress': 'build'}
[13.644494] (planning) Command: {'cmd': ['/usr/local/bin/cmake', '--build', '/home/abc/planning_with_ros2/build/planning', '--', '-j12', '-l12'], 'cwd': '/home/abc/planning_with_ros2/build/planning', 'env': OrderedDict([('GJS_DEBUG_TOPICS', 'JS ERROR;JS LOG'), ('PYTHON_BASIC_REPL', '1'), ('LESSOPEN', '| /usr/bin/lesspipe %s'), ('LANGUAGE', 'en_US:en'), ('TENSORRT_DIR', '/home/abc/TensorRT-8.6'), ('USER', 'abc'), ('LC_TIME', 'zh_CN.UTF-8'), ('XDG_SESSION_TYPE', 'x11'), ('GIT_ASKPASS', '/usr/share/code/resources/app/extensions/git/dist/askpass.sh'), ('SHLVL', '1'), ('LD_LIBRARY_PATH', '/home/abc/planning_with_ros2/install/base_msgs/lib:/usr/local/cuda-11.8/lib64:/home/abc/planning_with_ros2/install/planning/lib:/usr/local/cuda-11.8/lib64:/home/abc/planning_with_ros2/install/planning/lib:/home/abc/planning_with_ros2/install/planning/lib:/home/abc/perception_with_ros2/install/perception/lib:/home/abc/perception_with_ros2/install/base_msgs_per/lib:/usr/lib/x86_64-linux-gnu/gazebo-11/plugins:/opt/ros/humble/opt/rviz_ogre_vendor/lib:/opt/ros/humble/lib/x86_64-linux-gnu:/opt/ros/humble/lib:/home/abc/TensorRT-8.6/lib:/home/abc/TensorRT-8.6/lib'), ('HOME', '/home/abc'), ('CHROME_DESKTOP', 'code.desktop'), ('TERM_PROGRAM_VERSION', '1.108.2'), ('DESKTOP_SESSION', 'ubuntu'), ('GIO_LAUNCHED_DESKTOP_FILE', '/usr/share/applications/code.desktop'), ('ROS_PYTHON_VERSION', '3'), ('GNOME_SHELL_SESSION_MODE', 'ubuntu'), ('GTK_MODULES', 'gail:atk-bridge'), ('VSCODE_GIT_ASKPASS_MAIN', '/usr/share/code/resources/app/extensions/git/dist/askpass-main.js'), ('LC_MONETARY', 'zh_CN.UTF-8'), ('VSCODE_GIT_ASKPASS_NODE', '/usr/share/code/code'), ('MANAGERPID', '1130'), ('PYDEVD_DISABLE_FILE_VALIDATION', '1'), ('SYSTEMD_EXEC_PID', '1595'), ('BUNDLED_DEBUGPY_PATH', '/home/abc/.vscode/extensions/ms-python.debugpy-2025.18.0-linux-x64/bundled/libs/debugpy'), ('VSCODE_PYTHON_AUTOACTIVATE_GUARD', '1'), ('DBUS_SESSION_BUS_ADDRESS', 'unix:path=/run/user/1000/bus'), ('COLORTERM', 'truecolor'), ('GIO_LAUNCHED_DESKTOP_FILE_PID', '7523'), ('COLCON_PREFIX_PATH', '/home/abc/planning_with_ros2/install:/home/abc/perception_with_ros2/install'), ('ROS_DISTRO', 'humble'), ('GTK_IM_MODULE', 'ibus'), ('LOGNAME', 'abc'), ('JOURNAL_STREAM', '8:6989'), ('_', '/usr/bin/colcon'), ('ROS_VERSION', '2'), ('XDG_SESSION_CLASS', 'user'), ('USERNAME', 'abc'), ('TERM', 'xterm-256color'), ('GNOME_DESKTOP_SESSION_ID', 'this-is-deprecated'), ('ROS2_PLANNING_COURSE_INSTALL', '/home/abc/planning_with_ros2/install'), ('FC_FONTATIONS', '1'), ('ROS_LOCALHOST_ONLY', '0'), ('WINDOWPATH', '2'), ('PATH', '/usr/local/cuda-11.8/bin:/home/abc/.config/Code/User/globalStorage/github.copilot-chat/debugCommand:/home/abc/.config/Code/User/globalStorage/github.copilot-chat/copilotCli:/usr/local/cuda-11.8/bin:/opt/ros/humble/bin:/usr/local/sbin:/usr/local/bin:/usr/sbin:/usr/bin:/sbin:/bin:/usr/games:/usr/local/games:/snap/bin:/snap/bin:/home/abc/.vscode/extensions/ms-python.debugpy-2025.18.0-linux-x64/bundled/scripts/noConfigScripts'), ('SESSION_MANAGER', 'local/abc-G3-3500:@/tmp/.ICE-unix/1554,unix/abc-G3-3500:/tmp/.ICE-unix/1554'), ('INVOCATION_ID', 'f3a9f1252eb845459ae16b5ad8fdee6d'), ('PAPERSIZE', 'a4'), ('XDG_MENU_PREFIX', 'gnome-'), ('LC_ADDRESS', 'zh_CN.UTF-8'), ('XDG_RUNTIME_DIR', '/run/user/1000'), ('GDK_BACKEND', 'x11'), ('DISPLAY', ':0'), ('VSCODE_DEBUGPY_ADAPTER_ENDPOINTS', '/home/abc/.vscode/extensions/ms-python.debugpy-2025.18.0-linux-x64/.noConfigDebugAdapterEndpoints/endpoint-73f3b4a0a422bf73.txt'), ('LANG', 'en_US.UTF-8'), ('XDG_CURRENT_DESKTOP', 'ubuntu:GNOME'), ('PYTHONSTARTUP', '/home/abc/.config/Code/User/workspaceStorage/4efd6db52f1c03b4cb1fb614d5084a17/ms-python.python/pythonrc.py'), ('LC_TELEPHONE', 'zh_CN.UTF-8'), ('XMODIFIERS', '@im=ibus'), ('XDG_SESSION_DESKTOP', 'ubuntu'), ('XAUTHORITY', '/run/user/1000/gdm/Xauthority'), ('LS_COLORS', 'rs=0:di=01;34:ln=01;36:mh=00:pi=40;33:so=01;35:do=01;35:bd=40;33;01:cd=40;33;01:or=40;31;01:mi=00:su=37;41:sg=30;43:ca=30;41:tw=30;42:ow=34;42:st=37;44:ex=01;32:*.tar=01;31:*.tgz=01;31:*.arc=01;31:*.arj=01;31:*.taz=01;31:*.lha=01;31:*.lz4=01;31:*.lzh=01;31:*.lzma=01;31:*.tlz=01;31:*.txz=01;31:*.tzo=01;31:*.t7z=01;31:*.zip=01;31:*.z=01;31:*.dz=01;31:*.gz=01;31:*.lrz=01;31:*.lz=01;31:*.lzo=01;31:*.xz=01;31:*.zst=01;31:*.tzst=01;31:*.bz2=01;31:*.bz=01;31:*.tbz=01;31:*.tbz2=01;31:*.tz=01;31:*.deb=01;31:*.rpm=01;31:*.jar=01;31:*.war=01;31:*.ear=01;31:*.sar=01;31:*.rar=01;31:*.alz=01;31:*.ace=01;31:*.zoo=01;31:*.cpio=01;31:*.7z=01;31:*.rz=01;31:*.cab=01;31:*.wim=01;31:*.swm=01;31:*.dwm=01;31:*.esd=01;31:*.jpg=01;35:*.jpeg=01;35:*.mjpg=01;35:*.mjpeg=01;35:*.gif=01;35:*.bmp=01;35:*.pbm=01;35:*.pgm=01;35:*.ppm=01;35:*.tga=01;35:*.xbm=01;35:*.xpm=01;35:*.tif=01;35:*.tiff=01;35:*.png=01;35:*.svg=01;35:*.svgz=01;35:*.mng=01;35:*.pcx=01;35:*.mov=01;35:*.mpg=01;35:*.mpeg=01;35:*.m2v=01;35:*.mkv=01;35:*.webm=01;35:*.webp=01;35:*.ogm=01;35:*.mp4=01;35:*.m4v=01;35:*.mp4v=01;35:*.vob=01;35:*.qt=01;35:*.nuv=01;35:*.wmv=01;35:*.asf=01;35:*.rm=01;35:*.rmvb=01;35:*.flc=01;35:*.avi=01;35:*.fli=01;35:*.flv=01;35:*.gl=01;35:*.dl=01;35:*.xcf=01;35:*.xwd=01;35:*.yuv=01;35:*.cgm=01;35:*.emf=01;35:*.ogv=01;35:*.ogx=01;35:*.aac=00;36:*.au=00;36:*.flac=00;36:*.m4a=00;36:*.mid=00;36:*.midi=00;36:*.mka=00;36:*.mp3=00;36:*.mpc=00;36:*.ogg=00;36:*.ra=00;36:*.wav=00;36:*.oga=00;36:*.opus=00;36:*.spx=00;36:*.xspf=00;36:'), ('VSCODE_GIT_IPC_HANDLE', '/run/user/1000/vscode-git-c59a044dc2.sock'), ('TERM_PROGRAM', 'vscode'), ('SSH_AGENT_LAUNCHER', 'gnome-keyring'), ('SSH_AUTH_SOCK', '/run/user/1000/keyring/ssh'), ('ROS_DOMAIN_ID', '2'), ('AMENT_PREFIX_PATH', '/home/abc/planning_with_ros2/install/planning:/home/abc/planning_with_ros2/install/data_plot:/home/abc/planning_with_ros2/install/base_msgs:/home/abc/perception_with_ros2/install/perception:/home/abc/perception_with_ros2/install/data_plot_per:/home/abc/perception_with_ros2/install/base_msgs_per:/opt/ros/humble'), ('SHELL', '/bin/bash'), ('LC_NAME', 'zh_CN.UTF-8'), ('QT_ACCESSIBILITY', '1'), ('GDMSESSION', 'ubuntu'), ('LESSCLOSE', '/usr/bin/lesspipe %s %s'), ('LC_MEASUREMENT', 'zh_CN.UTF-8'), ('GPG_AGENT_INFO', '/run/user/1000/gnupg/S.gpg-agent:0:1'), ('GJS_DEBUG_OUTPUT', 'stderr'), ('LC_IDENTIFICATION', 'zh_CN.UTF-8'), ('VSCODE_GIT_ASKPASS_EXTRA_ARGS', ''), ('QT_IM_MODULE', 'ibus'), ('PWD', '/home/abc/planning_with_ros2/build/planning'), ('LC_ALL', 'en_US.UTF-8'), ('XDG_CONFIG_DIRS', '/etc/xdg/xdg-ubuntu:/etc/xdg'), ('XDG_DATA_DIRS', '/usr/share/ubuntu:/usr/share/gnome:/usr/local/share/:/usr/share/:/var/lib/snapd/desktop'), ('PYTHONPATH', '/home/abc/planning_with_ros2/install/data_plot/lib/python3.10/site-packages:/home/abc/planning_with_ros2/install/base_msgs/local/lib/python3.10/dist-packages:/home/abc/perception_with_ros2/install/data_plot_per/lib/python3.10/site-packages:/home/abc/perception_with_ros2/install/base_msgs_per/local/lib/python3.10/dist-packages:/opt/ros/humble/lib/python3.10/site-packages:/opt/ros/humble/local/lib/python3.10/dist-packages'), ('LC_NUMERIC', 'zh_CN.UTF-8'), ('LC_PAPER', 'zh_CN.UTF-8'), ('COLCON', '1'), ('CMAKE_PREFIX_PATH', '/home/abc/planning_with_ros2/install/base_msgs:/home/abc/planning_with_ros2/install/planning:/home/abc/perception_with_ros2/install/perception:/home/abc/perception_with_ros2/install/base_msgs_per:/home/abc/planning_with_ros2/install/data_plot:/home/abc/perception_with_ros2/install/data_plot_per:/opt/ros/humble')]), 'shell': False}
[13.663530] (planning) StdoutLine: {'line': b'[  2%] \x1b[32mBuilding CXX object src/common/CMakeFiles/config_reader.dir/config_reader/config_reader.cpp.o\x1b[0m\n'}
[13.663798] (planning) StdoutLine: {'line': b'[  7%] \x1b[32mBuilding CXX object src/common/CMakeFiles/mathlibs.dir/math/curve.cpp.o\x1b[0m\n'}
[13.663963] (planning) StdoutLine: {'line': b'[  7%] \x1b[32mBuilding CXX object src/test/CMakeFiles/osqp_test.dir/osqp_test/osqp_test.cpp.o\x1b[0m\n'}
[13.664165] (planning) StdoutLine: {'line': b'[ 10%] \x1b[32mBuilding CXX object src/test/CMakeFiles/newton_test.dir/newton_test/newton_test.cpp.o\x1b[0m\n'}
[13.664301] (planning) StdoutLine: {'line': b'[ 12%] \x1b[32mBuilding CXX object src/common/CMakeFiles/mathlibs.dir/math/polynomial_curve.cpp.o\x1b[0m\n'}
[13.733202] (-) TimerEvent: {}
[13.833446] (-) TimerEvent: {}
[13.933737] (-) TimerEvent: {}
[14.034016] (-) TimerEvent: {}
[14.134236] (-) TimerEvent: {}
[14.234470] (-) TimerEvent: {}
[14.334756] (-) TimerEvent: {}
[14.435040] (-) TimerEvent: {}
[14.535289] (-) TimerEvent: {}
[14.635564] (-) TimerEvent: {}
[14.735803] (-) TimerEvent: {}
[14.836090] (-) TimerEvent: {}
[14.936374] (-) TimerEvent: {}
[15.036664] (-) TimerEvent: {}
[15.136931] (-) TimerEvent: {}
[15.237223] (-) TimerEvent: {}
[15.337544] (-) TimerEvent: {}
[15.437867] (-) TimerEvent: {}
[15.538206] (-) TimerEvent: {}
[15.638569] (-) TimerEvent: {}
[15.738899] (-) TimerEvent: {}
[15.839228] (-) TimerEvent: {}
[15.939599] (-) TimerEvent: {}
[16.039961] (-) TimerEvent: {}
[16.140293] (-) TimerEvent: {}
[16.240546] (-) TimerEvent: {}
[16.340819] (-) TimerEvent: {}
[16.441090] (-) TimerEvent: {}
[16.541335] (-) TimerEvent: {}
[16.641573] (-) TimerEvent: {}
[16.741852] (-) TimerEvent: {}
[16.842194] (-) TimerEvent: {}
[16.942469] (-) TimerEvent: {}
[17.042744] (-) TimerEvent: {}
[17.143009] (-) TimerEvent: {}
[17.243238] (-) TimerEvent: {}
[17.333014] (planning) StdoutLine: {'line': b'[ 15%] \x1b[32m\x1b[1mLinking CXX shared library libconfig_reader.so\x1b[0m\n'}
[17.343339] (-) TimerEvent: {}
[17.434579] (planning) StdoutLine: {'line': b'[ 15%] Built target config_reader\n'}
[17.442755] (planning) StdoutLine: {'line': b'[ 17%] \x1b[32mBuilding CXX object src/pnc_map_creator/CMakeFiles/pnc_map_creator.dir/pnc_map_straight/pnc_map_creator_straight.cpp.o\x1b[0m\n'}
[17.443066] (planning) StdoutLine: {'line': b'[ 20%] \x1b[32mBuilding CXX object src/global_planner/CMakeFiles/global_planner.dir/global_planner_normal/global_planner_normal.cpp.o\x1b[0m\n'}
[17.443412] (-) TimerEvent: {}
[17.443620] (planning) StdoutLine: {'line': b'[ 23%] \x1b[32mBuilding CXX object src/pnc_map_creator/CMakeFiles/pnc_map_creator.dir/pnc_map_sturn/pnc_map_creator_sturn.cpp.o\x1b[0m\n'}
[17.543528] (-) TimerEvent: {}
[17.565297] (planning) StdoutLine: {'line': b'[ 25%] \x1b[32m\x1b[1mLinking CXX executable newton_test\x1b[0m\n'}
[17.643638] (-) TimerEvent: {}
[17.663180] (planning) StdoutLine: {'line': b'[ 25%] Built target newton_test\n'}
[17.743739] (-) TimerEvent: {}
[17.844038] (-) TimerEvent: {}
[17.944340] (-) TimerEvent: {}
[18.044634] (-) TimerEvent: {}
[18.049333] (planning) StdoutLine: {'line': b'[ 28%] \x1b[32m\x1b[1mLinking CXX executable osqp_test\x1b[0m\n'}
[18.144746] (-) TimerEvent: {}
[18.171536] (planning) StdoutLine: {'line': b'[ 28%] Built target osqp_test\n'}
[18.244849] (-) TimerEvent: {}
[18.345160] (-) TimerEvent: {}
[18.445457] (-) TimerEvent: {}
[18.545773] (-) TimerEvent: {}
[18.646077] (-) TimerEvent: {}
[18.746384] (-) TimerEvent: {}
[18.846693] (-) TimerEvent: {}
[18.947010] (-) TimerEvent: {}
[19.048196] (-) TimerEvent: {}
[19.148552] (-) TimerEvent: {}
[19.248864] (-) TimerEvent: {}
[19.349193] (-) TimerEvent: {}
[19.449513] (-) TimerEvent: {}
[19.549833] (-) TimerEvent: {}
[19.650191] (-) TimerEvent: {}
[19.750551] (-) TimerEvent: {}
[19.850863] (-) TimerEvent: {}
[19.951114] (-) TimerEvent: {}
[20.051389] (-) TimerEvent: {}
[20.151712] (-) TimerEvent: {}
[20.252025] (-) TimerEvent: {}
[20.352351] (-) TimerEvent: {}
[20.452665] (-) TimerEvent: {}
[20.552975] (-) TimerEvent: {}
[20.653305] (-) TimerEvent: {}
[20.753618] (-) TimerEvent: {}
[20.853916] (-) TimerEvent: {}
[20.893429] (planning) StdoutLine: {'line': b'[ 30%] \x1b[32m\x1b[1mLinking CXX shared library libglobal_planner.so\x1b[0m\n'}
[20.954028] (-) TimerEvent: {}
[21.000075] (planning) StdoutLine: {'line': b'[ 30%] Built target global_planner\n'}
[21.001172] (planning) StdoutLine: {'line': b'[ 33%] \x1b[32m\x1b[1mLinking CXX shared library libpnc_map_creator.so\x1b[0m\n'}
[21.007974] (planning) StdoutLine: {'line': b'[ 35%] \x1b[32mBuilding CXX object src/global_planner/CMakeFiles/global_path_server.dir/global_path_server.cpp.o\x1b[0m\n'}
[21.054137] (-) TimerEvent: {}
[21.125604] (planning) StdoutLine: {'line': b'[ 35%] Built target pnc_map_creator\n'}
[21.133575] (planning) StdoutLine: {'line': b'[ 38%] \x1b[32mBuilding CXX object src/pnc_map_creator/CMakeFiles/pnc_map_server.dir/pnc_map_server.cpp.o\x1b[0m\n'}
[21.154218] (-) TimerEvent: {}
[21.254524] (-) TimerEvent: {}
[21.354828] (-) TimerEvent: {}
[21.455122] (-) TimerEvent: {}
[21.555428] (-) TimerEvent: {}
[21.655718] (-) TimerEvent: {}
[21.756007] (-) TimerEvent: {}
[21.856329] (-) TimerEvent: {}
[21.956630] (-) TimerEvent: {}
[22.056920] (-) TimerEvent: {}
[22.157218] (-) TimerEvent: {}
[22.257505] (-) TimerEvent: {}
[22.357797] (-) TimerEvent: {}
[22.458089] (-) TimerEvent: {}
[22.558383] (-) TimerEvent: {}
[22.658667] (-) TimerEvent: {}
[22.758945] (-) TimerEvent: {}
[22.859230] (-) TimerEvent: {}
[22.959524] (-) TimerEvent: {}
[23.059840] (-) TimerEvent: {}
[23.160163] (-) TimerEvent: {}
[23.260474] (-) TimerEvent: {}
[23.360814] (-) TimerEvent: {}
[23.461122] (-) TimerEvent: {}
[23.561435] (-) TimerEvent: {}
[23.661759] (-) TimerEvent: {}
[23.762058] (-) TimerEvent: {}
[23.862294] (-) TimerEvent: {}
[23.962552] (-) TimerEvent: {}
[24.062814] (-) TimerEvent: {}
[24.163069] (-) TimerEvent: {}
[24.263302] (-) TimerEvent: {}
[24.363561] (-) TimerEvent: {}
[24.463763] (-) TimerEvent: {}
[24.564058] (-) TimerEvent: {}
[24.664357] (-) TimerEvent: {}
[24.764654] (-) TimerEvent: {}
[24.864950] (-) TimerEvent: {}
[24.965279] (-) TimerEvent: {}
[25.065579] (-) TimerEvent: {}
[25.165892] (-) TimerEvent: {}
[25.266217] (-) TimerEvent: {}
[25.366560] (-) TimerEvent: {}
[25.466896] (-) TimerEvent: {}
[25.567213] (-) TimerEvent: {}
[25.667459] (-) TimerEvent: {}
[25.767678] (-) TimerEvent: {}
[25.867898] (-) TimerEvent: {}
[25.968157] (-) TimerEvent: {}
[26.068379] (-) TimerEvent: {}
[26.168595] (-) TimerEvent: {}
[26.268818] (-) TimerEvent: {}
[26.369060] (-) TimerEvent: {}
[26.469357] (-) TimerEvent: {}
[26.569672] (-) TimerEvent: {}
[26.669900] (-) TimerEvent: {}
[26.680019] (planning) StdoutLine: {'line': b'[ 41%] \x1b[32m\x1b[1mLinking CXX shared library libmathlibs.so\x1b[0m\n'}
[26.769996] (-) TimerEvent: {}
[26.870236] (-) TimerEvent: {}
[26.970476] (-) TimerEvent: {}
[27.027425] (planning) StdoutLine: {'line': b'[ 41%] Built target mathlibs\n'}
[27.035050] (planning) StdoutLine: {'line': b'[ 43%] \x1b[32mBuilding CXX object src/vehicle_info/CMakeFiles/vehicle_info.dir/main_car/main_car_info.cpp.o\x1b[0m\n'}
[27.035251] (planning) StdoutLine: {'line': b'[ 46%] \x1b[32mBuilding CXX object src/reference_line/CMakeFiles/reference_line.dir/reference_line_creator.cpp.o\x1b[0m\n'}
[27.035331] (planning) StdoutLine: {'line': b'[ 48%] \x1b[32mBuilding CXX object src/vehicle_info/CMakeFiles/vehicle_info.dir/obs_car/obs_car_info.cpp.o\x1b[0m\n'}
[27.035443] (planning) StdoutLine: {'line': b'[ 51%] \x1b[32mBuilding CXX object src/reference_line/CMakeFiles/reference_line.dir/reference_line_smoother.cpp.o\x1b[0m\n'}
[27.070573] (-) TimerEvent: {}
[27.170866] (-) TimerEvent: {}
[27.266500] (planning) StdoutLine: {'line': b'[ 53%] \x1b[32m\x1b[1mLinking CXX executable global_path_server\x1b[0m\n'}
[27.270967] (-) TimerEvent: {}
[27.326974] (planning) StdoutLine: {'line': b'[ 56%] \x1b[32m\x1b[1mLinking CXX executable pnc_map_server\x1b[0m\n'}
[27.371124] (-) TimerEvent: {}
[27.471560] (-) TimerEvent: {}
[27.542248] (planning) StdoutLine: {'line': b'[ 56%] Built target global_path_server\n'}
[27.571671] (-) TimerEvent: {}
[27.606767] (planning) StdoutLine: {'line': b'[ 56%] Built target pnc_map_server\n'}
[27.671776] (-) TimerEvent: {}
[27.772076] (-) TimerEvent: {}
[27.872389] (-) TimerEvent: {}
[27.972692] (-) TimerEvent: {}
[28.072993] (-) TimerEvent: {}
[28.173312] (-) TimerEvent: {}
[28.273650] (-) TimerEvent: {}
[28.373962] (-) TimerEvent: {}
[28.474305] (-) TimerEvent: {}
[28.574638] (-) TimerEvent: {}
[28.674973] (-) TimerEvent: {}
[28.775293] (-) TimerEvent: {}
[28.875615] (-) TimerEvent: {}
[28.975935] (-) TimerEvent: {}
[29.076230] (-) TimerEvent: {}
[29.176569] (-) TimerEvent: {}
[29.276918] (-) TimerEvent: {}
[29.377279] (-) TimerEvent: {}
[29.477595] (-) TimerEvent: {}
[29.577913] (-) TimerEvent: {}
[29.678223] (-) TimerEvent: {}
[29.778548] (-) TimerEvent: {}
[29.878844] (-) TimerEvent: {}
[29.979148] (-) TimerEvent: {}
[30.079467] (-) TimerEvent: {}
[30.179778] (-) TimerEvent: {}
[30.280103] (-) TimerEvent: {}
[30.380424] (-) TimerEvent: {}
[30.440846] (planning) StdoutLine: {'line': b'[ 58%] \x1b[32m\x1b[1mLinking CXX shared library libvehicle_info.so\x1b[0m\n'}
[30.480524] (-) TimerEvent: {}
[30.580833] (-) TimerEvent: {}
[30.664172] (planning) StdoutLine: {'line': b'[ 58%] Built target vehicle_info\n'}
[30.672386] (planning) StdoutLine: {'line': b'[ 66%] \x1b[32mBuilding CXX object src/decision_center/CMakeFiles/decision_center.dir/decision_center.cpp.o\x1b[0m\n'}
[30.672632] (planning) StdoutLine: {'line': b'[ 66%] \x1b[32mBuilding CXX object src/move_cmd/CMakeFiles/car_move_cmd.dir/car_move_cmd.cpp.o\x1b[0m\n'}
[30.672767] (planning) StdoutLine: {'line': b'[ 66%] \x1b[32mBuilding CXX object src/move_cmd/CMakeFiles/obs_move_cmd.dir/obs_move_cmd.cpp.o\x1b[0m\n'}
[30.680932] (-) TimerEvent: {}
[30.781212] (-) TimerEvent: {}
[30.881506] (-) TimerEvent: {}
[30.981806] (-) TimerEvent: {}
[31.082094] (-) TimerEvent: {}
[31.182405] (-) TimerEvent: {}
[31.282705] (-) TimerEvent: {}
[31.383010] (-) TimerEvent: {}
[31.483321] (-) TimerEvent: {}
[31.583608] (-) TimerEvent: {}
[31.683877] (-) TimerEvent: {}
[31.784124] (-) TimerEvent: {}
[31.884370] (-) TimerEvent: {}
[31.984591] (-) TimerEvent: {}
[32.084812] (-) TimerEvent: {}
[32.185075] (-) TimerEvent: {}
[32.285320] (-) TimerEvent: {}
[32.339851] (planning) StdoutLine: {'line': b'[ 69%] \x1b[32m\x1b[1mLinking CXX shared library libreference_line.so\x1b[0m\n'}
[32.385418] (-) TimerEvent: {}
[32.485681] (-) TimerEvent: {}
[32.570395] (planning) StdoutLine: {'line': b'[ 69%] Built target reference_line\n'}
[32.585816] (-) TimerEvent: {}
[32.686116] (-) TimerEvent: {}
[32.786371] (-) TimerEvent: {}
[32.886628] (-) TimerEvent: {}
[32.986896] (-) TimerEvent: {}
[33.087135] (-) TimerEvent: {}
[33.187377] (-) TimerEvent: {}
[33.287613] (-) TimerEvent: {}
[33.387876] (-) TimerEvent: {}
[33.488135] (-) TimerEvent: {}
[33.588375] (-) TimerEvent: {}
[33.688604] (-) TimerEvent: {}
[33.788869] (-) TimerEvent: {}
[33.889145] (-) TimerEvent: {}
[33.989413] (-) TimerEvent: {}
[34.031003] (planning) StdoutLine: {'line': b'[ 71%] \x1b[32m\x1b[1mLinking CXX shared library libdecision_center.so\x1b[0m\n'}
[34.089543] (-) TimerEvent: {}
[34.150854] (planning) StdoutLine: {'line': b'[ 71%] Built target decision_center\n'}
[34.159066] (planning) StdoutLine: {'line': b'[ 74%] \x1b[32mBuilding CXX object src/local_planner/CMakeFiles/local_planner.dir/local_trajectory_combiner.cpp.o\x1b[0m\n'}
[34.159348] (planning) StdoutLine: {'line': b'[ 76%] \x1b[32mBuilding CXX object src/local_planner/CMakeFiles/local_planner.dir/local_path/local_path_planner.cpp.o\x1b[0m\n'}
[34.159576] (planning) StdoutLine: {'line': b'[ 79%] \x1b[32mBuilding CXX object src/local_planner/CMakeFiles/local_planner.dir/local_speeds/local_speeds_planner.cpp.o\x1b[0m\n'}
[34.159763] (planning) StdoutLine: {'line': b'[ 82%] \x1b[32mBuilding CXX object src/local_planner/CMakeFiles/local_planner.dir/local_speeds/local_speeds_smoother.cpp.o\x1b[0m\n'}
[34.159903] (planning) StdoutLine: {'line': b'[ 84%] \x1b[32mBuilding CXX object src/local_planner/CMakeFiles/local_planner.dir/local_path/local_path_smoother.cpp.o\x1b[0m\n'}
[34.189649] (-) TimerEvent: {}
[34.289938] (-) TimerEvent: {}
[34.390222] (-) TimerEvent: {}
[34.490509] (-) TimerEvent: {}
[34.590824] (-) TimerEvent: {}
[34.691133] (-) TimerEvent: {}
[34.791460] (-) TimerEvent: {}
[34.891786] (-) TimerEvent: {}
[34.992111] (-) TimerEvent: {}
[35.092448] (-) TimerEvent: {}
[35.192775] (-) TimerEvent: {}
[35.293101] (-) TimerEvent: {}
[35.373999] (planning) StdoutLine: {'line': b'[ 87%] \x1b[32m\x1b[1mLinking CXX executable obs_move_cmd\x1b[0m\n'}
[35.393226] (-) TimerEvent: {}
[35.493558] (-) TimerEvent: {}
[35.593901] (-) TimerEvent: {}
[35.630215] (planning) StdoutLine: {'line': b'[ 87%] Built target obs_move_cmd\n'}
[35.694012] (-) TimerEvent: {}
[35.794347] (-) TimerEvent: {}
[35.894667] (-) TimerEvent: {}
[35.994977] (-) TimerEvent: {}
[36.095301] (-) TimerEvent: {}
[36.195626] (-) TimerEvent: {}
[36.295957] (-) TimerEvent: {}
[36.396281] (-) TimerEvent: {}
[36.496616] (-) TimerEvent: {}
[36.596943] (-) TimerEvent: {}
[36.697319] (-) TimerEvent: {}
[36.797686] (-) TimerEvent: {}
[36.898029] (-) TimerEvent: {}
[36.998386] (-) TimerEvent: {}
[37.098704] (-) TimerEvent: {}
[37.199008] (-) TimerEvent: {}
[37.299313] (-) TimerEvent: {}
[37.399615] (-) TimerEvent: {}
[37.499933] (-) TimerEvent: {}
[37.600221] (-) TimerEvent: {}
[37.700514] (-) TimerEvent: {}
[37.800806] (-) TimerEvent: {}
[37.901089] (-) TimerEvent: {}
[38.001392] (-) TimerEvent: {}
[38.101688] (-) TimerEvent: {}
[38.201979] (-) TimerEvent: {}
[38.302295] (-) TimerEvent: {}
[38.402559] (-) TimerEvent: {}
[38.485058] (planning) StdoutLine: {'line': b'[ 89%] \x1b[32m\x1b[1mLinking CXX shared library liblocal_planner.so\x1b[0m\n'}
[38.502653] (-) TimerEvent: {}
[38.602916] (-) TimerEvent: {}
[38.703188] (-) TimerEvent: {}
[38.710121] (planning) StdoutLine: {'line': b'[ 89%] Built target local_planner\n'}
[38.719990] (planning) StdoutLine: {'line': b'[ 92%] \x1b[32mBuilding CXX object src/planning_process/CMakeFiles/planning_process.dir/planning_process_main.cpp.o\x1b[0m\n'}
[38.720254] (planning) StdoutLine: {'line': b'[ 94%] \x1b[32mBuilding CXX object src/planning_process/CMakeFiles/planning_process.dir/planning_process.cpp.o\x1b[0m\n'}
[38.803284] (-) TimerEvent: {}
[38.903528] (-) TimerEvent: {}
[39.003749] (-) TimerEvent: {}
[39.103968] (-) TimerEvent: {}
[39.204224] (-) TimerEvent: {}
[39.304444] (-) TimerEvent: {}
[39.404667] (-) TimerEvent: {}
[39.504922] (-) TimerEvent: {}
[39.605187] (-) TimerEvent: {}
[39.705408] (-) TimerEvent: {}
[39.805665] (-) TimerEvent: {}
[39.905926] (-) TimerEvent: {}
[40.006191] (-) TimerEvent: {}
[40.106421] (-) TimerEvent: {}
[40.206671] (-) TimerEvent: {}
[40.285029] (planning) StdoutLine: {'line': b'[ 97%] \x1b[32m\x1b[1mLinking CXX executable car_move_cmd\x1b[0m\n'}
[40.306762] (-) TimerEvent: {}
[40.407035] (-) TimerEvent: {}
[40.507287] (-) TimerEvent: {}
[40.607540] (-) TimerEvent: {}
[40.707828] (-) TimerEvent: {}
[40.774737] (planning) StdoutLine: {'line': b'[ 97%] Built target car_move_cmd\n'}
[40.807934] (-) TimerEvent: {}
[40.908214] (-) TimerEvent: {}
[41.008477] (-) TimerEvent: {}
[41.108710] (-) TimerEvent: {}
[41.209012] (-) TimerEvent: {}
[41.309238] (-) TimerEvent: {}
[41.409464] (-) TimerEvent: {}
[41.509693] (-) TimerEvent: {}
[41.609948] (-) TimerEvent: {}
[41.710180] (-) TimerEvent: {}
[41.810411] (-) TimerEvent: {}
[41.910666] (-) TimerEvent: {}
[42.010939] (-) TimerEvent: {}
[42.111201] (-) TimerEvent: {}
[42.211429] (-) TimerEvent: {}
[42.311655] (-) TimerEvent: {}
[42.411878] (-) TimerEvent: {}
[42.512130] (-) TimerEvent: {}
[42.612358] (-) TimerEvent: {}
[42.712585] (-) TimerEvent: {}
[42.812804] (-) TimerEvent: {}
[42.913058] (-) TimerEvent: {}
[43.013287] (-) TimerEvent: {}
[43.113520] (-) TimerEvent: {}
[43.213802] (-) TimerEvent: {}
[43.314060] (-) TimerEvent: {}
[43.414295] (-) TimerEvent: {}
[43.514510] (-) TimerEvent: {}
[43.614765] (-) TimerEvent: {}
[43.714990] (-) TimerEvent: {}
[43.815240] (-) TimerEvent: {}
[43.915463] (-) TimerEvent: {}
[44.015720] (-) TimerEvent: {}
[44.115974] (-) TimerEvent: {}
[44.216234] (-) TimerEvent: {}
[44.316459] (-) TimerEvent: {}
[44.416679] (-) TimerEvent: {}
[44.516933] (-) TimerEvent: {}
[44.617193] (-) TimerEvent: {}
[44.717453] (-) TimerEvent: {}
[44.817728] (-) TimerEvent: {}
[44.918003] (-) TimerEvent: {}
[45.018257] (-) TimerEvent: {}
[45.118512] (-) TimerEvent: {}
[45.218767] (-) TimerEvent: {}
[45.319030] (-) TimerEvent: {}
[45.419251] (-) TimerEvent: {}
[45.519472] (-) TimerEvent: {}
[45.619692] (-) TimerEvent: {}
[45.719939] (-) TimerEvent: {}
[45.820200] (-) TimerEvent: {}
[45.920431] (-) TimerEvent: {}
[46.020650] (-) TimerEvent: {}
[46.120905] (-) TimerEvent: {}
[46.221129] (-) TimerEvent: {}
[46.321368] (-) TimerEvent: {}
[46.421619] (-) TimerEvent: {}
[46.521857] (-) TimerEvent: {}
[46.622139] (-) TimerEvent: {}
[46.722413] (-) TimerEvent: {}
[46.822656] (-) TimerEvent: {}
[46.922905] (-) TimerEvent: {}
[47.023124] (-) TimerEvent: {}
[47.123352] (-) TimerEvent: {}
[47.223569] (-) TimerEvent: {}
[47.323786] (-) TimerEvent: {}
[47.424004] (-) TimerEvent: {}
[47.524236] (-) TimerEvent: {}
[47.624449] (-) TimerEvent: {}
[47.724663] (-) TimerEvent: {}
[47.824875] (-) TimerEvent: {}
[47.925128] (-) TimerEvent: {}
[48.025343] (-) TimerEvent: {}
[48.125555] (-) TimerEvent: {}
[48.225806] (-) TimerEvent: {}
[48.326055] (-) TimerEvent: {}
[48.426312] (-) TimerEvent: {}
[48.526567] (-) TimerEvent: {}
[48.626782] (-) TimerEvent: {}
[48.726994] (-) TimerEvent: {}
[48.827234] (-) TimerEvent: {}
[48.927452] (-) TimerEvent: {}
[49.027663] (-) TimerEvent: {}
[49.127912] (-) TimerEvent: {}
[49.228170] (-) TimerEvent: {}
[49.328394] (-) TimerEvent: {}
[49.428642] (-) TimerEvent: {}
[49.528891] (-) TimerEvent: {}
[49.629139] (-) TimerEvent: {}
[49.729391] (-) TimerEvent: {}
[49.829637] (-) TimerEvent: {}
[49.929882] (-) TimerEvent: {}
[50.030125] (-) TimerEvent: {}
[50.130344] (-) TimerEvent: {}
[50.230569] (-) TimerEvent: {}
[50.330804] (-) TimerEvent: {}
[50.431069] (-) TimerEvent: {}
[50.531295] (-) TimerEvent: {}
[50.631509] (-) TimerEvent: {}
[50.731723] (-) TimerEvent: {}
[50.831971] (-) TimerEvent: {}
[50.932196] (-) TimerEvent: {}
[51.032422] (-) TimerEvent: {}
[51.132678] (-) TimerEvent: {}
[51.232935] (-) TimerEvent: {}
[51.333196] (-) TimerEvent: {}
[51.433428] (-) TimerEvent: {}
[51.533688] (-) TimerEvent: {}
[51.633964] (-) TimerEvent: {}
[51.734205] (-) TimerEvent: {}
[51.739998] (planning) StdoutLine: {'line': b'[100%] \x1b[32m\x1b[1mLinking CXX executable planning_process\x1b[0m\n'}
[51.834294] (-) TimerEvent: {}
[51.934521] (-) TimerEvent: {}
[52.034760] (-) TimerEvent: {}
[52.135008] (-) TimerEvent: {}
[52.235203] (-) TimerEvent: {}
[52.335438] (-) TimerEvent: {}
[52.349658] (planning) StdoutLine: {'line': b'[100%] Built target planning_process\n'}
[52.353778] (planning) CommandEnded: {'returncode': 0}
[52.354540] (planning) JobProgress: {'identifier': 'planning', 'progress': 'install'}
[52.354928] (planning) Command: {'cmd': ['/usr/local/bin/cmake', '--install', '/home/abc/planning_with_ros2/build/planning'], 'cwd': '/home/abc/planning_with_ros2/build/planning', 'env': OrderedDict([('GJS_DEBUG_TOPICS', 'JS ERROR;JS LOG'), ('PYTHON_BASIC_REPL', '1'), ('LESSOPEN', '| /usr/bin/lesspipe %s'), ('LANGUAGE', 'en_US:en'), ('TENSORRT_DIR', '/home/abc/TensorRT-8.6'), ('USER', 'abc'), ('LC_TIME', 'zh_CN.UTF-8'), ('XDG_SESSION_TYPE', 'x11'), ('GIT_ASKPASS', '/usr/share/code/resources/app/extensions/git/dist/askpass.sh'), ('SHLVL', '1'), ('LD_LIBRARY_PATH', '/home/abc/planning_with_ros2/install/base_msgs/lib:/usr/local/cuda-11.8/lib64:/home/abc/planning_with_ros2/install/planning/lib:/usr/local/cuda-11.8/lib64:/home/abc/planning_with_ros2/install/planning/lib:/home/abc/planning_with_ros2/install/planning/lib:/home/abc/perception_with_ros2/install/perception/lib:/home/abc/perception_with_ros2/install/base_msgs_per/lib:/usr/lib/x86_64-linux-gnu/gazebo-11/plugins:/opt/ros/humble/opt/rviz_ogre_vendor/lib:/opt/ros/humble/lib/x86_64-linux-gnu:/opt/ros/humble/lib:/home/abc/TensorRT-8.6/lib:/home/abc/TensorRT-8.6/lib'), ('HOME', '/home/abc'), ('CHROME_DESKTOP', 'code.desktop'), ('TERM_PROGRAM_VERSION', '1.108.2'), ('DESKTOP_SESSION', 'ubuntu'), ('GIO_LAUNCHED_DESKTOP_FILE', '/usr/share/applications/code.desktop'), ('ROS_PYTHON_VERSION', '3'), ('GNOME_SHELL_SESSION_MODE', 'ubuntu'), ('GTK_MODULES', 'gail:atk-bridge'), ('VSCODE_GIT_ASKPASS_MAIN', '/usr/share/code/resources/app/extensions/git/dist/askpass-main.js'), ('LC_MONETARY', 'zh_CN.UTF-8'), ('VSCODE_GIT_ASKPASS_NODE', '/usr/share/code/code'), ('MANAGERPID', '1130'), ('PYDEVD_DISABLE_FILE_VALIDATION', '1'), ('SYSTEMD_EXEC_PID', '1595'), ('BUNDLED_DEBUGPY_PATH', '/home/abc/.vscode/extensions/ms-python.debugpy-2025.18.0-linux-x64/bundled/libs/debugpy'), ('VSCODE_PYTHON_AUTOACTIVATE_GUARD', '1'), ('DBUS_SESSION_BUS_ADDRESS', 'unix:path=/run/user/1000/bus'), ('COLORTERM', 'truecolor'), ('GIO_LAUNCHED_DESKTOP_FILE_PID', '7523'), ('COLCON_PREFIX_PATH', '/home/abc/planning_with_ros2/install:/home/abc/perception_with_ros2/install'), ('ROS_DISTRO', 'humble'), ('GTK_IM_MODULE', 'ibus'), ('LOGNAME', 'abc'), ('JOURNAL_STREAM', '8:6989'), ('_', '/usr/bin/colcon'), ('ROS_VERSION', '2'), ('XDG_SESSION_CLASS', 'user'), ('USERNAME', 'abc'), ('TERM', 'xterm-256color'), ('GNOME_DESKTOP_SESSION_ID', 'this-is-deprecated'), ('ROS2_PLANNING_COURSE_INSTALL', '/home/abc/planning_with_ros2/install'), ('FC_FONTATIONS', '1'), ('ROS_LOCALHOST_ONLY', '0'), ('WINDOWPATH', '2'), ('PATH', '/usr/local/cuda-11.8/bin:/home/abc/.config/Code/User/globalStorage/github.copilot-chat/debugCommand:/home/abc/.config/Code/User/globalStorage/github.copilot-chat/copilotCli:/usr/local/cuda-11.8/bin:/opt/ros/humble/bin:/usr/local/sbin:/usr/local/bin:/usr/sbin:/usr/bin:/sbin:/bin:/usr/games:/usr/local/games:/snap/bin:/snap/bin:/home/abc/.vscode/extensions/ms-python.debugpy-2025.18.0-linux-x64/bundled/scripts/noConfigScripts'), ('SESSION_MANAGER', 'local/abc-G3-3500:@/tmp/.ICE-unix/1554,unix/abc-G3-3500:/tmp/.ICE-unix/1554'), ('INVOCATION_ID', 'f3a9f1252eb845459ae16b5ad8fdee6d'), ('PAPERSIZE', 'a4'), ('XDG_MENU_PREFIX', 'gnome-'), ('LC_ADDRESS', 'zh_CN.UTF-8'), ('XDG_RUNTIME_DIR', '/run/user/1000'), ('GDK_BACKEND', 'x11'), ('DISPLAY', ':0'), ('VSCODE_DEBUGPY_ADAPTER_ENDPOINTS', '/home/abc/.vscode/extensions/ms-python.debugpy-2025.18.0-linux-x64/.noConfigDebugAdapterEndpoints/endpoint-73f3b4a0a422bf73.txt'), ('LANG', 'en_US.UTF-8'), ('XDG_CURRENT_DESKTOP', 'ubuntu:GNOME'), ('PYTHONSTARTUP', '/home/abc/.config/Code/User/workspaceStorage/4efd6db52f1c03b4cb1fb614d5084a17/ms-python.python/pythonrc.py'), ('LC_TELEPHONE', 'zh_CN.UTF-8'), ('XMODIFIERS', '@im=ibus'), ('XDG_SESSION_DESKTOP', 'ubuntu'), ('XAUTHORITY', '/run/user/1000/gdm/Xauthority'), ('LS_COLORS', 'rs=0:di=01;34:ln=01;36:mh=00:pi=40;33:so=01;35:do=01;35:bd=40;33;01:cd=40;33;01:or=40;31;01:mi=00:su=37;41:sg=30;43:ca=30;41:tw=30;42:ow=34;42:st=37;44:ex=01;32:*.tar=01;31:*.tgz=01;31:*.arc=01;31:*.arj=01;31:*.taz=01;31:*.lha=01;31:*.lz4=01;31:*.lzh=01;31:*.lzma=01;31:*.tlz=01;31:*.txz=01;31:*.tzo=01;31:*.t7z=01;31:*.zip=01;31:*.z=01;31:*.dz=01;31:*.gz=01;31:*.lrz=01;31:*.lz=01;31:*.lzo=01;31:*.xz=01;31:*.zst=01;31:*.tzst=01;31:*.bz2=01;31:*.bz=01;31:*.tbz=01;31:*.tbz2=01;31:*.tz=01;31:*.deb=01;31:*.rpm=01;31:*.jar=01;31:*.war=01;31:*.ear=01;31:*.sar=01;31:*.rar=01;31:*.alz=01;31:*.ace=01;31:*.zoo=01;31:*.cpio=01;31:*.7z=01;31:*.rz=01;31:*.cab=01;31:*.wim=01;31:*.swm=01;31:*.dwm=01;31:*.esd=01;31:*.jpg=01;35:*.jpeg=01;35:*.mjpg=01;35:*.mjpeg=01;35:*.gif=01;35:*.bmp=01;35:*.pbm=01;35:*.pgm=01;35:*.ppm=01;35:*.tga=01;35:*.xbm=01;35:*.xpm=01;35:*.tif=01;35:*.tiff=01;35:*.png=01;35:*.svg=01;35:*.svgz=01;35:*.mng=01;35:*.pcx=01;35:*.mov=01;35:*.mpg=01;35:*.mpeg=01;35:*.m2v=01;35:*.mkv=01;35:*.webm=01;35:*.webp=01;35:*.ogm=01;35:*.mp4=01;35:*.m4v=01;35:*.mp4v=01;35:*.vob=01;35:*.qt=01;35:*.nuv=01;35:*.wmv=01;35:*.asf=01;35:*.rm=01;35:*.rmvb=01;35:*.flc=01;35:*.avi=01;35:*.fli=01;35:*.flv=01;35:*.gl=01;35:*.dl=01;35:*.xcf=01;35:*.xwd=01;35:*.yuv=01;35:*.cgm=01;35:*.emf=01;35:*.ogv=01;35:*.ogx=01;35:*.aac=00;36:*.au=00;36:*.flac=00;36:*.m4a=00;36:*.mid=00;36:*.midi=00;36:*.mka=00;36:*.mp3=00;36:*.mpc=00;36:*.ogg=00;36:*.ra=00;36:*.wav=00;36:*.oga=00;36:*.opus=00;36:*.spx=00;36:*.xspf=00;36:'), ('VSCODE_GIT_IPC_HANDLE', '/run/user/1000/vscode-git-c59a044dc2.sock'), ('TERM_PROGRAM', 'vscode'), ('SSH_AGENT_LAUNCHER', 'gnome-keyring'), ('SSH_AUTH_SOCK', '/run/user/1000/keyring/ssh'), ('ROS_DOMAIN_ID', '2'), ('AMENT_PREFIX_PATH', '/home/abc/planning_with_ros2/install/planning:/home/abc/planning_with_ros2/install/data_plot:/home/abc/planning_with_ros2/install/base_msgs:/home/abc/perception_with_ros2/install/perception:/home/abc/perception_with_ros2/install/data_plot_per:/home/abc/perception_with_ros2/install/base_msgs_per:/opt/ros/humble'), ('SHELL', '/bin/bash'), ('LC_NAME', 'zh_CN.UTF-8'), ('QT_ACCESSIBILITY', '1'), ('GDMSESSION', 'ubuntu'), ('LESSCLOSE', '/usr/bin/lesspipe %s %s'), ('LC_MEASUREMENT', 'zh_CN.UTF-8'), ('GPG_AGENT_INFO', '/run/user/1000/gnupg/S.gpg-agent:0:1'), ('GJS_DEBUG_OUTPUT', 'stderr'), ('LC_IDENTIFICATION', 'zh_CN.UTF-8'), ('VSCODE_GIT_ASKPASS_EXTRA_ARGS', ''), ('QT_IM_MODULE', 'ibus'), ('PWD', '/home/abc/planning_with_ros2/build/planning'), ('LC_ALL', 'en_US.UTF-8'), ('XDG_CONFIG_DIRS', '/etc/xdg/xdg-ubuntu:/etc/xdg'), ('XDG_DATA_DIRS', '/usr/share/ubuntu:/usr/share/gnome:/usr/local/share/:/usr/share/:/var/lib/snapd/desktop'), ('PYTHONPATH', '/home/abc/planning_with_ros2/install/data_plot/lib/python3.10/site-packages:/home/abc/planning_with_ros2/install/base_msgs/local/lib/python3.10/dist-packages:/home/abc/perception_with_ros2/install/data_plot_per/lib/python3.10/site-packages:/home/abc/perception_with_ros2/install/base_msgs_per/local/lib/python3.10/dist-packages:/opt/ros/humble/lib/python3.10/site-packages:/opt/ros/humble/local/lib/python3.10/dist-packages'), ('LC_NUMERIC', 'zh_CN.UTF-8'), ('LC_PAPER', 'zh_CN.UTF-8'), ('COLCON', '1'), ('CMAKE_PREFIX_PATH', '/home/abc/planning_with_ros2/install/base_msgs:/home/abc/planning_with_ros2/install/planning:/home/abc/perception_with_ros2/install/perception:/home/abc/perception_with_ros2/install/base_msgs_per:/home/abc/planning_with_ros2/install/data_plot:/home/abc/perception_with_ros2/install/data_plot_per:/opt/ros/humble')]), 'shell': False}
[52.357425] (planning) StdoutLine: {'line': b'-- Install configuration: ""\n'}
[52.357768] (planning) StdoutLine: {'line': b'-- Installing: /home/abc/planning_with_ros2/install/planning/lib/libconfig_reader.so\n'}
[52.358388] (planning) StdoutLine: {'line': b'-- Set non-toolchain portion of runtime path of "/home/abc/planning_with_ros2/install/planning/lib/libconfig_reader.so" to ""\n'}
[52.358488] (planning) StdoutLine: {'line': b'-- Installing: /home/abc/planning_with_ros2/install/planning/lib/libmathlibs.so\n'}
[52.362001] (planning) StdoutLine: {'line': b'-- Set non-toolchain portion of runtime path of "/home/abc/planning_with_ros2/install/planning/lib/libmathlibs.so" to ""\n'}
[52.362249] (planning) StdoutLine: {'line': b'-- Installing: /home/abc/planning_with_ros2/install/planning/lib/libdecision_center.so\n'}
[52.362600] (planning) StdoutLine: {'line': b'-- Set non-toolchain portion of runtime path of "/home/abc/planning_with_ros2/install/planning/lib/libdecision_center.so" to ""\n'}
[52.362850] (planning) StdoutLine: {'line': b'-- Installing: /home/abc/planning_with_ros2/install/planning/lib/libpnc_map_creator.so\n'}
[52.363323] (planning) StdoutLine: {'line': b'-- Set non-toolchain portion of runtime path of "/home/abc/planning_with_ros2/install/planning/lib/libpnc_map_creator.so" to ""\n'}
[52.363423] (planning) StdoutLine: {'line': b'-- Installing: /home/abc/planning_with_ros2/install/planning/lib/planning/pnc_map_server\n'}
[52.364688] (planning) StdoutLine: {'line': b'-- Set non-toolchain portion of runtime path of "/home/abc/planning_with_ros2/install/planning/lib/planning/pnc_map_server" to ""\n'}
[52.364945] (planning) StdoutLine: {'line': b'-- Installing: /home/abc/planning_with_ros2/install/planning/lib/libglobal_planner.so\n'}
[52.365276] (planning) StdoutLine: {'line': b'-- Set non-toolchain portion of runtime path of "/home/abc/planning_with_ros2/install/planning/lib/libglobal_planner.so" to ""\n'}
[52.365364] (planning) StdoutLine: {'line': b'-- Installing: /home/abc/planning_with_ros2/install/planning/lib/planning/global_path_server\n'}
[52.366598] (planning) StdoutLine: {'line': b'-- Set non-toolchain portion of runtime path of "/home/abc/planning_with_ros2/install/planning/lib/planning/global_path_server" to ""\n'}
[52.366834] (planning) StdoutLine: {'line': b'-- Installing: /home/abc/planning_with_ros2/install/planning/lib/liblocal_planner.so\n'}
[52.367411] (planning) StdoutLine: {'line': b'-- Set non-toolchain portion of runtime path of "/home/abc/planning_with_ros2/install/planning/lib/liblocal_planner.so" to ""\n'}
[52.367620] (planning) StdoutLine: {'line': b'-- Installing: /home/abc/planning_with_ros2/install/planning/lib/libreference_line.so\n'}
[52.368469] (planning) StdoutLine: {'line': b'-- Set non-toolchain portion of runtime path of "/home/abc/planning_with_ros2/install/planning/lib/libreference_line.so" to ""\n'}
[52.368668] (planning) StdoutLine: {'line': b'-- Installing: /home/abc/planning_with_ros2/install/planning/lib/planning/osqp_test\n'}
[52.369084] (planning) StdoutLine: {'line': b'-- Set non-toolchain portion of runtime path of "/home/abc/planning_with_ros2/install/planning/lib/planning/osqp_test" to ""\n'}
[52.369165] (planning) StdoutLine: {'line': b'-- Installing: /home/abc/planning_with_ros2/install/planning/lib/planning/newton_test\n'}
[52.369443] (planning) StdoutLine: {'line': b'-- Set non-toolchain portion of runtime path of "/home/abc/planning_with_ros2/install/planning/lib/planning/newton_test" to ""\n'}
[52.369664] (planning) StdoutLine: {'line': b'-- Installing: /home/abc/planning_with_ros2/install/planning/lib/libvehicle_info.so\n'}
[52.370009] (planning) StdoutLine: {'line': b'-- Set non-toolchain portion of runtime path of "/home/abc/planning_with_ros2/install/planning/lib/libvehicle_info.so" to ""\n'}
[52.370231] (planning) StdoutLine: {'line': b'-- Installing: /home/abc/planning_with_ros2/install/planning/lib/planning/planning_process\n'}
[52.373794] (planning) StdoutLine: {'line': b'-- Set non-toolchain portion of runtime path of "/home/abc/planning_with_ros2/install/planning/lib/planning/planning_process" to ""\n'}
[52.373997] (planning) StdoutLine: {'line': b'-- Installing: /home/abc/planning_with_ros2/install/planning/lib/planning/car_move_cmd\n'}
[52.376552] (planning) StdoutLine: {'line': b'-- Set non-toolchain portion of runtime path of "/home/abc/planning_with_ros2/install/planning/lib/planning/car_move_cmd" to ""\n'}
[52.376682] (planning) StdoutLine: {'line': b'-- Installing: /home/abc/planning_with_ros2/install/planning/lib/planning/obs_move_cmd\n'}
[52.377484] (planning) StdoutLine: {'line': b'-- Set non-toolchain portion of runtime path of "/home/abc/planning_with_ros2/install/planning/lib/planning/obs_move_cmd" to ""\n'}
[52.377575] (planning) StdoutLine: {'line': b'-- Installing: /home/abc/planning_with_ros2/install/planning/share/planning/config\n'}
[52.377686] (planning) StdoutLine: {'line': b'-- Installing: /home/abc/planning_with_ros2/install/planning/share/planning/config/planning_static_obs_config.yaml\n'}
[52.377770] (planning) StdoutLine: {'line': b'-- Installing: /home/abc/planning_with_ros2/install/planning/share/planning/config/scenario_config.yaml\n'}
[52.377867] (planning) StdoutLine: {'line': b'-- Installing: /home/abc/planning_with_ros2/install/planning/share/planning/config/planning_dynamic_obs_config.yaml\n'}
[52.377981] (planning) StdoutLine: {'line': b'-- Installing: /home/abc/planning_with_ros2/install/planning/share/planning/config/planning_onlane_obs_config.yaml\n'}
[52.378051] (planning) StdoutLine: {'line': b'-- Installing: /home/abc/planning_with_ros2/install/planning/share/planning/launch\n'}
[52.378124] (planning) StdoutLine: {'line': b'-- Installing: /home/abc/planning_with_ros2/install/planning/share/planning/launch/planning_launch.py\n'}
[52.378217] (planning) StdoutLine: {'line': b'-- Installing: /home/abc/planning_with_ros2/install/planning/share/planning/launch/move_cmd_launch.py\n'}
[52.378292] (planning) StdoutLine: {'line': b'-- Installing: /home/abc/planning_with_ros2/install/planning/share/planning/urdf\n'}
[52.378391] (planning) StdoutLine: {'line': b'-- Installing: /home/abc/planning_with_ros2/install/planning/share/planning/urdf/main_car\n'}
[52.378465] (planning) StdoutLine: {'line': b'-- Installing: /home/abc/planning_with_ros2/install/planning/share/planning/urdf/main_car/car_camera.xacro\n'}
[52.378519] (planning) StdoutLine: {'line': b'-- Installing: /home/abc/planning_with_ros2/install/planning/share/planning/urdf/main_car/car_base.xacro\n'}
[52.378598] (planning) StdoutLine: {'line': b'-- Installing: /home/abc/planning_with_ros2/install/planning/share/planning/urdf/main_car/car_radar.xacro\n'}
[52.378652] (planning) StdoutLine: {'line': b'-- Installing: /home/abc/planning_with_ros2/install/planning/share/planning/urdf/main_car/car.xacro\n'}
[52.378733] (planning) StdoutLine: {'line': b'-- Installing: /home/abc/planning_with_ros2/install/planning/share/planning/urdf/main_car/car_wheels.xacro\n'}
[52.378789] (planning) StdoutLine: {'line': b'-- Installing: /home/abc/planning_with_ros2/install/planning/share/planning/urdf/obs_car\n'}
[52.378856] (planning) StdoutLine: {'line': b'-- Installing: /home/abc/planning_with_ros2/install/planning/share/planning/urdf/obs_car/obs_car.xacro\n'}
[52.378934] (planning) StdoutLine: {'line': b'-- Installing: /home/abc/planning_with_ros2/install/planning/share/planning/rviz\n'}
[52.378988] (planning) StdoutLine: {'line': b'-- Installing: /home/abc/planning_with_ros2/install/planning/share/planning/rviz/planning.rviz\n'}
[52.379079] (planning) StdoutLine: {'line': b'-- Installing: /home/abc/planning_with_ros2/install/planning/share/ament_index/resource_index/package_run_dependencies/planning\n'}
[52.379213] (planning) StdoutLine: {'line': b'-- Installing: /home/abc/planning_with_ros2/install/planning/share/ament_index/resource_index/parent_prefix_path/planning\n'}
[52.379339] (planning) StdoutLine: {'line': b'-- Installing: /home/abc/planning_with_ros2/install/planning/share/planning/environment/ament_prefix_path.sh\n'}
[52.379435] (planning) StdoutLine: {'line': b'-- Installing: /home/abc/planning_with_ros2/install/planning/share/planning/environment/ament_prefix_path.dsv\n'}
[52.379531] (planning) StdoutLine: {'line': b'-- Installing: /home/abc/planning_with_ros2/install/planning/share/planning/environment/path.sh\n'}
[52.379623] (planning) StdoutLine: {'line': b'-- Installing: /home/abc/planning_with_ros2/install/planning/share/planning/environment/path.dsv\n'}
[52.379717] (planning) StdoutLine: {'line': b'-- Installing: /home/abc/planning_with_ros2/install/planning/share/planning/local_setup.bash\n'}
[52.379814] (planning) StdoutLine: {'line': b'-- Installing: /home/abc/planning_with_ros2/install/planning/share/planning/local_setup.sh\n'}
[52.379917] (planning) StdoutLine: {'line': b'-- Installing: /home/abc/planning_with_ros2/install/planning/share/planning/local_setup.zsh\n'}
[52.380008] (planning) StdoutLine: {'line': b'-- Installing: /home/abc/planning_with_ros2/install/planning/share/planning/local_setup.dsv\n'}
[52.380100] (planning) StdoutLine: {'line': b'-- Installing: /home/abc/planning_with_ros2/install/planning/share/planning/package.dsv\n'}
[52.380235] (planning) StdoutLine: {'line': b'-- Installing: /home/abc/planning_with_ros2/install/planning/share/ament_index/resource_index/packages/planning\n'}
[52.380353] (planning) StdoutLine: {'line': b'-- Installing: /home/abc/planning_with_ros2/install/planning/share/planning/cmake/planningConfig.cmake\n'}
[52.380425] (planning) StdoutLine: {'line': b'-- Installing: /home/abc/planning_with_ros2/install/planning/share/planning/cmake/planningConfig-version.cmake\n'}
[52.380520] (planning) StdoutLine: {'line': b'-- Installing: /home/abc/planning_with_ros2/install/planning/share/planning/package.xml\n'}
[52.381589] (planning) CommandEnded: {'returncode': 0}
[52.395023] (planning) JobEnded: {'identifier': 'planning', 'rc': 0}
[52.395548] (-) EventReactorShutdown: {}
