[0.000000] (-) TimerEvent: {}
[0.000678] (base_msgs) JobQueued: {'identifier': 'base_msgs', 'dependencies': OrderedDict()}
[0.000810] (data_plot) JobQueued: {'identifier': 'data_plot', 'dependencies': OrderedDict([('base_msgs', '/home/abc/planning_with_ros2/install/base_msgs')])}
[0.000848] (planning) JobQueued: {'identifier': 'planning', 'dependencies': OrderedDict([('base_msgs', '/home/abc/planning_with_ros2/install/base_msgs')])}
[0.000881] (base_msgs) JobStarted: {'identifier': 'base_msgs'}
[0.013202] (base_msgs) JobProgress: {'identifier': 'base_msgs', 'progress': 'cmake'}
[0.013612] (base_msgs) Command: {'cmd': ['/usr/local/bin/cmake', '/home/abc/planning_with_ros2/src/base_msgs', '-DCMAKE_INSTALL_PREFIX=/home/abc/planning_with_ros2/install/base_msgs'], 'cwd': '/home/abc/planning_with_ros2/build/base_msgs', 'env': OrderedDict([('GJS_DEBUG_TOPICS', 'JS ERROR;JS LOG'), ('PYTHON_BASIC_REPL', '1'), ('LESSOPEN', '| /usr/bin/lesspipe %s'), ('LANGUAGE', 'en_US:en'), ('TENSORRT_DIR', '/home/abc/TensorRT-8.6'), ('USER', 'abc'), ('LC_TIME', 'zh_CN.UTF-8'), ('XDG_SESSION_TYPE', 'x11'), ('GIT_ASKPASS', '/usr/share/code/resources/app/extensions/git/dist/askpass.sh'), ('SHLVL', '1'), ('LD_LIBRARY_PATH', '/usr/local/cuda-11.8/lib64:/home/abc/planning_with_ros2/install/planning/lib:/usr/local/cuda-11.8/lib64:/home/abc/planning_with_ros2/install/planning/lib:/home/abc/planning_with_ros2/install/planning/lib:/home/abc/planning_with_ros2/install/base_msgs/lib:/home/abc/perception_with_ros2/install/perception/lib:/home/abc/perception_with_ros2/install/base_msgs_per/lib:/usr/lib/x86_64-linux-gnu/gazebo-11/plugins:/opt/ros/humble/opt/rviz_ogre_vendor/lib:/opt/ros/humble/lib/x86_64-linux-gnu:/opt/ros/humble/lib:/home/abc/TensorRT-8.6/lib:/home/abc/TensorRT-8.6/lib'), ('HOME', '/home/abc'), ('CHROME_DESKTOP', 'code.desktop'), ('TERM_PROGRAM_VERSION', '1.109.5'), ('DESKTOP_SESSION', 'ubuntu'), ('GIO_LAUNCHED_DESKTOP_FILE', '/usr/share/applications/code.desktop'), ('ROS_PYTHON_VERSION', '3'), ('GNOME_SHELL_SESSION_MODE', 'ubuntu'), ('GTK_MODULES', 'gail:atk-bridge'), ('VSCODE_GIT_ASKPASS_MAIN', '/usr/share/code/resources/app/extensions/git/dist/askpass-main.js'), ('LC_MONETARY', 'zh_CN.UTF-8'), ('VSCODE_GIT_ASKPASS_NODE', '/usr/share/code/code'), ('MANAGERPID', '1130'), ('PYDEVD_DISABLE_FILE_VALIDATION', '1'), ('SYSTEMD_EXEC_PID', '1595'), ('BUNDLED_DEBUGPY_PATH', '/home/abc/.vscode/extensions/ms-python.debugpy-2025.18.0-linux-x64/bundled/libs/debugpy'), ('VSCODE_PYTHON_AUTOACTIVATE_GUARD', '1'), ('DBUS_SESSION_BUS_ADDRESS', 'unix:path=/run/user/1000/bus'), ('COLORTERM', 'truecolor'), ('GIO_LAUNCHED_DESKTOP_FILE_PID', '364490'), ('COLCON_PREFIX_PATH', '/home/abc/planning_with_ros2/install:/home/abc/perception_with_ros2/install'), ('ROS_DISTRO', 'humble'), ('GTK_IM_MODULE', 'ibus'), ('LOGNAME', 'abc'), ('JOURNAL_STREAM', '8:6989'), ('_', '/usr/bin/colcon'), ('ROS_VERSION', '2'), ('XDG_SESSION_CLASS', 'user'), ('USERNAME', 'abc'), ('TERM', 'xterm-256color'), ('GNOME_DESKTOP_SESSION_ID', 'this-is-deprecated'), ('ROS2_PLANNING_COURSE_INSTALL', '/home/abc/planning_with_ros2/install'), ('FC_FONTATIONS', '1'), ('ROS_LOCALHOST_ONLY', '0'), ('WINDOWPATH', '2'), ('PATH', '/usr/local/cuda-11.8/bin:/home/abc/.config/Code/User/globalStorage/github.copilot-chat/debugCommand:/home/abc/.config/Code/User/globalStorage/github.copilot-chat/copilotCli:/usr/local/cuda-11.8/bin:/opt/ros/humble/bin:/usr/local/sbin:/usr/local/bin:/usr/sbin:/usr/bin:/sbin:/bin:/usr/games:/usr/local/games:/snap/bin:/snap/bin:/home/abc/.vscode/extensions/ms-python.debugpy-2025.18.0-linux-x64/bundled/scripts/noConfigScripts'), ('SESSION_MANAGER', 'local/abc-G3-3500:@/tmp/.ICE-unix/1554,unix/abc-G3-3500:/tmp/.ICE-unix/1554'), ('INVOCATION_ID', 'f3a9f1252eb845459ae16b5ad8fdee6d'), ('PAPERSIZE', 'a4'), ('XDG_MENU_PREFIX', 'gnome-'), ('LC_ADDRESS', 'zh_CN.UTF-8'), ('XDG_RUNTIME_DIR', '/run/user/1000'), ('GDK_BACKEND', 'x11'), ('DISPLAY', ':0'), ('VSCODE_DEBUGPY_ADAPTER_ENDPOINTS', '/home/abc/.vscode/extensions/ms-python.debugpy-2025.18.0-linux-x64/.noConfigDebugAdapterEndpoints/endpoint-73f3b4a0a422bf73.txt'), ('LANG', 'en_US.UTF-8'), ('XDG_CURRENT_DESKTOP', 'ubuntu:GNOME'), ('PYTHONSTARTUP', '/home/abc/.config/Code/User/workspaceStorage/4efd6db52f1c03b4cb1fb614d5084a17/ms-python.python/pythonrc.py'), ('LC_TELEPHONE', 'zh_CN.UTF-8'), ('XMODIFIERS', '@im=ibus'), ('XDG_SESSION_DESKTOP', 'ubuntu'), ('XAUTHORITY', '/run/user/1000/gdm/Xauthority'), ('LS_COLORS', 'rs=0:di=01;34:ln=01;36:mh=00:pi=40;33:so=01;35:do=01;35:bd=40;33;01:cd=40;33;01:or=40;31;01:mi=00:su=37;41:sg=30;43:ca=30;41:tw=30;42:ow=34;42:st=37;44:ex=01;32:*.tar=01;31:*.tgz=01;31:*.arc=01;31:*.arj=01;31:*.taz=01;31:*.lha=01;31:*.lz4=01;31:*.lzh=01;31:*.lzma=01;31:*.tlz=01;31:*.txz=01;31:*.tzo=01;31:*.t7z=01;31:*.zip=01;31:*.z=01;31:*.dz=01;31:*.gz=01;31:*.lrz=01;31:*.lz=01;31:*.lzo=01;31:*.xz=01;31:*.zst=01;31:*.tzst=01;31:*.bz2=01;31:*.bz=01;31:*.tbz=01;31:*.tbz2=01;31:*.tz=01;31:*.deb=01;31:*.rpm=01;31:*.jar=01;31:*.war=01;31:*.ear=01;31:*.sar=01;31:*.rar=01;31:*.alz=01;31:*.ace=01;31:*.zoo=01;31:*.cpio=01;31:*.7z=01;31:*.rz=01;31:*.cab=01;31:*.wim=01;31:*.swm=01;31:*.dwm=01;31:*.esd=01;31:*.jpg=01;35:*.jpeg=01;35:*.mjpg=01;35:*.mjpeg=01;35:*.gif=01;35:*.bmp=01;35:*.pbm=01;35:*.pgm=01;35:*.ppm=01;35:*.tga=01;35:*.xbm=01;35:*.xpm=01;35:*.tif=01;35:*.tiff=01;35:*.png=01;35:*.svg=01;35:*.svgz=01;35:*.mng=01;35:*.pcx=01;35:*.mov=01;35:*.mpg=01;35:*.mpeg=01;35:*.m2v=01;35:*.mkv=01;35:*.webm=01;35:*.webp=01;35:*.ogm=01;35:*.mp4=01;35:*.m4v=01;35:*.mp4v=01;35:*.vob=01;35:*.qt=01;35:*.nuv=01;35:*.wmv=01;35:*.asf=01;35:*.rm=01;35:*.rmvb=01;35:*.flc=01;35:*.avi=01;35:*.fli=01;35:*.flv=01;35:*.gl=01;35:*.dl=01;35:*.xcf=01;35:*.xwd=01;35:*.yuv=01;35:*.cgm=01;35:*.emf=01;35:*.ogv=01;35:*.ogx=01;35:*.aac=00;36:*.au=00;36:*.flac=00;36:*.m4a=00;36:*.mid=00;36:*.midi=00;36:*.mka=00;36:*.mp3=00;36:*.mpc=00;36:*.ogg=00;36:*.ra=00;36:*.wav=00;36:*.oga=00;36:*.opus=00;36:*.spx=00;36:*.xspf=00;36:'), ('VSCODE_GIT_IPC_HANDLE', '/run/user/1000/vscode-git-c59a044dc2.sock'), ('TERM_PROGRAM', 'vscode'), ('SSH_AGENT_LAUNCHER', 'gnome-keyring'), ('SSH_AUTH_SOCK', '/run/user/1000/keyring/ssh'), ('ROS_DOMAIN_ID', '2'), ('AMENT_PREFIX_PATH', '/home/abc/planning_with_ros2/install/planning:/home/abc/planning_with_ros2/install/data_plot:/home/abc/planning_with_ros2/install/base_msgs:/home/abc/perception_with_ros2/install/perception:/home/abc/perception_with_ros2/install/data_plot_per:/home/abc/perception_with_ros2/install/base_msgs_per:/opt/ros/humble'), ('SHELL', '/bin/bash'), ('LC_NAME', 'zh_CN.UTF-8'), ('QT_ACCESSIBILITY', '1'), ('GDMSESSION', 'ubuntu'), ('LESSCLOSE', '/usr/bin/lesspipe %s %s'), ('LC_MEASUREMENT', 'zh_CN.UTF-8'), ('GPG_AGENT_INFO', '/run/user/1000/gnupg/S.gpg-agent:0:1'), ('GJS_DEBUG_OUTPUT', 'stderr'), ('LC_IDENTIFICATION', 'zh_CN.UTF-8'), ('VSCODE_GIT_ASKPASS_EXTRA_ARGS', ''), ('QT_IM_MODULE', 'ibus'), ('PWD', '/home/abc/planning_with_ros2/build/base_msgs'), ('LC_ALL', 'en_US.UTF-8'), ('XDG_CONFIG_DIRS', '/etc/xdg/xdg-ubuntu:/etc/xdg'), ('XDG_DATA_DIRS', '/usr/share/ubuntu:/usr/share/gnome:/usr/local/share/:/usr/share/:/var/lib/snapd/desktop'), ('PYTHONPATH', '/home/abc/planning_with_ros2/install/data_plot/lib/python3.10/site-packages:/home/abc/planning_with_ros2/install/base_msgs/local/lib/python3.10/dist-packages:/home/abc/perception_with_ros2/install/data_plot_per/lib/python3.10/site-packages:/home/abc/perception_with_ros2/install/base_msgs_per/local/lib/python3.10/dist-packages:/opt/ros/humble/lib/python3.10/site-packages:/opt/ros/humble/local/lib/python3.10/dist-packages'), ('LC_NUMERIC', 'zh_CN.UTF-8'), ('LC_PAPER', 'zh_CN.UTF-8'), ('COLCON', '1'), ('CMAKE_PREFIX_PATH', '/home/abc/planning_with_ros2/install/planning:/home/abc/planning_with_ros2/install/base_msgs:/home/abc/perception_with_ros2/install/perception:/home/abc/perception_with_ros2/install/base_msgs_per:/home/abc/planning_with_ros2/install/data_plot:/home/abc/perception_with_ros2/install/data_plot_per:/opt/ros/humble')]), 'shell': False}
[0.064054] (base_msgs) StdoutLine: {'line': b'-- The C compiler identification is GNU 11.4.0\n'}
[0.099749] (-) TimerEvent: {}
[0.119715] (base_msgs) StdoutLine: {'line': b'-- The CXX compiler identification is GNU 11.4.0\n'}
[0.128553] (base_msgs) StdoutLine: {'line': b'-- Detecting C compiler ABI info\n'}
[0.180549] (base_msgs) StdoutLine: {'line': b'-- Detecting C compiler ABI info - done\n'}
[0.199852] (-) TimerEvent: {}
[0.202311] (base_msgs) StdoutLine: {'line': b'-- Check for working C compiler: /usr/bin/cc - skipped\n'}
[0.202714] (base_msgs) StdoutLine: {'line': b'-- Detecting C compile features\n'}
[0.203158] (base_msgs) StdoutLine: {'line': b'-- Detecting C compile features - done\n'}
[0.213775] (base_msgs) StdoutLine: {'line': b'-- Detecting CXX compiler ABI info\n'}
[0.279110] (base_msgs) StdoutLine: {'line': b'-- Detecting CXX compiler ABI info - done\n'}
[0.299952] (-) TimerEvent: {}
[0.301182] (base_msgs) StdoutLine: {'line': b'-- Check for working CXX compiler: /usr/bin/c++ - skipped\n'}
[0.301581] (base_msgs) StdoutLine: {'line': b'-- Detecting CXX compile features\n'}
[0.302307] (base_msgs) StdoutLine: {'line': b'-- Detecting CXX compile features - done\n'}
[0.313885] (base_msgs) StdoutLine: {'line': b'-- Found ament_cmake: 1.3.13 (/opt/ros/humble/share/ament_cmake/cmake)\n'}
[0.400053] (-) TimerEvent: {}
[0.452656] (base_msgs) StdoutLine: {'line': b'-- Found Python3: /usr/bin/python3 (found version "3.10.12") found components: Interpreter\n'}
[0.500158] (-) TimerEvent: {}
[0.552168] (base_msgs) StdoutLine: {'line': b'-- Found rosidl_default_generators: 1.2.0 (/opt/ros/humble/share/rosidl_default_generators/cmake)\n'}
[0.556658] (base_msgs) StdoutLine: {'line': b'-- Using all available rosidl_typesupport_c: rosidl_typesupport_fastrtps_c;rosidl_typesupport_introspection_c\n'}
[0.566472] (base_msgs) StdoutLine: {'line': b'-- Found rosidl_adapter: 3.1.8 (/opt/ros/humble/share/rosidl_adapter/cmake)\n'}
[0.600275] (-) TimerEvent: {}
[0.620761] (base_msgs) StdoutLine: {'line': b'-- Using all available rosidl_typesupport_cpp: rosidl_typesupport_fastrtps_cpp;rosidl_typesupport_introspection_cpp\n'}
[0.669099] (base_msgs) StdoutLine: {'line': b'-- Found visualization_msgs: 4.9.1 (/opt/ros/humble/share/visualization_msgs/cmake)\n'}
[0.700390] (-) TimerEvent: {}
[0.800780] (-) TimerEvent: {}
[0.809226] (base_msgs) StdoutLine: {'line': b'-- Found nav_msgs: 4.9.1 (/opt/ros/humble/share/nav_msgs/cmake)\n'}
[0.900870] (-) TimerEvent: {}
[1.001139] (-) TimerEvent: {}
[1.101447] (-) TimerEvent: {}
[1.201721] (-) TimerEvent: {}
[1.302062] (-) TimerEvent: {}
[1.402380] (-) TimerEvent: {}
[1.457258] (base_msgs) StdoutLine: {'line': b'-- Found ament_cmake_ros: 0.10.0 (/opt/ros/humble/share/ament_cmake_ros/cmake)\n'}
[1.502466] (-) TimerEvent: {}
[1.602690] (-) TimerEvent: {}
[1.702922] (-) TimerEvent: {}
[1.803182] (-) TimerEvent: {}
[1.903489] (-) TimerEvent: {}
[2.003721] (-) TimerEvent: {}
[2.103951] (-) TimerEvent: {}
[2.111694] (base_msgs) StdoutLine: {'line': b'-- Using all available rosidl_typesupport_c: rosidl_typesupport_fastrtps_c;rosidl_typesupport_introspection_c\n'}
[2.204039] (-) TimerEvent: {}
[2.304270] (-) TimerEvent: {}
[2.404580] (-) TimerEvent: {}
[2.504870] (-) TimerEvent: {}
[2.605069] (-) TimerEvent: {}
[2.705295] (-) TimerEvent: {}
[2.805519] (-) TimerEvent: {}
[2.905763] (-) TimerEvent: {}
[2.990738] (base_msgs) StdoutLine: {'line': b'-- Using all available rosidl_typesupport_cpp: rosidl_typesupport_fastrtps_cpp;rosidl_typesupport_introspection_cpp\n'}
[3.005859] (-) TimerEvent: {}
[3.015155] (base_msgs) StdoutLine: {'line': b'-- Found PythonInterp: /usr/bin/python3 (found suitable version "3.10.12", minimum required is "3.6")\n'}
[3.018017] (base_msgs) StdoutLine: {'line': b'-- Found python_cmake_module: 0.10.0 (/opt/ros/humble/share/python_cmake_module/cmake)\n'}
[3.047268] (base_msgs) StdoutLine: {'line': b'-- Found PythonLibs: /usr/lib/x86_64-linux-gnu/libpython3.10.so (found suitable version "3.10.12", minimum required is "3.5")\n'}
[3.047513] (base_msgs) StdoutLine: {'line': b'-- Using PYTHON_EXECUTABLE: /usr/bin/python3\n'}
[3.047610] (base_msgs) StdoutLine: {'line': b'-- Using PYTHON_INCLUDE_DIRS: /usr/include/python3.10\n'}
[3.047675] (base_msgs) StdoutLine: {'line': b'-- Using PYTHON_LIBRARIES: /usr/lib/x86_64-linux-gnu/libpython3.10.so\n'}
[3.070456] (base_msgs) StdoutLine: {'line': b'-- Found PythonExtra: .so\n'}
[3.105952] (-) TimerEvent: {}
[3.206192] (-) TimerEvent: {}
[3.213705] (base_msgs) StdoutLine: {'line': b'-- Found ament_lint_auto: 0.12.15 (/opt/ros/humble/share/ament_lint_auto/cmake)\n'}
[3.237844] (base_msgs) StdoutLine: {'line': b"-- Added test 'lint_cmake' to check CMake code style\n"}
[3.239413] (base_msgs) StdoutLine: {'line': b"-- Added test 'xmllint' to check XML markup files\n"}
[3.242872] (base_msgs) StdoutLine: {'line': b'-- Configuring done (3.2s)\n'}
[3.306315] (-) TimerEvent: {}
[3.323586] (base_msgs) StdoutLine: {'line': b'-- Generating done (0.1s)\n'}
[3.338823] (base_msgs) StdoutLine: {'line': b'-- Build files have been written to: /home/abc/planning_with_ros2/build/base_msgs\n'}
[3.348186] (base_msgs) CommandEnded: {'returncode': 0}
[3.348808] (base_msgs) JobProgress: {'identifier': 'base_msgs', 'progress': 'build'}
[3.349626] (base_msgs) Command: {'cmd': ['/usr/local/bin/cmake', '--build', '/home/abc/planning_with_ros2/build/base_msgs', '--', '-j12', '-l12'], 'cwd': '/home/abc/planning_with_ros2/build/base_msgs', 'env': OrderedDict([('GJS_DEBUG_TOPICS', 'JS ERROR;JS LOG'), ('PYTHON_BASIC_REPL', '1'), ('LESSOPEN', '| /usr/bin/lesspipe %s'), ('LANGUAGE', 'en_US:en'), ('TENSORRT_DIR', '/home/abc/TensorRT-8.6'), ('USER', 'abc'), ('LC_TIME', 'zh_CN.UTF-8'), ('XDG_SESSION_TYPE', 'x11'), ('GIT_ASKPASS', '/usr/share/code/resources/app/extensions/git/dist/askpass.sh'), ('SHLVL', '1'), ('LD_LIBRARY_PATH', '/usr/local/cuda-11.8/lib64:/home/abc/planning_with_ros2/install/planning/lib:/usr/local/cuda-11.8/lib64:/home/abc/planning_with_ros2/install/planning/lib:/home/abc/planning_with_ros2/install/planning/lib:/home/abc/planning_with_ros2/install/base_msgs/lib:/home/abc/perception_with_ros2/install/perception/lib:/home/abc/perception_with_ros2/install/base_msgs_per/lib:/usr/lib/x86_64-linux-gnu/gazebo-11/plugins:/opt/ros/humble/opt/rviz_ogre_vendor/lib:/opt/ros/humble/lib/x86_64-linux-gnu:/opt/ros/humble/lib:/home/abc/TensorRT-8.6/lib:/home/abc/TensorRT-8.6/lib'), ('HOME', '/home/abc'), ('CHROME_DESKTOP', 'code.desktop'), ('TERM_PROGRAM_VERSION', '1.109.5'), ('DESKTOP_SESSION', 'ubuntu'), ('GIO_LAUNCHED_DESKTOP_FILE', '/usr/share/applications/code.desktop'), ('ROS_PYTHON_VERSION', '3'), ('GNOME_SHELL_SESSION_MODE', 'ubuntu'), ('GTK_MODULES', 'gail:atk-bridge'), ('VSCODE_GIT_ASKPASS_MAIN', '/usr/share/code/resources/app/extensions/git/dist/askpass-main.js'), ('LC_MONETARY', 'zh_CN.UTF-8'), ('VSCODE_GIT_ASKPASS_NODE', '/usr/share/code/code'), ('MANAGERPID', '1130'), ('PYDEVD_DISABLE_FILE_VALIDATION', '1'), ('SYSTEMD_EXEC_PID', '1595'), ('BUNDLED_DEBUGPY_PATH', '/home/abc/.vscode/extensions/ms-python.debugpy-2025.18.0-linux-x64/bundled/libs/debugpy'), ('VSCODE_PYTHON_AUTOACTIVATE_GUARD', '1'), ('DBUS_SESSION_BUS_ADDRESS', 'unix:path=/run/user/1000/bus'), ('COLORTERM', 'truecolor'), ('GIO_LAUNCHED_DESKTOP_FILE_PID', '364490'), ('COLCON_PREFIX_PATH', '/home/abc/planning_with_ros2/install:/home/abc/perception_with_ros2/install'), ('ROS_DISTRO', 'humble'), ('GTK_IM_MODULE', 'ibus'), ('LOGNAME', 'abc'), ('JOURNAL_STREAM', '8:6989'), ('_', '/usr/bin/colcon'), ('ROS_VERSION', '2'), ('XDG_SESSION_CLASS', 'user'), ('USERNAME', 'abc'), ('TERM', 'xterm-256color'), ('GNOME_DESKTOP_SESSION_ID', 'this-is-deprecated'), ('ROS2_PLANNING_COURSE_INSTALL', '/home/abc/planning_with_ros2/install'), ('FC_FONTATIONS', '1'), ('ROS_LOCALHOST_ONLY', '0'), ('WINDOWPATH', '2'), ('PATH', '/usr/local/cuda-11.8/bin:/home/abc/.config/Code/User/globalStorage/github.copilot-chat/debugCommand:/home/abc/.config/Code/User/globalStorage/github.copilot-chat/copilotCli:/usr/local/cuda-11.8/bin:/opt/ros/humble/bin:/usr/local/sbin:/usr/local/bin:/usr/sbin:/usr/bin:/sbin:/bin:/usr/games:/usr/local/games:/snap/bin:/snap/bin:/home/abc/.vscode/extensions/ms-python.debugpy-2025.18.0-linux-x64/bundled/scripts/noConfigScripts'), ('SESSION_MANAGER', 'local/abc-G3-3500:@/tmp/.ICE-unix/1554,unix/abc-G3-3500:/tmp/.ICE-unix/1554'), ('INVOCATION_ID', 'f3a9f1252eb845459ae16b5ad8fdee6d'), ('PAPERSIZE', 'a4'), ('XDG_MENU_PREFIX', 'gnome-'), ('LC_ADDRESS', 'zh_CN.UTF-8'), ('XDG_RUNTIME_DIR', '/run/user/1000'), ('GDK_BACKEND', 'x11'), ('DISPLAY', ':0'), ('VSCODE_DEBUGPY_ADAPTER_ENDPOINTS', '/home/abc/.vscode/extensions/ms-python.debugpy-2025.18.0-linux-x64/.noConfigDebugAdapterEndpoints/endpoint-73f3b4a0a422bf73.txt'), ('LANG', 'en_US.UTF-8'), ('XDG_CURRENT_DESKTOP', 'ubuntu:GNOME'), ('PYTHONSTARTUP', '/home/abc/.config/Code/User/workspaceStorage/4efd6db52f1c03b4cb1fb614d5084a17/ms-python.python/pythonrc.py'), ('LC_TELEPHONE', 'zh_CN.UTF-8'), ('XMODIFIERS', '@im=ibus'), ('XDG_SESSION_DESKTOP', 'ubuntu'), ('XAUTHORITY', '/run/user/1000/gdm/Xauthority'), ('LS_COLORS', 'rs=0:di=01;34:ln=01;36:mh=00:pi=40;33:so=01;35:do=01;35:bd=40;33;01:cd=40;33;01:or=40;31;01:mi=00:su=37;41:sg=30;43:ca=30;41:tw=30;42:ow=34;42:st=37;44:ex=01;32:*.tar=01;31:*.tgz=01;31:*.arc=01;31:*.arj=01;31:*.taz=01;31:*.lha=01;31:*.lz4=01;31:*.lzh=01;31:*.lzma=01;31:*.tlz=01;31:*.txz=01;31:*.tzo=01;31:*.t7z=01;31:*.zip=01;31:*.z=01;31:*.dz=01;31:*.gz=01;31:*.lrz=01;31:*.lz=01;31:*.lzo=01;31:*.xz=01;31:*.zst=01;31:*.tzst=01;31:*.bz2=01;31:*.bz=01;31:*.tbz=01;31:*.tbz2=01;31:*.tz=01;31:*.deb=01;31:*.rpm=01;31:*.jar=01;31:*.war=01;31:*.ear=01;31:*.sar=01;31:*.rar=01;31:*.alz=01;31:*.ace=01;31:*.zoo=01;31:*.cpio=01;31:*.7z=01;31:*.rz=01;31:*.cab=01;31:*.wim=01;31:*.swm=01;31:*.dwm=01;31:*.esd=01;31:*.jpg=01;35:*.jpeg=01;35:*.mjpg=01;35:*.mjpeg=01;35:*.gif=01;35:*.bmp=01;35:*.pbm=01;35:*.pgm=01;35:*.ppm=01;35:*.tga=01;35:*.xbm=01;35:*.xpm=01;35:*.tif=01;35:*.tiff=01;35:*.png=01;35:*.svg=01;35:*.svgz=01;35:*.mng=01;35:*.pcx=01;35:*.mov=01;35:*.mpg=01;35:*.mpeg=01;35:*.m2v=01;35:*.mkv=01;35:*.webm=01;35:*.webp=01;35:*.ogm=01;35:*.mp4=01;35:*.m4v=01;35:*.mp4v=01;35:*.vob=01;35:*.qt=01;35:*.nuv=01;35:*.wmv=01;35:*.asf=01;35:*.rm=01;35:*.rmvb=01;35:*.flc=01;35:*.avi=01;35:*.fli=01;35:*.flv=01;35:*.gl=01;35:*.dl=01;35:*.xcf=01;35:*.xwd=01;35:*.yuv=01;35:*.cgm=01;35:*.emf=01;35:*.ogv=01;35:*.ogx=01;35:*.aac=00;36:*.au=00;36:*.flac=00;36:*.m4a=00;36:*.mid=00;36:*.midi=00;36:*.mka=00;36:*.mp3=00;36:*.mpc=00;36:*.ogg=00;36:*.ra=00;36:*.wav=00;36:*.oga=00;36:*.opus=00;36:*.spx=00;36:*.xspf=00;36:'), ('VSCODE_GIT_IPC_HANDLE', '/run/user/1000/vscode-git-c59a044dc2.sock'), ('TERM_PROGRAM', 'vscode'), ('SSH_AGENT_LAUNCHER', 'gnome-keyring'), ('SSH_AUTH_SOCK', '/run/user/1000/keyring/ssh'), ('ROS_DOMAIN_ID', '2'), ('AMENT_PREFIX_PATH', '/home/abc/planning_with_ros2/install/planning:/home/abc/planning_with_ros2/install/data_plot:/home/abc/planning_with_ros2/install/base_msgs:/home/abc/perception_with_ros2/install/perception:/home/abc/perception_with_ros2/install/data_plot_per:/home/abc/perception_with_ros2/install/base_msgs_per:/opt/ros/humble'), ('SHELL', '/bin/bash'), ('LC_NAME', 'zh_CN.UTF-8'), ('QT_ACCESSIBILITY', '1'), ('GDMSESSION', 'ubuntu'), ('LESSCLOSE', '/usr/bin/lesspipe %s %s'), ('LC_MEASUREMENT', 'zh_CN.UTF-8'), ('GPG_AGENT_INFO', '/run/user/1000/gnupg/S.gpg-agent:0:1'), ('GJS_DEBUG_OUTPUT', 'stderr'), ('LC_IDENTIFICATION', 'zh_CN.UTF-8'), ('VSCODE_GIT_ASKPASS_EXTRA_ARGS', ''), ('QT_IM_MODULE', 'ibus'), ('PWD', '/home/abc/planning_with_ros2/build/base_msgs'), ('LC_ALL', 'en_US.UTF-8'), ('XDG_CONFIG_DIRS', '/etc/xdg/xdg-ubuntu:/etc/xdg'), ('XDG_DATA_DIRS', '/usr/share/ubuntu:/usr/share/gnome:/usr/local/share/:/usr/share/:/var/lib/snapd/desktop'), ('PYTHONPATH', '/home/abc/planning_with_ros2/install/data_plot/lib/python3.10/site-packages:/home/abc/planning_with_ros2/install/base_msgs/local/lib/python3.10/dist-packages:/home/abc/perception_with_ros2/install/data_plot_per/lib/python3.10/site-packages:/home/abc/perception_with_ros2/install/base_msgs_per/local/lib/python3.10/dist-packages:/opt/ros/humble/lib/python3.10/site-packages:/opt/ros/humble/local/lib/python3.10/dist-packages'), ('LC_NUMERIC', 'zh_CN.UTF-8'), ('LC_PAPER', 'zh_CN.UTF-8'), ('COLCON', '1'), ('CMAKE_PREFIX_PATH', '/home/abc/planning_with_ros2/install/planning:/home/abc/planning_with_ros2/install/base_msgs:/home/abc/perception_with_ros2/install/perception:/home/abc/perception_with_ros2/install/base_msgs_per:/home/abc/planning_with_ros2/install/data_plot:/home/abc/perception_with_ros2/install/data_plot_per:/opt/ros/humble')]), 'shell': False}
[3.373244] (base_msgs) StdoutLine: {'line': b'[  1%] \x1b[34m\x1b[1mGenerating C code for ROS interfaces\x1b[0m\n'}
[3.377988] (base_msgs) StdoutLine: {'line': b'[  1%] \x1b[34m\x1b[1mGenerating C++ code for ROS interfaces\x1b[0m\n'}
[3.378219] (base_msgs) StdoutLine: {'line': b'[  1%] Built target ament_cmake_python_copy_base_msgs\n'}
[3.406407] (-) TimerEvent: {}
[3.506677] (-) TimerEvent: {}
[3.606916] (-) TimerEvent: {}
[3.639577] (base_msgs) StdoutLine: {'line': b'running egg_info\n'}
[3.640171] (base_msgs) StdoutLine: {'line': b'creating base_msgs.egg-info\n'}
[3.640359] (base_msgs) StdoutLine: {'line': b'writing base_msgs.egg-info/PKG-INFO\n'}
[3.640508] (base_msgs) StdoutLine: {'line': b'writing dependency_links to base_msgs.egg-info/dependency_links.txt\n'}
[3.640638] (base_msgs) StdoutLine: {'line': b'writing top-level names to base_msgs.egg-info/top_level.txt\n'}
[3.640819] (base_msgs) StdoutLine: {'line': b"writing manifest file 'base_msgs.egg-info/SOURCES.txt'\n"}
[3.642499] (base_msgs) StdoutLine: {'line': b"reading manifest file 'base_msgs.egg-info/SOURCES.txt'\n"}
[3.643058] (base_msgs) StdoutLine: {'line': b"writing manifest file 'base_msgs.egg-info/SOURCES.txt'\n"}
[3.661862] (base_msgs) StdoutLine: {'line': b'[  1%] Built target ament_cmake_python_build_base_msgs_egg\n'}
[3.706997] (-) TimerEvent: {}
[3.807239] (-) TimerEvent: {}
[3.907503] (-) TimerEvent: {}
[4.007708] (-) TimerEvent: {}
[4.107918] (-) TimerEvent: {}
[4.208189] (-) TimerEvent: {}
[4.308396] (-) TimerEvent: {}
[4.408600] (-) TimerEvent: {}
[4.508806] (-) TimerEvent: {}
[4.609008] (-) TimerEvent: {}
[4.709227] (-) TimerEvent: {}
[4.809435] (-) TimerEvent: {}
[4.909649] (-) TimerEvent: {}
[4.960003] (base_msgs) StdoutLine: {'line': b'[  1%] \x1b[32mBuilding C object CMakeFiles/base_msgs__rosidl_generator_c.dir/rosidl_generator_c/base_msgs/srv/detail/pnc_map_service__functions.c.o\x1b[0m\n'}
[4.960263] (base_msgs) StdoutLine: {'line': b'[  2%] \x1b[32mBuilding C object CMakeFiles/base_msgs__rosidl_generator_c.dir/rosidl_generator_c/base_msgs/srv/detail/global_path_service__functions.c.o\x1b[0m\n'}
[4.960392] (base_msgs) StdoutLine: {'line': b'[  3%] \x1b[32mBuilding C object CMakeFiles/base_msgs__rosidl_generator_c.dir/rosidl_generator_c/base_msgs/msg/detail/pnc_map__functions.c.o\x1b[0m\n'}
[4.960633] (base_msgs) StdoutLine: {'line': b'[  4%] \x1b[32mBuilding C object CMakeFiles/base_msgs__rosidl_generator_c.dir/rosidl_generator_c/base_msgs/msg/detail/referline_point__functions.c.o\x1b[0m\n'}
[4.960753] (base_msgs) StdoutLine: {'line': b'[  5%] \x1b[32mBuilding C object CMakeFiles/base_msgs__rosidl_generator_c.dir/rosidl_generator_c/base_msgs/msg/detail/referline__functions.c.o\x1b[0m\n'}
[4.960963] (base_msgs) StdoutLine: {'line': b'[  6%] \x1b[32mBuilding C object CMakeFiles/base_msgs__rosidl_generator_c.dir/rosidl_generator_c/base_msgs/msg/detail/local_path_point__functions.c.o\x1b[0m\n'}
[4.961069] (base_msgs) StdoutLine: {'line': b'[  7%] \x1b[32mBuilding C object CMakeFiles/base_msgs__rosidl_generator_c.dir/rosidl_generator_c/base_msgs/msg/detail/local_speeds_point__functions.c.o\x1b[0m\n'}
[4.961211] (base_msgs) StdoutLine: {'line': b'[  7%] \x1b[32mBuilding C object CMakeFiles/base_msgs__rosidl_generator_c.dir/rosidl_generator_c/base_msgs/msg/detail/local_path__functions.c.o\x1b[0m\n'}
[4.961811] (base_msgs) StdoutLine: {'line': b'[  8%] \x1b[32mBuilding C object CMakeFiles/base_msgs__rosidl_generator_c.dir/rosidl_generator_c/base_msgs/msg/detail/local_speeds__functions.c.o\x1b[0m\n'}
[4.962411] (base_msgs) StdoutLine: {'line': b'[  9%] \x1b[32mBuilding C object CMakeFiles/base_msgs__rosidl_generator_c.dir/rosidl_generator_c/base_msgs/msg/detail/local_trajectory_point__functions.c.o\x1b[0m\n'}
[4.978088] (base_msgs) StdoutLine: {'line': b'[ 10%] \x1b[32mBuilding C object CMakeFiles/base_msgs__rosidl_generator_c.dir/rosidl_generator_c/base_msgs/msg/detail/local_trajectory__functions.c.o\x1b[0m\n'}
[5.009766] (-) TimerEvent: {}
[5.022956] (base_msgs) StdoutLine: {'line': b'[ 10%] \x1b[32mBuilding C object CMakeFiles/base_msgs__rosidl_generator_c.dir/rosidl_generator_c/base_msgs/msg/detail/obs_info__functions.c.o\x1b[0m\n'}
[5.026096] (base_msgs) StdoutLine: {'line': b'[ 11%] \x1b[32mBuilding C object CMakeFiles/base_msgs__rosidl_generator_c.dir/rosidl_generator_c/base_msgs/msg/detail/plot_info__functions.c.o\x1b[0m\n'}
[5.055274] (base_msgs) StdoutLine: {'line': b'[ 11%] Built target base_msgs__cpp\n'}
[5.059548] (base_msgs) StdoutLine: {'line': b'[ 12%] \x1b[34m\x1b[1mGenerating C++ type support dispatch for ROS interfaces\x1b[0m\n'}
[5.059769] (base_msgs) StdoutLine: {'line': b'[ 12%] \x1b[34m\x1b[1mGenerating C++ introspection for ROS interfaces\x1b[0m\n'}
[5.059912] (base_msgs) StdoutLine: {'line': b'[ 13%] \x1b[34m\x1b[1mGenerating C++ type support for eProsima Fast-RTPS\x1b[0m\n'}
[5.089508] (base_msgs) StdoutLine: {'line': b'[ 14%] \x1b[32m\x1b[1mLinking C shared library libbase_msgs__rosidl_generator_c.so\x1b[0m\n'}
[5.109867] (-) TimerEvent: {}
[5.132399] (base_msgs) StdoutLine: {'line': b'[ 14%] Built target base_msgs__rosidl_generator_c\n'}
[5.139969] (base_msgs) StdoutLine: {'line': b'[ 17%] \x1b[34m\x1b[1mGenerating C type support dispatch for ROS interfaces\x1b[0m\n'}
[5.140249] (base_msgs) StdoutLine: {'line': b'[ 17%] \x1b[34m\x1b[1mGenerating C introspection for ROS interfaces\x1b[0m\n'}
[5.140399] (base_msgs) StdoutLine: {'line': b'[ 17%] \x1b[34m\x1b[1mGenerating C type support for eProsima Fast-RTPS\x1b[0m\n'}
[5.210170] (-) TimerEvent: {}
[5.310580] (-) TimerEvent: {}
[5.411579] (-) TimerEvent: {}
[5.511816] (-) TimerEvent: {}
[5.612076] (-) TimerEvent: {}
[5.712356] (-) TimerEvent: {}
[5.812637] (-) TimerEvent: {}
[5.912939] (-) TimerEvent: {}
[6.013216] (-) TimerEvent: {}
[6.113502] (-) TimerEvent: {}
[6.213768] (-) TimerEvent: {}
[6.314048] (-) TimerEvent: {}
[6.414321] (-) TimerEvent: {}
[6.427947] (base_msgs) StdoutLine: {'line': b'[ 19%] \x1b[32mBuilding CXX object CMakeFiles/base_msgs__rosidl_typesupport_cpp.dir/rosidl_typesupport_cpp/base_msgs/srv/global_path_service__type_support.cpp.o\x1b[0m\n'}
[6.428144] (base_msgs) StdoutLine: {'line': b'[ 19%] \x1b[32mBuilding CXX object CMakeFiles/base_msgs__rosidl_typesupport_cpp.dir/rosidl_typesupport_cpp/base_msgs/srv/pnc_map_service__type_support.cpp.o\x1b[0m\n'}
[6.428266] (base_msgs) StdoutLine: {'line': b'[ 21%] \x1b[32mBuilding CXX object CMakeFiles/base_msgs__rosidl_typesupport_cpp.dir/rosidl_typesupport_cpp/base_msgs/msg/local_path_point__type_support.cpp.o\x1b[0m\n'}
[6.428644] (base_msgs) StdoutLine: {'line': b'[ 19%] \x1b[32mBuilding CXX object CMakeFiles/base_msgs__rosidl_typesupport_cpp.dir/rosidl_typesupport_cpp/base_msgs/msg/pnc_map__type_support.cpp.o\x1b[0m\n'}
[6.429051] (base_msgs) StdoutLine: {'line': b'[ 20%] \x1b[32mBuilding CXX object CMakeFiles/base_msgs__rosidl_typesupport_cpp.dir/rosidl_typesupport_cpp/base_msgs/msg/referline_point__type_support.cpp.o\x1b[0m\n'}
[6.429234] (base_msgs) StdoutLine: {'line': b'[ 22%] \x1b[32mBuilding CXX object CMakeFiles/base_msgs__rosidl_typesupport_cpp.dir/rosidl_typesupport_cpp/base_msgs/msg/referline__type_support.cpp.o\x1b[0m\n'}
[6.429780] (base_msgs) StdoutLine: {'line': b'[ 23%] \x1b[32mBuilding CXX object CMakeFiles/base_msgs__rosidl_typesupport_cpp.dir/rosidl_typesupport_cpp/base_msgs/msg/local_path__type_support.cpp.o\x1b[0m\n'}
[6.508805] (base_msgs) StdoutLine: {'line': b'[ 23%] \x1b[32mBuilding CXX object CMakeFiles/base_msgs__rosidl_typesupport_c.dir/rosidl_typesupport_c/base_msgs/srv/global_path_service__type_support.cpp.o\x1b[0m\n'}
[6.515336] (-) TimerEvent: {}
[6.551310] (base_msgs) StdoutLine: {'line': b'[ 24%] \x1b[32mBuilding CXX object CMakeFiles/base_msgs__rosidl_typesupport_c.dir/rosidl_typesupport_c/base_msgs/srv/pnc_map_service__type_support.cpp.o\x1b[0m\n'}
[6.596614] (base_msgs) StdoutLine: {'line': b'[ 25%] \x1b[32mBuilding CXX object CMakeFiles/base_msgs__rosidl_typesupport_c.dir/rosidl_typesupport_c/base_msgs/msg/pnc_map__type_support.cpp.o\x1b[0m\n'}
[6.616116] (-) TimerEvent: {}
[6.652271] (base_msgs) StdoutLine: {'line': b'[ 26%] \x1b[32mBuilding CXX object CMakeFiles/base_msgs__rosidl_typesupport_c.dir/rosidl_typesupport_c/base_msgs/msg/referline_point__type_support.cpp.o\x1b[0m\n'}
[6.710352] (base_msgs) StdoutLine: {'line': b'[ 27%] \x1b[32mBuilding CXX object CMakeFiles/base_msgs__rosidl_typesupport_c.dir/rosidl_typesupport_c/base_msgs/msg/referline__type_support.cpp.o\x1b[0m\n'}
[6.713353] (base_msgs) StdoutLine: {'line': b'[ 28%] \x1b[32mBuilding CXX object CMakeFiles/base_msgs__rosidl_typesupport_introspection_cpp.dir/rosidl_typesupport_introspection_cpp/base_msgs/srv/detail/global_path_service__type_support.cpp.o\x1b[0m\n'}
[6.716213] (-) TimerEvent: {}
[6.757610] (base_msgs) StdoutLine: {'line': b'[ 28%] \x1b[32mBuilding CXX object CMakeFiles/base_msgs__rosidl_typesupport_c.dir/rosidl_typesupport_c/base_msgs/msg/local_path_point__type_support.cpp.o\x1b[0m\n'}
[6.814014] (base_msgs) StdoutLine: {'line': b'[ 29%] \x1b[32mBuilding CXX object CMakeFiles/base_msgs__rosidl_typesupport_c.dir/rosidl_typesupport_c/base_msgs/msg/local_path__type_support.cpp.o\x1b[0m\n'}
[6.816336] (-) TimerEvent: {}
[6.860543] (base_msgs) StdoutLine: {'line': b'[ 30%] \x1b[32mBuilding CXX object CMakeFiles/base_msgs__rosidl_typesupport_c.dir/rosidl_typesupport_c/base_msgs/msg/local_speeds_point__type_support.cpp.o\x1b[0m\n'}
[6.888879] (base_msgs) StdoutLine: {'line': b'[ 30%] \x1b[32mBuilding CXX object CMakeFiles/base_msgs__rosidl_typesupport_cpp.dir/rosidl_typesupport_cpp/base_msgs/msg/local_speeds_point__type_support.cpp.o\x1b[0m\n'}
[6.892156] (base_msgs) StdoutLine: {'line': b'[ 31%] \x1b[32mBuilding CXX object CMakeFiles/base_msgs__rosidl_typesupport_cpp.dir/rosidl_typesupport_cpp/base_msgs/msg/local_speeds__type_support.cpp.o\x1b[0m\n'}
[6.905564] (base_msgs) StdoutLine: {'line': b'[ 33%] \x1b[32mBuilding CXX object CMakeFiles/base_msgs__rosidl_typesupport_c.dir/rosidl_typesupport_c/base_msgs/msg/local_speeds__type_support.cpp.o\x1b[0m\n'}
[6.905823] (base_msgs) StdoutLine: {'line': b'[ 33%] \x1b[32mBuilding CXX object CMakeFiles/base_msgs__rosidl_typesupport_cpp.dir/rosidl_typesupport_cpp/base_msgs/msg/local_trajectory_point__type_support.cpp.o\x1b[0m\n'}
[6.916442] (-) TimerEvent: {}
[6.930161] (base_msgs) StdoutLine: {'line': b'[ 34%] \x1b[32mBuilding CXX object CMakeFiles/base_msgs__rosidl_typesupport_cpp.dir/rosidl_typesupport_cpp/base_msgs/msg/local_trajectory__type_support.cpp.o\x1b[0m\n'}
[6.944614] (base_msgs) StdoutLine: {'line': b'[ 35%] \x1b[32mBuilding CXX object CMakeFiles/base_msgs__rosidl_typesupport_c.dir/rosidl_typesupport_c/base_msgs/msg/local_trajectory_point__type_support.cpp.o\x1b[0m\n'}
[6.951497] (base_msgs) StdoutLine: {'line': b'[ 36%] \x1b[32mBuilding CXX object CMakeFiles/base_msgs__rosidl_typesupport_introspection_cpp.dir/rosidl_typesupport_introspection_cpp/base_msgs/srv/detail/pnc_map_service__type_support.cpp.o\x1b[0m\n'}
[6.963916] (base_msgs) StdoutLine: {'line': b'[ 37%] \x1b[32mBuilding CXX object CMakeFiles/base_msgs__rosidl_typesupport_introspection_cpp.dir/rosidl_typesupport_introspection_cpp/base_msgs/msg/detail/pnc_map__type_support.cpp.o\x1b[0m\n'}
[6.993879] (base_msgs) StdoutLine: {'line': b'[ 37%] \x1b[32mBuilding CXX object CMakeFiles/base_msgs__rosidl_typesupport_c.dir/rosidl_typesupport_c/base_msgs/msg/local_trajectory__type_support.cpp.o\x1b[0m\n'}
[7.005398] (base_msgs) StdoutLine: {'line': b'[ 38%] \x1b[32mBuilding CXX object CMakeFiles/base_msgs__rosidl_typesupport_c.dir/rosidl_typesupport_c/base_msgs/msg/obs_info__type_support.cpp.o\x1b[0m\n'}
[7.010412] (base_msgs) StdoutLine: {'line': b'[ 39%] \x1b[32mBuilding CXX object CMakeFiles/base_msgs__rosidl_typesupport_fastrtps_c.dir/rosidl_typesupport_fastrtps_c/base_msgs/srv/detail/global_path_service__type_support_c.cpp.o\x1b[0m\n'}
[7.020078] (-) TimerEvent: {}
[7.036132] (base_msgs) StdoutLine: {'line': b'[ 40%] \x1b[32mBuilding CXX object CMakeFiles/base_msgs__rosidl_typesupport_cpp.dir/rosidl_typesupport_cpp/base_msgs/msg/obs_info__type_support.cpp.o\x1b[0m\n'}
[7.044939] (base_msgs) StdoutLine: {'line': b'[ 41%] \x1b[32mBuilding CXX object CMakeFiles/base_msgs__rosidl_typesupport_c.dir/rosidl_typesupport_c/base_msgs/msg/plot_info__type_support.cpp.o\x1b[0m\n'}
[7.085973] (base_msgs) StdoutLine: {'line': b'[ 42%] \x1b[32m\x1b[1mLinking CXX shared library libbase_msgs__rosidl_typesupport_c.so\x1b[0m\n'}
[7.120178] (-) TimerEvent: {}
[7.195515] (base_msgs) StdoutLine: {'line': b'[ 42%] Built target base_msgs__rosidl_typesupport_c\n'}
[7.209852] (base_msgs) StdoutLine: {'line': b'[ 42%] \x1b[32mBuilding CXX object CMakeFiles/base_msgs__rosidl_typesupport_cpp.dir/rosidl_typesupport_cpp/base_msgs/msg/plot_info__type_support.cpp.o\x1b[0m\n'}
[7.220279] (-) TimerEvent: {}
[7.320623] (-) TimerEvent: {}
[7.340737] (base_msgs) StdoutLine: {'line': b'[ 42%] \x1b[32mBuilding CXX object CMakeFiles/base_msgs__rosidl_typesupport_fastrtps_c.dir/rosidl_typesupport_fastrtps_c/base_msgs/srv/detail/pnc_map_service__type_support_c.cpp.o\x1b[0m\n'}
[7.378648] (base_msgs) StdoutLine: {'line': b'[ 43%] \x1b[32mBuilding CXX object CMakeFiles/base_msgs__rosidl_typesupport_introspection_cpp.dir/rosidl_typesupport_introspection_cpp/base_msgs/msg/detail/referline_point__type_support.cpp.o\x1b[0m\n'}
[7.403641] (base_msgs) StdoutLine: {'line': b'[ 44%] \x1b[32mBuilding C object CMakeFiles/base_msgs__rosidl_typesupport_introspection_c.dir/rosidl_typesupport_introspection_c/base_msgs/srv/detail/global_path_service__type_support.c.o\x1b[0m\n'}
[7.420750] (-) TimerEvent: {}
[7.426373] (base_msgs) StdoutLine: {'line': b'[ 45%] \x1b[32mBuilding C object CMakeFiles/base_msgs__rosidl_typesupport_introspection_c.dir/rosidl_typesupport_introspection_c/base_msgs/srv/detail/pnc_map_service__type_support.c.o\x1b[0m\n'}
[7.494107] (base_msgs) StdoutLine: {'line': b'[ 45%] \x1b[32mBuilding C object CMakeFiles/base_msgs__rosidl_typesupport_introspection_c.dir/rosidl_typesupport_introspection_c/base_msgs/msg/detail/pnc_map__type_support.c.o\x1b[0m\n'}
[7.497244] (base_msgs) StdoutLine: {'line': b'[ 45%] \x1b[32mBuilding CXX object CMakeFiles/base_msgs__rosidl_typesupport_introspection_cpp.dir/rosidl_typesupport_introspection_cpp/base_msgs/msg/detail/referline__type_support.cpp.o\x1b[0m\n'}
[7.509177] (base_msgs) StdoutLine: {'line': b'[ 46%] \x1b[32mBuilding CXX object CMakeFiles/base_msgs__rosidl_typesupport_introspection_cpp.dir/rosidl_typesupport_introspection_cpp/base_msgs/msg/detail/local_path_point__type_support.cpp.o\x1b[0m\n'}
[7.520843] (-) TimerEvent: {}
[7.521873] (base_msgs) StdoutLine: {'line': b'[ 47%] \x1b[32mBuilding CXX object CMakeFiles/base_msgs__rosidl_typesupport_introspection_cpp.dir/rosidl_typesupport_introspection_cpp/base_msgs/msg/detail/local_path__type_support.cpp.o\x1b[0m\n'}
[7.564078] (base_msgs) StdoutLine: {'line': b'[ 48%] \x1b[32mBuilding C object CMakeFiles/base_msgs__rosidl_typesupport_introspection_c.dir/rosidl_typesupport_introspection_c/base_msgs/msg/detail/referline_point__type_support.c.o\x1b[0m\n'}
[7.612013] (base_msgs) StdoutLine: {'line': b'[ 49%] \x1b[32mBuilding CXX object CMakeFiles/base_msgs__rosidl_typesupport_introspection_cpp.dir/rosidl_typesupport_introspection_cpp/base_msgs/msg/detail/local_speeds_point__type_support.cpp.o\x1b[0m\n'}
[7.620964] (-) TimerEvent: {}
[7.628553] (base_msgs) StdoutLine: {'line': b'[ 50%] \x1b[32mBuilding CXX object CMakeFiles/base_msgs__rosidl_typesupport_introspection_cpp.dir/rosidl_typesupport_introspection_cpp/base_msgs/msg/detail/local_speeds__type_support.cpp.o\x1b[0m\n'}
[7.649073] (base_msgs) StdoutLine: {'line': b'[ 51%] \x1b[32mBuilding C object CMakeFiles/base_msgs__rosidl_typesupport_introspection_c.dir/rosidl_typesupport_introspection_c/base_msgs/msg/detail/referline__type_support.c.o\x1b[0m\n'}
[7.702114] (base_msgs) StdoutLine: {'line': b'[ 52%] \x1b[32mBuilding C object CMakeFiles/base_msgs__rosidl_typesupport_introspection_c.dir/rosidl_typesupport_introspection_c/base_msgs/msg/detail/local_path_point__type_support.c.o\x1b[0m\n'}
[7.721070] (-) TimerEvent: {}
[7.754783] (base_msgs) StdoutLine: {'line': b'[ 53%] \x1b[32mBuilding C object CMakeFiles/base_msgs__rosidl_typesupport_introspection_c.dir/rosidl_typesupport_introspection_c/base_msgs/msg/detail/local_path__type_support.c.o\x1b[0m\n'}
[7.761436] (base_msgs) StdoutLine: {'line': b'[ 54%] \x1b[32mBuilding CXX object CMakeFiles/base_msgs__rosidl_typesupport_fastrtps_cpp.dir/rosidl_typesupport_fastrtps_cpp/base_msgs/srv/detail/dds_fastrtps/global_path_service__type_support.cpp.o\x1b[0m\n'}
[7.778523] (base_msgs) StdoutLine: {'line': b'[ 55%] \x1b[32m\x1b[1mLinking CXX shared library libbase_msgs__rosidl_typesupport_cpp.so\x1b[0m\n'}
[7.821186] (-) TimerEvent: {}
[7.832316] (base_msgs) StdoutLine: {'line': b'[ 56%] \x1b[32mBuilding CXX object CMakeFiles/base_msgs__rosidl_typesupport_fastrtps_cpp.dir/rosidl_typesupport_fastrtps_cpp/base_msgs/srv/detail/dds_fastrtps/pnc_map_service__type_support.cpp.o\x1b[0m\n'}
[7.833311] (base_msgs) StdoutLine: {'line': b'[ 56%] \x1b[32mBuilding C object CMakeFiles/base_msgs__rosidl_typesupport_introspection_c.dir/rosidl_typesupport_introspection_c/base_msgs/msg/detail/local_speeds_point__type_support.c.o\x1b[0m\n'}
[7.858375] (base_msgs) StdoutLine: {'line': b'[ 57%] \x1b[32mBuilding CXX object CMakeFiles/base_msgs__rosidl_typesupport_fastrtps_c.dir/rosidl_typesupport_fastrtps_c/base_msgs/msg/detail/pnc_map__type_support_c.cpp.o\x1b[0m\n'}
[7.871149] (base_msgs) StdoutLine: {'line': b'[ 57%] Built target base_msgs__rosidl_typesupport_cpp\n'}
[7.879169] (base_msgs) StdoutLine: {'line': b'[ 58%] \x1b[32mBuilding CXX object CMakeFiles/base_msgs__rosidl_typesupport_fastrtps_c.dir/rosidl_typesupport_fastrtps_c/base_msgs/msg/detail/referline_point__type_support_c.cpp.o\x1b[0m\n'}
[7.886694] (base_msgs) StdoutLine: {'line': b'[ 59%] \x1b[32mBuilding C object CMakeFiles/base_msgs__rosidl_typesupport_introspection_c.dir/rosidl_typesupport_introspection_c/base_msgs/msg/detail/local_speeds__type_support.c.o\x1b[0m\n'}
[7.921294] (-) TimerEvent: {}
[7.932323] (base_msgs) StdoutLine: {'line': b'[ 60%] \x1b[32mBuilding CXX object CMakeFiles/base_msgs__rosidl_typesupport_fastrtps_cpp.dir/rosidl_typesupport_fastrtps_cpp/base_msgs/msg/detail/dds_fastrtps/pnc_map__type_support.cpp.o\x1b[0m\n'}
[7.982385] (base_msgs) StdoutLine: {'line': b'[ 61%] \x1b[32mBuilding C object CMakeFiles/base_msgs__rosidl_typesupport_introspection_c.dir/rosidl_typesupport_introspection_c/base_msgs/msg/detail/local_trajectory_point__type_support.c.o\x1b[0m\n'}
[8.021406] (-) TimerEvent: {}
[8.082120] (base_msgs) StdoutLine: {'line': b'[ 62%] \x1b[32mBuilding C object CMakeFiles/base_msgs__rosidl_typesupport_introspection_c.dir/rosidl_typesupport_introspection_c/base_msgs/msg/detail/local_trajectory__type_support.c.o\x1b[0m\n'}
[8.092351] (base_msgs) StdoutLine: {'line': b'[ 62%] \x1b[32mBuilding CXX object CMakeFiles/base_msgs__rosidl_typesupport_fastrtps_cpp.dir/rosidl_typesupport_fastrtps_cpp/base_msgs/msg/detail/dds_fastrtps/referline_point__type_support.cpp.o\x1b[0m\n'}
[8.122877] (-) TimerEvent: {}
[8.198445] (base_msgs) StdoutLine: {'line': b'[ 63%] \x1b[32mBuilding C object CMakeFiles/base_msgs__rosidl_typesupport_introspection_c.dir/rosidl_typesupport_introspection_c/base_msgs/msg/detail/obs_info__type_support.c.o\x1b[0m\n'}
[8.222980] (-) TimerEvent: {}
[8.270375] (base_msgs) StdoutLine: {'line': b'[ 63%] \x1b[32mBuilding C object CMakeFiles/base_msgs__rosidl_typesupport_introspection_c.dir/rosidl_typesupport_introspection_c/base_msgs/msg/detail/plot_info__type_support.c.o\x1b[0m\n'}
[8.278144] (base_msgs) StdoutLine: {'line': b'[ 64%] \x1b[32mBuilding CXX object CMakeFiles/base_msgs__rosidl_typesupport_fastrtps_cpp.dir/rosidl_typesupport_fastrtps_cpp/base_msgs/msg/detail/dds_fastrtps/referline__type_support.cpp.o\x1b[0m\n'}
[8.287353] (base_msgs) StdoutLine: {'line': b'[ 64%] \x1b[32mBuilding CXX object CMakeFiles/base_msgs__rosidl_typesupport_introspection_cpp.dir/rosidl_typesupport_introspection_cpp/base_msgs/msg/detail/local_trajectory_point__type_support.cpp.o\x1b[0m\n'}
[8.324087] (-) TimerEvent: {}
[8.339180] (base_msgs) StdoutLine: {'line': b'[ 65%] \x1b[32m\x1b[1mLinking C shared library libbase_msgs__rosidl_typesupport_introspection_c.so\x1b[0m\n'}
[8.408855] (base_msgs) StdoutLine: {'line': b'[ 65%] Built target base_msgs__rosidl_typesupport_introspection_c\n'}
[8.422221] (base_msgs) StdoutLine: {'line': b'[ 66%] \x1b[32mBuilding CXX object CMakeFiles/base_msgs__rosidl_typesupport_introspection_cpp.dir/rosidl_typesupport_introspection_cpp/base_msgs/msg/detail/local_trajectory__type_support.cpp.o\x1b[0m\n'}
[8.424185] (-) TimerEvent: {}
[8.425855] (base_msgs) StdoutLine: {'line': b'[ 67%] \x1b[32mBuilding CXX object CMakeFiles/base_msgs__rosidl_typesupport_fastrtps_cpp.dir/rosidl_typesupport_fastrtps_cpp/base_msgs/msg/detail/dds_fastrtps/local_path_point__type_support.cpp.o\x1b[0m\n'}
[8.454422] (base_msgs) StdoutLine: {'line': b'[ 68%] \x1b[32mBuilding CXX object CMakeFiles/base_msgs__rosidl_typesupport_fastrtps_cpp.dir/rosidl_typesupport_fastrtps_cpp/base_msgs/msg/detail/dds_fastrtps/local_path__type_support.cpp.o\x1b[0m\n'}
[8.491129] (base_msgs) StdoutLine: {'line': b'[ 69%] \x1b[32mBuilding CXX object CMakeFiles/base_msgs__rosidl_typesupport_fastrtps_cpp.dir/rosidl_typesupport_fastrtps_cpp/base_msgs/msg/detail/dds_fastrtps/local_speeds_point__type_support.cpp.o\x1b[0m\n'}
[8.493146] (base_msgs) StdoutLine: {'line': b'[ 70%] \x1b[32mBuilding CXX object CMakeFiles/base_msgs__rosidl_typesupport_introspection_cpp.dir/rosidl_typesupport_introspection_cpp/base_msgs/msg/detail/obs_info__type_support.cpp.o\x1b[0m\n'}
[8.524288] (-) TimerEvent: {}
[8.572191] (base_msgs) StdoutLine: {'line': b'[ 71%] \x1b[32mBuilding CXX object CMakeFiles/base_msgs__rosidl_typesupport_fastrtps_c.dir/rosidl_typesupport_fastrtps_c/base_msgs/msg/detail/referline__type_support_c.cpp.o\x1b[0m\n'}
[8.624400] (-) TimerEvent: {}
[8.659474] (base_msgs) StdoutLine: {'line': b'[ 72%] \x1b[32mBuilding CXX object CMakeFiles/base_msgs__rosidl_typesupport_fastrtps_c.dir/rosidl_typesupport_fastrtps_c/base_msgs/msg/detail/local_path_point__type_support_c.cpp.o\x1b[0m\n'}
[8.694959] (base_msgs) StdoutLine: {'line': b'[ 72%] \x1b[32mBuilding CXX object CMakeFiles/base_msgs__rosidl_typesupport_fastrtps_c.dir/rosidl_typesupport_fastrtps_c/base_msgs/msg/detail/local_path__type_support_c.cpp.o\x1b[0m\n'}
[8.724511] (-) TimerEvent: {}
[8.817735] (base_msgs) StdoutLine: {'line': b'[ 73%] \x1b[32mBuilding CXX object CMakeFiles/base_msgs__rosidl_typesupport_fastrtps_c.dir/rosidl_typesupport_fastrtps_c/base_msgs/msg/detail/local_speeds_point__type_support_c.cpp.o\x1b[0m\n'}
[8.824619] (-) TimerEvent: {}
[8.848112] (base_msgs) StdoutLine: {'line': b'[ 74%] \x1b[32mBuilding CXX object CMakeFiles/base_msgs__rosidl_typesupport_fastrtps_c.dir/rosidl_typesupport_fastrtps_c/base_msgs/msg/detail/local_speeds__type_support_c.cpp.o\x1b[0m\n'}
[8.926084] (-) TimerEvent: {}
[9.026403] (-) TimerEvent: {}
[9.043832] (base_msgs) StdoutLine: {'line': b'[ 75%] \x1b[32mBuilding CXX object CMakeFiles/base_msgs__rosidl_typesupport_fastrtps_c.dir/rosidl_typesupport_fastrtps_c/base_msgs/msg/detail/local_trajectory_point__type_support_c.cpp.o\x1b[0m\n'}
[9.126517] (-) TimerEvent: {}
[9.161010] (base_msgs) StdoutLine: {'line': b'[ 76%] \x1b[32mBuilding CXX object CMakeFiles/base_msgs__rosidl_typesupport_introspection_cpp.dir/rosidl_typesupport_introspection_cpp/base_msgs/msg/detail/plot_info__type_support.cpp.o\x1b[0m\n'}
[9.226639] (-) TimerEvent: {}
[9.260109] (base_msgs) StdoutLine: {'line': b'[ 77%] \x1b[32mBuilding CXX object CMakeFiles/base_msgs__rosidl_typesupport_fastrtps_c.dir/rosidl_typesupport_fastrtps_c/base_msgs/msg/detail/local_trajectory__type_support_c.cpp.o\x1b[0m\n'}
[9.267786] (base_msgs) StdoutLine: {'line': b'[ 77%] \x1b[32mBuilding CXX object CMakeFiles/base_msgs__rosidl_typesupport_fastrtps_cpp.dir/rosidl_typesupport_fastrtps_cpp/base_msgs/msg/detail/dds_fastrtps/local_speeds__type_support.cpp.o\x1b[0m\n'}
[9.316080] (base_msgs) StdoutLine: {'line': b'[ 77%] \x1b[32mBuilding CXX object CMakeFiles/base_msgs__rosidl_typesupport_fastrtps_c.dir/rosidl_typesupport_fastrtps_c/base_msgs/msg/detail/obs_info__type_support_c.cpp.o\x1b[0m\n'}
[9.326741] (-) TimerEvent: {}
[9.330579] (base_msgs) StdoutLine: {'line': b'[ 78%] \x1b[32mBuilding CXX object CMakeFiles/base_msgs__rosidl_typesupport_fastrtps_cpp.dir/rosidl_typesupport_fastrtps_cpp/base_msgs/msg/detail/dds_fastrtps/local_trajectory_point__type_support.cpp.o\x1b[0m\n'}
[9.353690] (base_msgs) StdoutLine: {'line': b'[ 79%] \x1b[32mBuilding CXX object CMakeFiles/base_msgs__rosidl_typesupport_fastrtps_c.dir/rosidl_typesupport_fastrtps_c/base_msgs/msg/detail/plot_info__type_support_c.cpp.o\x1b[0m\n'}
[9.374815] (base_msgs) StdoutLine: {'line': b'[ 80%] \x1b[32mBuilding CXX object CMakeFiles/base_msgs__rosidl_typesupport_fastrtps_cpp.dir/rosidl_typesupport_fastrtps_cpp/base_msgs/msg/detail/dds_fastrtps/local_trajectory__type_support.cpp.o\x1b[0m\n'}
[9.393730] (base_msgs) StdoutLine: {'line': b'[ 81%] \x1b[32mBuilding CXX object CMakeFiles/base_msgs__rosidl_typesupport_fastrtps_cpp.dir/rosidl_typesupport_fastrtps_cpp/base_msgs/msg/detail/dds_fastrtps/obs_info__type_support.cpp.o\x1b[0m\n'}
[9.426850] (-) TimerEvent: {}
[9.434156] (base_msgs) StdoutLine: {'line': b'[ 82%] \x1b[32mBuilding CXX object CMakeFiles/base_msgs__rosidl_typesupport_fastrtps_cpp.dir/rosidl_typesupport_fastrtps_cpp/base_msgs/msg/detail/dds_fastrtps/plot_info__type_support.cpp.o\x1b[0m\n'}
[9.526953] (-) TimerEvent: {}
[9.627711] (-) TimerEvent: {}
[9.728083] (-) TimerEvent: {}
[9.828913] (-) TimerEvent: {}
[9.929274] (-) TimerEvent: {}
[9.942278] (base_msgs) StdoutLine: {'line': b'[ 83%] \x1b[32m\x1b[1mLinking CXX shared library libbase_msgs__rosidl_typesupport_fastrtps_c.so\x1b[0m\n'}
[10.000956] (base_msgs) StdoutLine: {'line': b'[ 84%] \x1b[32m\x1b[1mLinking CXX shared library libbase_msgs__rosidl_typesupport_introspection_cpp.so\x1b[0m\n'}
[10.029398] (-) TimerEvent: {}
[10.048040] (base_msgs) StdoutLine: {'line': b'[ 84%] Built target base_msgs__rosidl_typesupport_fastrtps_c\n'}
[10.102621] (base_msgs) StdoutLine: {'line': b'[ 84%] Built target base_msgs__rosidl_typesupport_introspection_cpp\n'}
[10.129485] (-) TimerEvent: {}
[10.175395] (base_msgs) StdoutLine: {'line': b'[ 84%] \x1b[32m\x1b[1mLinking CXX shared library libbase_msgs__rosidl_typesupport_fastrtps_cpp.so\x1b[0m\n'}
[10.229599] (-) TimerEvent: {}
[10.256229] (base_msgs) StdoutLine: {'line': b'[ 84%] Built target base_msgs__rosidl_typesupport_fastrtps_cpp\n'}
[10.264633] (base_msgs) StdoutLine: {'line': b'[ 84%] Built target base_msgs\n'}
[10.273517] (base_msgs) StdoutLine: {'line': b'[ 85%] \x1b[34m\x1b[1mGenerating Python code for ROS interfaces\x1b[0m\n'}
[10.329685] (-) TimerEvent: {}
[10.429975] (-) TimerEvent: {}
[10.530260] (-) TimerEvent: {}
[10.630516] (-) TimerEvent: {}
[10.730826] (-) TimerEvent: {}
[10.831074] (-) TimerEvent: {}
[10.931334] (-) TimerEvent: {}
[11.031615] (-) TimerEvent: {}
[11.131908] (-) TimerEvent: {}
[11.232258] (-) TimerEvent: {}
[11.332522] (-) TimerEvent: {}
[11.432801] (-) TimerEvent: {}
[11.533081] (-) TimerEvent: {}
[11.633366] (-) TimerEvent: {}
[11.733663] (-) TimerEvent: {}
[11.834026] (-) TimerEvent: {}
[11.934251] (-) TimerEvent: {}
[12.034481] (-) TimerEvent: {}
[12.134745] (-) TimerEvent: {}
[12.234960] (-) TimerEvent: {}
[12.335185] (-) TimerEvent: {}
[12.435405] (-) TimerEvent: {}
[12.535620] (-) TimerEvent: {}
[12.635839] (-) TimerEvent: {}
[12.736055] (-) TimerEvent: {}
[12.836265] (-) TimerEvent: {}
[12.936441] (-) TimerEvent: {}
[13.036698] (-) TimerEvent: {}
[13.090830] (base_msgs) StdoutLine: {'line': b'[ 85%] Built target base_msgs__py\n'}
[13.099583] (base_msgs) StdoutLine: {'line': b'[ 86%] \x1b[32mBuilding C object CMakeFiles/base_msgs__rosidl_generator_py.dir/rosidl_generator_py/base_msgs/srv/_global_path_service_s.c.o\x1b[0m\n'}
[13.099935] (base_msgs) StdoutLine: {'line': b'[ 86%] \x1b[32mBuilding C object CMakeFiles/base_msgs__rosidl_generator_py.dir/rosidl_generator_py/base_msgs/srv/_pnc_map_service_s.c.o\x1b[0m\n'}
[13.100154] (base_msgs) StdoutLine: {'line': b'[ 87%] \x1b[32mBuilding C object CMakeFiles/base_msgs__rosidl_generator_py.dir/rosidl_generator_py/base_msgs/msg/_pnc_map_s.c.o\x1b[0m\n'}
[13.100289] (base_msgs) StdoutLine: {'line': b'[ 88%] \x1b[32mBuilding C object CMakeFiles/base_msgs__rosidl_generator_py.dir/rosidl_generator_py/base_msgs/msg/_referline_point_s.c.o\x1b[0m\n'}
[13.100398] (base_msgs) StdoutLine: {'line': b'[ 89%] \x1b[32mBuilding C object CMakeFiles/base_msgs__rosidl_generator_py.dir/rosidl_generator_py/base_msgs/msg/_referline_s.c.o\x1b[0m\n'}
[13.100499] (base_msgs) StdoutLine: {'line': b'[ 89%] \x1b[32mBuilding C object CMakeFiles/base_msgs__rosidl_generator_py.dir/rosidl_generator_py/base_msgs/msg/_local_path_s.c.o\x1b[0m\n'}
[13.100657] (base_msgs) StdoutLine: {'line': b'[ 90%] \x1b[32mBuilding C object CMakeFiles/base_msgs__rosidl_generator_py.dir/rosidl_generator_py/base_msgs/msg/_local_speeds_point_s.c.o\x1b[0m\n'}
[13.100763] (base_msgs) StdoutLine: {'line': b'[ 91%] \x1b[32mBuilding C object CMakeFiles/base_msgs__rosidl_generator_py.dir/rosidl_generator_py/base_msgs/msg/_local_speeds_s.c.o\x1b[0m\n'}
[13.101007] (base_msgs) StdoutLine: {'line': b'[ 92%] \x1b[32mBuilding C object CMakeFiles/base_msgs__rosidl_generator_py.dir/rosidl_generator_py/base_msgs/msg/_local_path_point_s.c.o\x1b[0m\n'}
[13.101140] (base_msgs) StdoutLine: {'line': b'[ 93%] \x1b[32mBuilding C object CMakeFiles/base_msgs__rosidl_generator_py.dir/rosidl_generator_py/base_msgs/msg/_local_trajectory_point_s.c.o\x1b[0m\n'}
[13.101277] (base_msgs) StdoutLine: {'line': b'[ 94%] \x1b[32mBuilding C object CMakeFiles/base_msgs__rosidl_generator_py.dir/rosidl_generator_py/base_msgs/msg/_local_trajectory_s.c.o\x1b[0m\n'}
[13.101988] (base_msgs) StdoutLine: {'line': b'[ 94%] \x1b[32mBuilding C object CMakeFiles/base_msgs__rosidl_generator_py.dir/rosidl_generator_py/base_msgs/msg/_obs_info_s.c.o\x1b[0m\n'}
[13.136821] (-) TimerEvent: {}
[13.237164] (-) TimerEvent: {}
[13.259673] (base_msgs) StdoutLine: {'line': b'[ 95%] \x1b[32mBuilding C object CMakeFiles/base_msgs__rosidl_generator_py.dir/rosidl_generator_py/base_msgs/msg/_plot_info_s.c.o\x1b[0m\n'}
[13.337249] (-) TimerEvent: {}
[13.371383] (base_msgs) StdoutLine: {'line': b'[ 96%] \x1b[32m\x1b[1mLinking C shared library rosidl_generator_py/base_msgs/libbase_msgs__rosidl_generator_py.so\x1b[0m\n'}
[13.409149] (base_msgs) StdoutLine: {'line': b'[ 96%] Built target base_msgs__rosidl_generator_py\n'}
[13.417917] (base_msgs) StdoutLine: {'line': b'[ 98%] \x1b[32mBuilding C object CMakeFiles/base_msgs__rosidl_typesupport_fastrtps_c__pyext.dir/rosidl_generator_py/base_msgs/_base_msgs_s.ep.rosidl_typesupport_fastrtps_c.c.o\x1b[0m\n'}
[13.418195] (base_msgs) StdoutLine: {'line': b'[ 98%] \x1b[32mBuilding C object CMakeFiles/base_msgs__rosidl_typesupport_c__pyext.dir/rosidl_generator_py/base_msgs/_base_msgs_s.ep.rosidl_typesupport_c.c.o\x1b[0m\n'}
[13.418325] (base_msgs) StdoutLine: {'line': b'[ 99%] \x1b[32mBuilding C object CMakeFiles/base_msgs__rosidl_typesupport_introspection_c__pyext.dir/rosidl_generator_py/base_msgs/_base_msgs_s.ep.rosidl_typesupport_introspection_c.c.o\x1b[0m\n'}
[13.437343] (-) TimerEvent: {}
[13.537591] (-) TimerEvent: {}
[13.554902] (base_msgs) StdoutLine: {'line': b'[ 99%] \x1b[32m\x1b[1mLinking C shared library rosidl_generator_py/base_msgs/base_msgs_s__rosidl_typesupport_fastrtps_c.cpython-310-x86_64-linux-gnu.so\x1b[0m\n'}
[13.555671] (base_msgs) StdoutLine: {'line': b'[ 99%] \x1b[32m\x1b[1mLinking C shared library rosidl_generator_py/base_msgs/base_msgs_s__rosidl_typesupport_c.cpython-310-x86_64-linux-gnu.so\x1b[0m\n'}
[13.559091] (base_msgs) StdoutLine: {'line': b'[100%] \x1b[32m\x1b[1mLinking C shared library rosidl_generator_py/base_msgs/base_msgs_s__rosidl_typesupport_introspection_c.cpython-310-x86_64-linux-gnu.so\x1b[0m\n'}
[13.591642] (base_msgs) StdoutLine: {'line': b'[100%] Built target base_msgs__rosidl_typesupport_c__pyext\n'}
[13.591813] (base_msgs) StdoutLine: {'line': b'[100%] Built target base_msgs__rosidl_typesupport_fastrtps_c__pyext\n'}
[13.596062] (base_msgs) StdoutLine: {'line': b'[100%] Built target base_msgs__rosidl_typesupport_introspection_c__pyext\n'}
[13.601925] (base_msgs) CommandEnded: {'returncode': 0}
[13.602664] (base_msgs) JobProgress: {'identifier': 'base_msgs', 'progress': 'install'}
[13.605123] (base_msgs) Command: {'cmd': ['/usr/local/bin/cmake', '--install', '/home/abc/planning_with_ros2/build/base_msgs'], 'cwd': '/home/abc/planning_with_ros2/build/base_msgs', 'env': OrderedDict([('GJS_DEBUG_TOPICS', 'JS ERROR;JS LOG'), ('PYTHON_BASIC_REPL', '1'), ('LESSOPEN', '| /usr/bin/lesspipe %s'), ('LANGUAGE', 'en_US:en'), ('TENSORRT_DIR', '/home/abc/TensorRT-8.6'), ('USER', 'abc'), ('LC_TIME', 'zh_CN.UTF-8'), ('XDG_SESSION_TYPE', 'x11'), ('GIT_ASKPASS', '/usr/share/code/resources/app/extensions/git/dist/askpass.sh'), ('SHLVL', '1'), ('LD_LIBRARY_PATH', '/usr/local/cuda-11.8/lib64:/home/abc/planning_with_ros2/install/planning/lib:/usr/local/cuda-11.8/lib64:/home/abc/planning_with_ros2/install/planning/lib:/home/abc/planning_with_ros2/install/planning/lib:/home/abc/planning_with_ros2/install/base_msgs/lib:/home/abc/perception_with_ros2/install/perception/lib:/home/abc/perception_with_ros2/install/base_msgs_per/lib:/usr/lib/x86_64-linux-gnu/gazebo-11/plugins:/opt/ros/humble/opt/rviz_ogre_vendor/lib:/opt/ros/humble/lib/x86_64-linux-gnu:/opt/ros/humble/lib:/home/abc/TensorRT-8.6/lib:/home/abc/TensorRT-8.6/lib'), ('HOME', '/home/abc'), ('CHROME_DESKTOP', 'code.desktop'), ('TERM_PROGRAM_VERSION', '1.109.5'), ('DESKTOP_SESSION', 'ubuntu'), ('GIO_LAUNCHED_DESKTOP_FILE', '/usr/share/applications/code.desktop'), ('ROS_PYTHON_VERSION', '3'), ('GNOME_SHELL_SESSION_MODE', 'ubuntu'), ('GTK_MODULES', 'gail:atk-bridge'), ('VSCODE_GIT_ASKPASS_MAIN', '/usr/share/code/resources/app/extensions/git/dist/askpass-main.js'), ('LC_MONETARY', 'zh_CN.UTF-8'), ('VSCODE_GIT_ASKPASS_NODE', '/usr/share/code/code'), ('MANAGERPID', '1130'), ('PYDEVD_DISABLE_FILE_VALIDATION', '1'), ('SYSTEMD_EXEC_PID', '1595'), ('BUNDLED_DEBUGPY_PATH', '/home/abc/.vscode/extensions/ms-python.debugpy-2025.18.0-linux-x64/bundled/libs/debugpy'), ('VSCODE_PYTHON_AUTOACTIVATE_GUARD', '1'), ('DBUS_SESSION_BUS_ADDRESS', 'unix:path=/run/user/1000/bus'), ('COLORTERM', 'truecolor'), ('GIO_LAUNCHED_DESKTOP_FILE_PID', '364490'), ('COLCON_PREFIX_PATH', '/home/abc/planning_with_ros2/install:/home/abc/perception_with_ros2/install'), ('ROS_DISTRO', 'humble'), ('GTK_IM_MODULE', 'ibus'), ('LOGNAME', 'abc'), ('JOURNAL_STREAM', '8:6989'), ('_', '/usr/bin/colcon'), ('ROS_VERSION', '2'), ('XDG_SESSION_CLASS', 'user'), ('USERNAME', 'abc'), ('TERM', 'xterm-256color'), ('GNOME_DESKTOP_SESSION_ID', 'this-is-deprecated'), ('ROS2_PLANNING_COURSE_INSTALL', '/home/abc/planning_with_ros2/install'), ('FC_FONTATIONS', '1'), ('ROS_LOCALHOST_ONLY', '0'), ('WINDOWPATH', '2'), ('PATH', '/usr/local/cuda-11.8/bin:/home/abc/.config/Code/User/globalStorage/github.copilot-chat/debugCommand:/home/abc/.config/Code/User/globalStorage/github.copilot-chat/copilotCli:/usr/local/cuda-11.8/bin:/opt/ros/humble/bin:/usr/local/sbin:/usr/local/bin:/usr/sbin:/usr/bin:/sbin:/bin:/usr/games:/usr/local/games:/snap/bin:/snap/bin:/home/abc/.vscode/extensions/ms-python.debugpy-2025.18.0-linux-x64/bundled/scripts/noConfigScripts'), ('SESSION_MANAGER', 'local/abc-G3-3500:@/tmp/.ICE-unix/1554,unix/abc-G3-3500:/tmp/.ICE-unix/1554'), ('INVOCATION_ID', 'f3a9f1252eb845459ae16b5ad8fdee6d'), ('PAPERSIZE', 'a4'), ('XDG_MENU_PREFIX', 'gnome-'), ('LC_ADDRESS', 'zh_CN.UTF-8'), ('XDG_RUNTIME_DIR', '/run/user/1000'), ('GDK_BACKEND', 'x11'), ('DISPLAY', ':0'), ('VSCODE_DEBUGPY_ADAPTER_ENDPOINTS', '/home/abc/.vscode/extensions/ms-python.debugpy-2025.18.0-linux-x64/.noConfigDebugAdapterEndpoints/endpoint-73f3b4a0a422bf73.txt'), ('LANG', 'en_US.UTF-8'), ('XDG_CURRENT_DESKTOP', 'ubuntu:GNOME'), ('PYTHONSTARTUP', '/home/abc/.config/Code/User/workspaceStorage/4efd6db52f1c03b4cb1fb614d5084a17/ms-python.python/pythonrc.py'), ('LC_TELEPHONE', 'zh_CN.UTF-8'), ('XMODIFIERS', '@im=ibus'), ('XDG_SESSION_DESKTOP', 'ubuntu'), ('XAUTHORITY', '/run/user/1000/gdm/Xauthority'), ('LS_COLORS', 'rs=0:di=01;34:ln=01;36:mh=00:pi=40;33:so=01;35:do=01;35:bd=40;33;01:cd=40;33;01:or=40;31;01:mi=00:su=37;41:sg=30;43:ca=30;41:tw=30;42:ow=34;42:st=37;44:ex=01;32:*.tar=01;31:*.tgz=01;31:*.arc=01;31:*.arj=01;31:*.taz=01;31:*.lha=01;31:*.lz4=01;31:*.lzh=01;31:*.lzma=01;31:*.tlz=01;31:*.txz=01;31:*.tzo=01;31:*.t7z=01;31:*.zip=01;31:*.z=01;31:*.dz=01;31:*.gz=01;31:*.lrz=01;31:*.lz=01;31:*.lzo=01;31:*.xz=01;31:*.zst=01;31:*.tzst=01;31:*.bz2=01;31:*.bz=01;31:*.tbz=01;31:*.tbz2=01;31:*.tz=01;31:*.deb=01;31:*.rpm=01;31:*.jar=01;31:*.war=01;31:*.ear=01;31:*.sar=01;31:*.rar=01;31:*.alz=01;31:*.ace=01;31:*.zoo=01;31:*.cpio=01;31:*.7z=01;31:*.rz=01;31:*.cab=01;31:*.wim=01;31:*.swm=01;31:*.dwm=01;31:*.esd=01;31:*.jpg=01;35:*.jpeg=01;35:*.mjpg=01;35:*.mjpeg=01;35:*.gif=01;35:*.bmp=01;35:*.pbm=01;35:*.pgm=01;35:*.ppm=01;35:*.tga=01;35:*.xbm=01;35:*.xpm=01;35:*.tif=01;35:*.tiff=01;35:*.png=01;35:*.svg=01;35:*.svgz=01;35:*.mng=01;35:*.pcx=01;35:*.mov=01;35:*.mpg=01;35:*.mpeg=01;35:*.m2v=01;35:*.mkv=01;35:*.webm=01;35:*.webp=01;35:*.ogm=01;35:*.mp4=01;35:*.m4v=01;35:*.mp4v=01;35:*.vob=01;35:*.qt=01;35:*.nuv=01;35:*.wmv=01;35:*.asf=01;35:*.rm=01;35:*.rmvb=01;35:*.flc=01;35:*.avi=01;35:*.fli=01;35:*.flv=01;35:*.gl=01;35:*.dl=01;35:*.xcf=01;35:*.xwd=01;35:*.yuv=01;35:*.cgm=01;35:*.emf=01;35:*.ogv=01;35:*.ogx=01;35:*.aac=00;36:*.au=00;36:*.flac=00;36:*.m4a=00;36:*.mid=00;36:*.midi=00;36:*.mka=00;36:*.mp3=00;36:*.mpc=00;36:*.ogg=00;36:*.ra=00;36:*.wav=00;36:*.oga=00;36:*.opus=00;36:*.spx=00;36:*.xspf=00;36:'), ('VSCODE_GIT_IPC_HANDLE', '/run/user/1000/vscode-git-c59a044dc2.sock'), ('TERM_PROGRAM', 'vscode'), ('SSH_AGENT_LAUNCHER', 'gnome-keyring'), ('SSH_AUTH_SOCK', '/run/user/1000/keyring/ssh'), ('ROS_DOMAIN_ID', '2'), ('AMENT_PREFIX_PATH', '/home/abc/planning_with_ros2/install/planning:/home/abc/planning_with_ros2/install/data_plot:/home/abc/planning_with_ros2/install/base_msgs:/home/abc/perception_with_ros2/install/perception:/home/abc/perception_with_ros2/install/data_plot_per:/home/abc/perception_with_ros2/install/base_msgs_per:/opt/ros/humble'), ('SHELL', '/bin/bash'), ('LC_NAME', 'zh_CN.UTF-8'), ('QT_ACCESSIBILITY', '1'), ('GDMSESSION', 'ubuntu'), ('LESSCLOSE', '/usr/bin/lesspipe %s %s'), ('LC_MEASUREMENT', 'zh_CN.UTF-8'), ('GPG_AGENT_INFO', '/run/user/1000/gnupg/S.gpg-agent:0:1'), ('GJS_DEBUG_OUTPUT', 'stderr'), ('LC_IDENTIFICATION', 'zh_CN.UTF-8'), ('VSCODE_GIT_ASKPASS_EXTRA_ARGS', ''), ('QT_IM_MODULE', 'ibus'), ('PWD', '/home/abc/planning_with_ros2/build/base_msgs'), ('LC_ALL', 'en_US.UTF-8'), ('XDG_CONFIG_DIRS', '/etc/xdg/xdg-ubuntu:/etc/xdg'), ('XDG_DATA_DIRS', '/usr/share/ubuntu:/usr/share/gnome:/usr/local/share/:/usr/share/:/var/lib/snapd/desktop'), ('PYTHONPATH', '/home/abc/planning_with_ros2/install/data_plot/lib/python3.10/site-packages:/home/abc/planning_with_ros2/install/base_msgs/local/lib/python3.10/dist-packages:/home/abc/perception_with_ros2/install/data_plot_per/lib/python3.10/site-packages:/home/abc/perception_with_ros2/install/base_msgs_per/local/lib/python3.10/dist-packages:/opt/ros/humble/lib/python3.10/site-packages:/opt/ros/humble/local/lib/python3.10/dist-packages'), ('LC_NUMERIC', 'zh_CN.UTF-8'), ('LC_PAPER', 'zh_CN.UTF-8'), ('COLCON', '1'), ('CMAKE_PREFIX_PATH', '/home/abc/planning_with_ros2/install/planning:/home/abc/planning_with_ros2/install/base_msgs:/home/abc/perception_with_ros2/install/perception:/home/abc/perception_with_ros2/install/base_msgs_per:/home/abc/planning_with_ros2/install/data_plot:/home/abc/perception_with_ros2/install/data_plot_per:/opt/ros/humble')]), 'shell': False}
[13.608499] (base_msgs) StdoutLine: {'line': b'-- Install configuration: ""\n'}
[13.608696] (base_msgs) StdoutLine: {'line': b'-- Installing: /home/abc/planning_with_ros2/install/base_msgs/share/ament_index/resource_index/rosidl_interfaces/base_msgs\n'}
[13.608835] (base_msgs) StdoutLine: {'line': b'-- Installing: /home/abc/planning_with_ros2/install/base_msgs/include/base_msgs/base_msgs\n'}
[13.608943] (base_msgs) StdoutLine: {'line': b'-- Installing: /home/abc/planning_with_ros2/install/base_msgs/include/base_msgs/base_msgs/msg\n'}
[13.609041] (base_msgs) StdoutLine: {'line': b'-- Installing: /home/abc/planning_with_ros2/install/base_msgs/include/base_msgs/base_msgs/msg/pnc_map.h\n'}
[13.609178] (base_msgs) StdoutLine: {'line': b'-- Installing: /home/abc/planning_with_ros2/install/base_msgs/include/base_msgs/base_msgs/msg/local_trajectory_point.h\n'}
[13.609321] (base_msgs) StdoutLine: {'line': b'-- Installing: /home/abc/planning_with_ros2/install/base_msgs/include/base_msgs/base_msgs/msg/plot_info.h\n'}
[13.609433] (base_msgs) StdoutLine: {'line': b'-- Installing: /home/abc/planning_with_ros2/install/base_msgs/include/base_msgs/base_msgs/msg/rosidl_generator_c__visibility_control.h\n'}
[13.609559] (base_msgs) StdoutLine: {'line': b'-- Installing: /home/abc/planning_with_ros2/install/base_msgs/include/base_msgs/base_msgs/msg/local_path.h\n'}
[13.609642] (base_msgs) StdoutLine: {'line': b'-- Installing: /home/abc/planning_with_ros2/install/base_msgs/include/base_msgs/base_msgs/msg/detail\n'}
[13.609712] (base_msgs) StdoutLine: {'line': b'-- Installing: /home/abc/planning_with_ros2/install/base_msgs/include/base_msgs/base_msgs/msg/detail/obs_info__type_support.h\n'}
[13.609819] (base_msgs) StdoutLine: {'line': b'-- Installing: /home/abc/planning_with_ros2/install/base_msgs/include/base_msgs/base_msgs/msg/detail/local_speeds__functions.c\n'}
[13.609921] (base_msgs) StdoutLine: {'line': b'-- Installing: /home/abc/planning_with_ros2/install/base_msgs/include/base_msgs/base_msgs/msg/detail/local_speeds_point__struct.h\n'}
[13.609983] (base_msgs) StdoutLine: {'line': b'-- Installing: /home/abc/planning_with_ros2/install/base_msgs/include/base_msgs/base_msgs/msg/detail/referline_point__type_support.h\n'}
[13.610082] (base_msgs) StdoutLine: {'line': b'-- Installing: /home/abc/planning_with_ros2/install/base_msgs/include/base_msgs/base_msgs/msg/detail/obs_info__struct.h\n'}
[13.610166] (base_msgs) StdoutLine: {'line': b'-- Installing: /home/abc/planning_with_ros2/install/base_msgs/include/base_msgs/base_msgs/msg/detail/referline__struct.h\n'}
[13.610243] (base_msgs) StdoutLine: {'line': b'-- Installing: /home/abc/planning_with_ros2/install/base_msgs/include/base_msgs/base_msgs/msg/detail/local_speeds__functions.h\n'}
[13.610308] (base_msgs) StdoutLine: {'line': b'-- Installing: /home/abc/planning_with_ros2/install/base_msgs/include/base_msgs/base_msgs/msg/detail/local_path_point__functions.h\n'}
[13.610370] (base_msgs) StdoutLine: {'line': b'-- Installing: /home/abc/planning_with_ros2/install/base_msgs/include/base_msgs/base_msgs/msg/detail/pnc_map__struct.h\n'}
[13.610462] (base_msgs) StdoutLine: {'line': b'-- Installing: /home/abc/planning_with_ros2/install/base_msgs/include/base_msgs/base_msgs/msg/detail/plot_info__struct.h\n'}
[13.610545] (base_msgs) StdoutLine: {'line': b'-- Installing: /home/abc/planning_with_ros2/install/base_msgs/include/base_msgs/base_msgs/msg/detail/local_path_point__struct.h\n'}
[13.610606] (base_msgs) StdoutLine: {'line': b'-- Installing: /home/abc/planning_with_ros2/install/base_msgs/include/base_msgs/base_msgs/msg/detail/local_path__struct.h\n'}
[13.610669] (base_msgs) StdoutLine: {'line': b'-- Installing: /home/abc/planning_with_ros2/install/base_msgs/include/base_msgs/base_msgs/msg/detail/obs_info__functions.h\n'}
[13.610758] (base_msgs) StdoutLine: {'line': b'-- Installing: /home/abc/planning_with_ros2/install/base_msgs/include/base_msgs/base_msgs/msg/detail/obs_info__functions.c\n'}
[13.610822] (base_msgs) StdoutLine: {'line': b'-- Installing: /home/abc/planning_with_ros2/install/base_msgs/include/base_msgs/base_msgs/msg/detail/local_speeds__struct.h\n'}
[13.610917] (base_msgs) StdoutLine: {'line': b'-- Installing: /home/abc/planning_with_ros2/install/base_msgs/include/base_msgs/base_msgs/msg/detail/referline__functions.h\n'}
[13.610991] (base_msgs) StdoutLine: {'line': b'-- Installing: /home/abc/planning_with_ros2/install/base_msgs/include/base_msgs/base_msgs/msg/detail/local_trajectory__type_support.h\n'}
[13.611103] (base_msgs) StdoutLine: {'line': b'-- Installing: /home/abc/planning_with_ros2/install/base_msgs/include/base_msgs/base_msgs/msg/detail/local_trajectory__functions.h\n'}
[13.611177] (base_msgs) StdoutLine: {'line': b'-- Installing: /home/abc/planning_with_ros2/install/base_msgs/include/base_msgs/base_msgs/msg/detail/local_path_point__type_support.h\n'}
[13.611270] (base_msgs) StdoutLine: {'line': b'-- Installing: /home/abc/planning_with_ros2/install/base_msgs/include/base_msgs/base_msgs/msg/detail/local_path_point__functions.c\n'}
[13.611371] (base_msgs) StdoutLine: {'line': b'-- Installing: /home/abc/planning_with_ros2/install/base_msgs/include/base_msgs/base_msgs/msg/detail/referline__type_support.h\n'}
[13.611437] (base_msgs) StdoutLine: {'line': b'-- Installing: /home/abc/planning_with_ros2/install/base_msgs/include/base_msgs/base_msgs/msg/detail/local_trajectory_point__functions.c\n'}
[13.611534] (base_msgs) StdoutLine: {'line': b'-- Installing: /home/abc/planning_with_ros2/install/base_msgs/include/base_msgs/base_msgs/msg/detail/local_trajectory_point__functions.h\n'}
[13.611604] (base_msgs) StdoutLine: {'line': b'-- Installing: /home/abc/planning_with_ros2/install/base_msgs/include/base_msgs/base_msgs/msg/detail/local_path__functions.h\n'}
[13.611699] (base_msgs) StdoutLine: {'line': b'-- Installing: /home/abc/planning_with_ros2/install/base_msgs/include/base_msgs/base_msgs/msg/detail/pnc_map__functions.c\n'}
[13.611762] (base_msgs) StdoutLine: {'line': b'-- Installing: /home/abc/planning_with_ros2/install/base_msgs/include/base_msgs/base_msgs/msg/detail/referline__functions.c\n'}
[13.611851] (base_msgs) StdoutLine: {'line': b'-- Installing: /home/abc/planning_with_ros2/install/base_msgs/include/base_msgs/base_msgs/msg/detail/referline_point__struct.h\n'}
[13.611913] (base_msgs) StdoutLine: {'line': b'-- Installing: /home/abc/planning_with_ros2/install/base_msgs/include/base_msgs/base_msgs/msg/detail/local_trajectory__struct.h\n'}
[13.612011] (base_msgs) StdoutLine: {'line': b'-- Installing: /home/abc/planning_with_ros2/install/base_msgs/include/base_msgs/base_msgs/msg/detail/local_speeds_point__type_support.h\n'}
[13.612087] (base_msgs) StdoutLine: {'line': b'-- Installing: /home/abc/planning_with_ros2/install/base_msgs/include/base_msgs/base_msgs/msg/detail/local_speeds_point__functions.h\n'}
[13.612184] (base_msgs) StdoutLine: {'line': b'-- Installing: /home/abc/planning_with_ros2/install/base_msgs/include/base_msgs/base_msgs/msg/detail/local_trajectory_point__struct.h\n'}
[13.612246] (base_msgs) StdoutLine: {'line': b'-- Installing: /home/abc/planning_with_ros2/install/base_msgs/include/base_msgs/base_msgs/msg/detail/local_path__functions.c\n'}
[13.612318] (base_msgs) StdoutLine: {'line': b'-- Installing: /home/abc/planning_with_ros2/install/base_msgs/include/base_msgs/base_msgs/msg/detail/plot_info__functions.c\n'}
[13.612399] (base_msgs) StdoutLine: {'line': b'-- Installing: /home/abc/planning_with_ros2/install/base_msgs/include/base_msgs/base_msgs/msg/detail/local_trajectory__functions.c\n'}
[13.612481] (base_msgs) StdoutLine: {'line': b'-- Installing: /home/abc/planning_with_ros2/install/base_msgs/include/base_msgs/base_msgs/msg/detail/local_speeds__type_support.h\n'}
[13.612566] (base_msgs) StdoutLine: {'line': b'-- Installing: /home/abc/planning_with_ros2/install/base_msgs/include/base_msgs/base_msgs/msg/detail/plot_info__type_support.h\n'}
[13.612646] (base_msgs) StdoutLine: {'line': b'-- Installing: /home/abc/planning_with_ros2/install/base_msgs/include/base_msgs/base_msgs/msg/detail/referline_point__functions.c\n'}
[13.612731] (base_msgs) StdoutLine: {'line': b'-- Installing: /home/abc/planning_with_ros2/install/base_msgs/include/base_msgs/base_msgs/msg/detail/local_path__type_support.h\n'}
[13.612812] (base_msgs) StdoutLine: {'line': b'-- Installing: /home/abc/planning_with_ros2/install/base_msgs/include/base_msgs/base_msgs/msg/detail/plot_info__functions.h\n'}
[13.612894] (base_msgs) StdoutLine: {'line': b'-- Installing: /home/abc/planning_with_ros2/install/base_msgs/include/base_msgs/base_msgs/msg/detail/pnc_map__type_support.h\n'}
[13.612976] (base_msgs) StdoutLine: {'line': b'-- Installing: /home/abc/planning_with_ros2/install/base_msgs/include/base_msgs/base_msgs/msg/detail/pnc_map__functions.h\n'}
[13.613069] (base_msgs) StdoutLine: {'line': b'-- Installing: /home/abc/planning_with_ros2/install/base_msgs/include/base_msgs/base_msgs/msg/detail/local_trajectory_point__type_support.h\n'}
[13.613160] (base_msgs) StdoutLine: {'line': b'-- Installing: /home/abc/planning_with_ros2/install/base_msgs/include/base_msgs/base_msgs/msg/detail/local_speeds_point__functions.c\n'}
[13.613242] (base_msgs) StdoutLine: {'line': b'-- Installing: /home/abc/planning_with_ros2/install/base_msgs/include/base_msgs/base_msgs/msg/detail/referline_point__functions.h\n'}
[13.613322] (base_msgs) StdoutLine: {'line': b'-- Installing: /home/abc/planning_with_ros2/install/base_msgs/include/base_msgs/base_msgs/msg/referline_point.h\n'}
[13.613403] (base_msgs) StdoutLine: {'line': b'-- Installing: /home/abc/planning_with_ros2/install/base_msgs/include/base_msgs/base_msgs/msg/obs_info.h\n'}
[13.613483] (base_msgs) StdoutLine: {'line': b'-- Installing: /home/abc/planning_with_ros2/install/base_msgs/include/base_msgs/base_msgs/msg/referline.h\n'}
[13.613563] (base_msgs) StdoutLine: {'line': b'-- Installing: /home/abc/planning_with_ros2/install/base_msgs/include/base_msgs/base_msgs/msg/local_speeds_point.h\n'}
[13.613642] (base_msgs) StdoutLine: {'line': b'-- Installing: /home/abc/planning_with_ros2/install/base_msgs/include/base_msgs/base_msgs/msg/local_speeds.h\n'}
[13.613714] (base_msgs) StdoutLine: {'line': b'-- Installing: /home/abc/planning_with_ros2/install/base_msgs/include/base_msgs/base_msgs/msg/local_trajectory.h\n'}
[13.613818] (base_msgs) StdoutLine: {'line': b'-- Installing: /home/abc/planning_with_ros2/install/base_msgs/include/base_msgs/base_msgs/msg/local_path_point.h\n'}
[13.613896] (base_msgs) StdoutLine: {'line': b'-- Installing: /home/abc/planning_with_ros2/install/base_msgs/include/base_msgs/base_msgs/srv\n'}
[13.613974] (base_msgs) StdoutLine: {'line': b'-- Installing: /home/abc/planning_with_ros2/install/base_msgs/include/base_msgs/base_msgs/srv/detail\n'}
[13.614063] (base_msgs) StdoutLine: {'line': b'-- Installing: /home/abc/planning_with_ros2/install/base_msgs/include/base_msgs/base_msgs/srv/detail/global_path_service__functions.h\n'}
[13.614147] (base_msgs) StdoutLine: {'line': b'-- Installing: /home/abc/planning_with_ros2/install/base_msgs/include/base_msgs/base_msgs/srv/detail/pnc_map_service__struct.h\n'}
[13.614226] (base_msgs) StdoutLine: {'line': b'-- Installing: /home/abc/planning_with_ros2/install/base_msgs/include/base_msgs/base_msgs/srv/detail/pnc_map_service__functions.c\n'}
[13.614314] (base_msgs) StdoutLine: {'line': b'-- Installing: /home/abc/planning_with_ros2/install/base_msgs/include/base_msgs/base_msgs/srv/detail/global_path_service__type_support.h\n'}
[13.614396] (base_msgs) StdoutLine: {'line': b'-- Installing: /home/abc/planning_with_ros2/install/base_msgs/include/base_msgs/base_msgs/srv/detail/global_path_service__struct.h\n'}
[13.614478] (base_msgs) StdoutLine: {'line': b'-- Installing: /home/abc/planning_with_ros2/install/base_msgs/include/base_msgs/base_msgs/srv/detail/pnc_map_service__type_support.h\n'}
[13.614587] (base_msgs) StdoutLine: {'line': b'-- Installing: /home/abc/planning_with_ros2/install/base_msgs/include/base_msgs/base_msgs/srv/detail/global_path_service__functions.c\n'}
[13.614673] (base_msgs) StdoutLine: {'line': b'-- Installing: /home/abc/planning_with_ros2/install/base_msgs/include/base_msgs/base_msgs/srv/detail/pnc_map_service__functions.h\n'}
[13.614816] (base_msgs) StdoutLine: {'line': b'-- Installing: /home/abc/planning_with_ros2/install/base_msgs/include/base_msgs/base_msgs/srv/pnc_map_service.h\n'}
[13.614901] (base_msgs) StdoutLine: {'line': b'-- Installing: /home/abc/planning_with_ros2/install/base_msgs/include/base_msgs/base_msgs/srv/global_path_service.h\n'}
[13.614983] (base_msgs) StdoutLine: {'line': b'-- Installing: /home/abc/planning_with_ros2/install/base_msgs/share/base_msgs/environment/library_path.sh\n'}
[13.615107] (base_msgs) StdoutLine: {'line': b'-- Installing: /home/abc/planning_with_ros2/install/base_msgs/share/base_msgs/environment/library_path.dsv\n'}
[13.615276] (base_msgs) StdoutLine: {'line': b'-- Installing: /home/abc/planning_with_ros2/install/base_msgs/lib/libbase_msgs__rosidl_generator_c.so\n'}
[13.615598] (base_msgs) StdoutLine: {'line': b'-- Set non-toolchain portion of runtime path of "/home/abc/planning_with_ros2/install/base_msgs/lib/libbase_msgs__rosidl_generator_c.so" to ""\n'}
[13.615677] (base_msgs) StdoutLine: {'line': b'-- Up-to-date: /home/abc/planning_with_ros2/install/base_msgs/include/base_msgs/base_msgs\n'}
[13.615770] (base_msgs) StdoutLine: {'line': b'-- Up-to-date: /home/abc/planning_with_ros2/install/base_msgs/include/base_msgs/base_msgs/msg\n'}
[13.615831] (base_msgs) StdoutLine: {'line': b'-- Installing: /home/abc/planning_with_ros2/install/base_msgs/include/base_msgs/base_msgs/msg/rosidl_typesupport_fastrtps_c__visibility_control.h\n'}
[13.615941] (base_msgs) StdoutLine: {'line': b'-- Up-to-date: /home/abc/planning_with_ros2/install/base_msgs/include/base_msgs/base_msgs/msg/detail\n'}
[13.616001] (base_msgs) StdoutLine: {'line': b'-- Installing: /home/abc/planning_with_ros2/install/base_msgs/include/base_msgs/base_msgs/msg/detail/obs_info__rosidl_typesupport_fastrtps_c.h\n'}
[13.616085] (base_msgs) StdoutLine: {'line': b'-- Installing: /home/abc/planning_with_ros2/install/base_msgs/include/base_msgs/base_msgs/msg/detail/local_trajectory_point__rosidl_typesupport_fastrtps_c.h\n'}
[13.616157] (base_msgs) StdoutLine: {'line': b'-- Installing: /home/abc/planning_with_ros2/install/base_msgs/include/base_msgs/base_msgs/msg/detail/local_speeds__rosidl_typesupport_fastrtps_c.h\n'}
[13.616244] (base_msgs) StdoutLine: {'line': b'-- Installing: /home/abc/planning_with_ros2/install/base_msgs/include/base_msgs/base_msgs/msg/detail/local_speeds_point__rosidl_typesupport_fastrtps_c.h\n'}
[13.616314] (base_msgs) StdoutLine: {'line': b'-- Installing: /home/abc/planning_with_ros2/install/base_msgs/include/base_msgs/base_msgs/msg/detail/plot_info__rosidl_typesupport_fastrtps_c.h\n'}
[13.616409] (base_msgs) StdoutLine: {'line': b'-- Installing: /home/abc/planning_with_ros2/install/base_msgs/include/base_msgs/base_msgs/msg/detail/local_trajectory__rosidl_typesupport_fastrtps_c.h\n'}
[13.616469] (base_msgs) StdoutLine: {'line': b'-- Installing: /home/abc/planning_with_ros2/install/base_msgs/include/base_msgs/base_msgs/msg/detail/local_path_point__rosidl_typesupport_fastrtps_c.h\n'}
[13.616556] (base_msgs) StdoutLine: {'line': b'-- Installing: /home/abc/planning_with_ros2/install/base_msgs/include/base_msgs/base_msgs/msg/detail/referline_point__rosidl_typesupport_fastrtps_c.h\n'}
[13.616615] (base_msgs) StdoutLine: {'line': b'-- Installing: /home/abc/planning_with_ros2/install/base_msgs/include/base_msgs/base_msgs/msg/detail/pnc_map__rosidl_typesupport_fastrtps_c.h\n'}
[13.616693] (base_msgs) StdoutLine: {'line': b'-- Installing: /home/abc/planning_with_ros2/install/base_msgs/include/base_msgs/base_msgs/msg/detail/referline__rosidl_typesupport_fastrtps_c.h\n'}
[13.616789] (base_msgs) StdoutLine: {'line': b'-- Installing: /home/abc/planning_with_ros2/install/base_msgs/include/base_msgs/base_msgs/msg/detail/local_path__rosidl_typesupport_fastrtps_c.h\n'}
[13.616876] (base_msgs) StdoutLine: {'line': b'-- Up-to-date: /home/abc/planning_with_ros2/install/base_msgs/include/base_msgs/base_msgs/srv\n'}
[13.616943] (base_msgs) StdoutLine: {'line': b'-- Up-to-date: /home/abc/planning_with_ros2/install/base_msgs/include/base_msgs/base_msgs/srv/detail\n'}
[13.617003] (base_msgs) StdoutLine: {'line': b'-- Installing: /home/abc/planning_with_ros2/install/base_msgs/include/base_msgs/base_msgs/srv/detail/pnc_map_service__rosidl_typesupport_fastrtps_c.h\n'}
[13.617088] (base_msgs) StdoutLine: {'line': b'-- Installing: /home/abc/planning_with_ros2/install/base_msgs/include/base_msgs/base_msgs/srv/detail/global_path_service__rosidl_typesupport_fastrtps_c.h\n'}
[13.617168] (base_msgs) StdoutLine: {'line': b'-- Installing: /home/abc/planning_with_ros2/install/base_msgs/lib/libbase_msgs__rosidl_typesupport_fastrtps_c.so\n'}
[13.617407] (base_msgs) StdoutLine: {'line': b'-- Set non-toolchain portion of runtime path of "/home/abc/planning_with_ros2/install/base_msgs/lib/libbase_msgs__rosidl_typesupport_fastrtps_c.so" to ""\n'}
[13.617484] (base_msgs) StdoutLine: {'line': b'-- Up-to-date: /home/abc/planning_with_ros2/install/base_msgs/include/base_msgs/base_msgs\n'}
[13.617567] (base_msgs) StdoutLine: {'line': b'-- Up-to-date: /home/abc/planning_with_ros2/install/base_msgs/include/base_msgs/base_msgs/msg\n'}
[13.617628] (base_msgs) StdoutLine: {'line': b'-- Installing: /home/abc/planning_with_ros2/install/base_msgs/include/base_msgs/base_msgs/msg/rosidl_typesupport_introspection_c__visibility_control.h\n'}
[13.617719] (base_msgs) StdoutLine: {'line': b'-- Up-to-date: /home/abc/planning_with_ros2/install/base_msgs/include/base_msgs/base_msgs/msg/detail\n'}
[13.617783] (base_msgs) StdoutLine: {'line': b'-- Installing: /home/abc/planning_with_ros2/install/base_msgs/include/base_msgs/base_msgs/msg/detail/local_trajectory__type_support.c\n'}
[13.617843] (base_msgs) StdoutLine: {'line': b'-- Installing: /home/abc/planning_with_ros2/install/base_msgs/include/base_msgs/base_msgs/msg/detail/local_path_point__rosidl_typesupport_introspection_c.h\n'}
[13.617925] (base_msgs) StdoutLine: {'line': b'-- Installing: /home/abc/planning_with_ros2/install/base_msgs/include/base_msgs/base_msgs/msg/detail/local_speeds_point__type_support.c\n'}
[13.617992] (base_msgs) StdoutLine: {'line': b'-- Installing: /home/abc/planning_with_ros2/install/base_msgs/include/base_msgs/base_msgs/msg/detail/referline__type_support.c\n'}
[13.618092] (base_msgs) StdoutLine: {'line': b'-- Installing: /home/abc/planning_with_ros2/install/base_msgs/include/base_msgs/base_msgs/msg/detail/pnc_map__rosidl_typesupport_introspection_c.h\n'}
[13.618152] (base_msgs) StdoutLine: {'line': b'-- Installing: /home/abc/planning_with_ros2/install/base_msgs/include/base_msgs/base_msgs/msg/detail/local_speeds_point__rosidl_typesupport_introspection_c.h\n'}
[13.618228] (base_msgs) StdoutLine: {'line': b'-- Installing: /home/abc/planning_with_ros2/install/base_msgs/include/base_msgs/base_msgs/msg/detail/local_trajectory__rosidl_typesupport_introspection_c.h\n'}
[13.618308] (base_msgs) StdoutLine: {'line': b'-- Installing: /home/abc/planning_with_ros2/install/base_msgs/include/base_msgs/base_msgs/msg/detail/local_speeds__type_support.c\n'}
[13.618384] (base_msgs) StdoutLine: {'line': b'-- Installing: /home/abc/planning_with_ros2/install/base_msgs/include/base_msgs/base_msgs/msg/detail/referline_point__type_support.c\n'}
[13.618461] (base_msgs) StdoutLine: {'line': b'-- Installing: /home/abc/planning_with_ros2/install/base_msgs/include/base_msgs/base_msgs/msg/detail/referline_point__rosidl_typesupport_introspection_c.h\n'}
[13.618538] (base_msgs) StdoutLine: {'line': b'-- Installing: /home/abc/planning_with_ros2/install/base_msgs/include/base_msgs/base_msgs/msg/detail/pnc_map__type_support.c\n'}
[13.618608] (base_msgs) StdoutLine: {'line': b'-- Installing: /home/abc/planning_with_ros2/install/base_msgs/include/base_msgs/base_msgs/msg/detail/referline__rosidl_typesupport_introspection_c.h\n'}
[13.618684] (base_msgs) StdoutLine: {'line': b'-- Installing: /home/abc/planning_with_ros2/install/base_msgs/include/base_msgs/base_msgs/msg/detail/local_trajectory_point__rosidl_typesupport_introspection_c.h\n'}
[13.618776] (base_msgs) StdoutLine: {'line': b'-- Installing: /home/abc/planning_with_ros2/install/base_msgs/include/base_msgs/base_msgs/msg/detail/obs_info__rosidl_typesupport_introspection_c.h\n'}
[13.618853] (base_msgs) StdoutLine: {'line': b'-- Installing: /home/abc/planning_with_ros2/install/base_msgs/include/base_msgs/base_msgs/msg/detail/obs_info__type_support.c\n'}
[13.618929] (base_msgs) StdoutLine: {'line': b'-- Installing: /home/abc/planning_with_ros2/install/base_msgs/include/base_msgs/base_msgs/msg/detail/local_path__type_support.c\n'}
[13.619001] (base_msgs) StdoutLine: {'line': b'-- Installing: /home/abc/planning_with_ros2/install/base_msgs/include/base_msgs/base_msgs/msg/detail/local_path_point__type_support.c\n'}
[13.619126] (base_msgs) StdoutLine: {'line': b'-- Installing: /home/abc/planning_with_ros2/install/base_msgs/include/base_msgs/base_msgs/msg/detail/local_trajectory_point__type_support.c\n'}
[13.619208] (base_msgs) StdoutLine: {'line': b'-- Installing: /home/abc/planning_with_ros2/install/base_msgs/include/base_msgs/base_msgs/msg/detail/plot_info__type_support.c\n'}
[13.619296] (base_msgs) StdoutLine: {'line': b'-- Installing: /home/abc/planning_with_ros2/install/base_msgs/include/base_msgs/base_msgs/msg/detail/local_speeds__rosidl_typesupport_introspection_c.h\n'}
[13.619373] (base_msgs) StdoutLine: {'line': b'-- Installing: /home/abc/planning_with_ros2/install/base_msgs/include/base_msgs/base_msgs/msg/detail/local_path__rosidl_typesupport_introspection_c.h\n'}
[13.619454] (base_msgs) StdoutLine: {'line': b'-- Installing: /home/abc/planning_with_ros2/install/base_msgs/include/base_msgs/base_msgs/msg/detail/plot_info__rosidl_typesupport_introspection_c.h\n'}
[13.619528] (base_msgs) StdoutLine: {'line': b'-- Up-to-date: /home/abc/planning_with_ros2/install/base_msgs/include/base_msgs/base_msgs/srv\n'}
[13.619609] (base_msgs) StdoutLine: {'line': b'-- Up-to-date: /home/abc/planning_with_ros2/install/base_msgs/include/base_msgs/base_msgs/srv/detail\n'}
[13.619663] (base_msgs) StdoutLine: {'line': b'-- Installing: /home/abc/planning_with_ros2/install/base_msgs/include/base_msgs/base_msgs/srv/detail/global_path_service__type_support.c\n'}
[13.619744] (base_msgs) StdoutLine: {'line': b'-- Installing: /home/abc/planning_with_ros2/install/base_msgs/include/base_msgs/base_msgs/srv/detail/global_path_service__rosidl_typesupport_introspection_c.h\n'}
[13.619799] (base_msgs) StdoutLine: {'line': b'-- Installing: /home/abc/planning_with_ros2/install/base_msgs/include/base_msgs/base_msgs/srv/detail/pnc_map_service__rosidl_typesupport_introspection_c.h\n'}
[13.619873] (base_msgs) StdoutLine: {'line': b'-- Installing: /home/abc/planning_with_ros2/install/base_msgs/include/base_msgs/base_msgs/srv/detail/pnc_map_service__type_support.c\n'}
[13.619946] (base_msgs) StdoutLine: {'line': b'-- Installing: /home/abc/planning_with_ros2/install/base_msgs/lib/libbase_msgs__rosidl_typesupport_introspection_c.so\n'}
[13.620266] (base_msgs) StdoutLine: {'line': b'-- Set non-toolchain portion of runtime path of "/home/abc/planning_with_ros2/install/base_msgs/lib/libbase_msgs__rosidl_typesupport_introspection_c.so" to ""\n'}
[13.620350] (base_msgs) StdoutLine: {'line': b'-- Installing: /home/abc/planning_with_ros2/install/base_msgs/lib/libbase_msgs__rosidl_typesupport_c.so\n'}
[13.620577] (base_msgs) StdoutLine: {'line': b'-- Set non-toolchain portion of runtime path of "/home/abc/planning_with_ros2/install/base_msgs/lib/libbase_msgs__rosidl_typesupport_c.so" to ""\n'}
[13.620653] (base_msgs) StdoutLine: {'line': b'-- Up-to-date: /home/abc/planning_with_ros2/install/base_msgs/include/base_msgs/base_msgs\n'}
[13.620711] (base_msgs) StdoutLine: {'line': b'-- Up-to-date: /home/abc/planning_with_ros2/install/base_msgs/include/base_msgs/base_msgs/msg\n'}
[13.620789] (base_msgs) StdoutLine: {'line': b'-- Installing: /home/abc/planning_with_ros2/install/base_msgs/include/base_msgs/base_msgs/msg/local_speeds.hpp\n'}
[13.620847] (base_msgs) StdoutLine: {'line': b'-- Installing: /home/abc/planning_with_ros2/install/base_msgs/include/base_msgs/base_msgs/msg/local_path_point.hpp\n'}
[13.620926] (base_msgs) StdoutLine: {'line': b'-- Up-to-date: /home/abc/planning_with_ros2/install/base_msgs/include/base_msgs/base_msgs/msg/detail\n'}
[13.620984] (base_msgs) StdoutLine: {'line': b'-- Installing: /home/abc/planning_with_ros2/install/base_msgs/include/base_msgs/base_msgs/msg/detail/pnc_map__traits.hpp\n'}
[13.621066] (base_msgs) StdoutLine: {'line': b'-- Installing: /home/abc/planning_with_ros2/install/base_msgs/include/base_msgs/base_msgs/msg/detail/local_trajectory_point__type_support.hpp\n'}
[13.621141] (base_msgs) StdoutLine: {'line': b'-- Installing: /home/abc/planning_with_ros2/install/base_msgs/include/base_msgs/base_msgs/msg/detail/obs_info__builder.hpp\n'}
[13.621231] (base_msgs) StdoutLine: {'line': b'-- Installing: /home/abc/planning_with_ros2/install/base_msgs/include/base_msgs/base_msgs/msg/detail/referline_point__type_support.hpp\n'}
[13.621292] (base_msgs) StdoutLine: {'line': b'-- Installing: /home/abc/planning_with_ros2/install/base_msgs/include/base_msgs/base_msgs/msg/detail/local_path__struct.hpp\n'}
[13.621367] (base_msgs) StdoutLine: {'line': b'-- Installing: /home/abc/planning_with_ros2/install/base_msgs/include/base_msgs/base_msgs/msg/detail/plot_info__struct.hpp\n'}
[13.621450] (base_msgs) StdoutLine: {'line': b'-- Installing: /home/abc/planning_with_ros2/install/base_msgs/include/base_msgs/base_msgs/msg/detail/pnc_map__builder.hpp\n'}
[13.621570] (base_msgs) StdoutLine: {'line': b'-- Installing: /home/abc/planning_with_ros2/install/base_msgs/include/base_msgs/base_msgs/msg/detail/plot_info__builder.hpp\n'}
[13.621671] (base_msgs) StdoutLine: {'line': b'-- Installing: /home/abc/planning_with_ros2/install/base_msgs/include/base_msgs/base_msgs/msg/detail/referline__traits.hpp\n'}
[13.621752] (base_msgs) StdoutLine: {'line': b'-- Installing: /home/abc/planning_with_ros2/install/base_msgs/include/base_msgs/base_msgs/msg/detail/local_speeds_point__struct.hpp\n'}
[13.621836] (base_msgs) StdoutLine: {'line': b'-- Installing: /home/abc/planning_with_ros2/install/base_msgs/include/base_msgs/base_msgs/msg/detail/local_trajectory__type_support.hpp\n'}
[13.621898] (base_msgs) StdoutLine: {'line': b'-- Installing: /home/abc/planning_with_ros2/install/base_msgs/include/base_msgs/base_msgs/msg/detail/local_path_point__struct.hpp\n'}
[13.621979] (base_msgs) StdoutLine: {'line': b'-- Installing: /home/abc/planning_with_ros2/install/base_msgs/include/base_msgs/base_msgs/msg/detail/local_speeds__builder.hpp\n'}
[13.622056] (base_msgs) StdoutLine: {'line': b'-- Installing: /home/abc/planning_with_ros2/install/base_msgs/include/base_msgs/base_msgs/msg/detail/local_path__traits.hpp\n'}
[13.622117] (base_msgs) StdoutLine: {'line': b'-- Installing: /home/abc/planning_with_ros2/install/base_msgs/include/base_msgs/base_msgs/msg/detail/local_trajectory__struct.hpp\n'}
[13.622191] (base_msgs) StdoutLine: {'line': b'-- Installing: /home/abc/planning_with_ros2/install/base_msgs/include/base_msgs/base_msgs/msg/detail/local_speeds_point__traits.hpp\n'}
[13.622283] (base_msgs) StdoutLine: {'line': b'-- Installing: /home/abc/planning_with_ros2/install/base_msgs/include/base_msgs/base_msgs/msg/detail/local_speeds_point__type_support.hpp\n'}
[13.622363] (base_msgs) StdoutLine: {'line': b'-- Installing: /home/abc/planning_with_ros2/install/base_msgs/include/base_msgs/base_msgs/msg/detail/local_path__builder.hpp\n'}
[13.622432] (base_msgs) StdoutLine: {'line': b'-- Installing: /home/abc/planning_with_ros2/install/base_msgs/include/base_msgs/base_msgs/msg/detail/plot_info__type_support.hpp\n'}
[13.622506] (base_msgs) StdoutLine: {'line': b'-- Installing: /home/abc/planning_with_ros2/install/base_msgs/include/base_msgs/base_msgs/msg/detail/referline_point__builder.hpp\n'}
[13.622583] (base_msgs) StdoutLine: {'line': b'-- Installing: /home/abc/planning_with_ros2/install/base_msgs/include/base_msgs/base_msgs/msg/detail/obs_info__type_support.hpp\n'}
[13.622658] (base_msgs) StdoutLine: {'line': b'-- Installing: /home/abc/planning_with_ros2/install/base_msgs/include/base_msgs/base_msgs/msg/detail/referline__builder.hpp\n'}
[13.622734] (base_msgs) StdoutLine: {'line': b'-- Installing: /home/abc/planning_with_ros2/install/base_msgs/include/base_msgs/base_msgs/msg/detail/pnc_map__struct.hpp\n'}
[13.622825] (base_msgs) StdoutLine: {'line': b'-- Installing: /home/abc/planning_with_ros2/install/base_msgs/include/base_msgs/base_msgs/msg/detail/local_path_point__traits.hpp\n'}
[13.622907] (base_msgs) StdoutLine: {'line': b'-- Installing: /home/abc/planning_with_ros2/install/base_msgs/include/base_msgs/base_msgs/msg/detail/local_speeds__type_support.hpp\n'}
[13.622986] (base_msgs) StdoutLine: {'line': b'-- Installing: /home/abc/planning_with_ros2/install/base_msgs/include/base_msgs/base_msgs/msg/detail/obs_info__traits.hpp\n'}
[13.623105] (base_msgs) StdoutLine: {'line': b'-- Installing: /home/abc/planning_with_ros2/install/base_msgs/include/base_msgs/base_msgs/msg/detail/local_trajectory__builder.hpp\n'}
[13.623190] (base_msgs) StdoutLine: {'line': b'-- Installing: /home/abc/planning_with_ros2/install/base_msgs/include/base_msgs/base_msgs/msg/detail/local_trajectory__traits.hpp\n'}
[13.623260] (base_msgs) StdoutLine: {'line': b'-- Installing: /home/abc/planning_with_ros2/install/base_msgs/include/base_msgs/base_msgs/msg/detail/referline__struct.hpp\n'}
[13.623363] (base_msgs) StdoutLine: {'line': b'-- Installing: /home/abc/planning_with_ros2/install/base_msgs/include/base_msgs/base_msgs/msg/detail/referline__type_support.hpp\n'}
[13.623440] (base_msgs) StdoutLine: {'line': b'-- Installing: /home/abc/planning_with_ros2/install/base_msgs/include/base_msgs/base_msgs/msg/detail/referline_point__struct.hpp\n'}
[13.623518] (base_msgs) StdoutLine: {'line': b'-- Installing: /home/abc/planning_with_ros2/install/base_msgs/include/base_msgs/base_msgs/msg/detail/plot_info__traits.hpp\n'}
[13.623595] (base_msgs) StdoutLine: {'line': b'-- Installing: /home/abc/planning_with_ros2/install/base_msgs/include/base_msgs/base_msgs/msg/detail/local_trajectory_point__builder.hpp\n'}
[13.623674] (base_msgs) StdoutLine: {'line': b'-- Installing: /home/abc/planning_with_ros2/install/base_msgs/include/base_msgs/base_msgs/msg/detail/local_speeds__traits.hpp\n'}
[13.623752] (base_msgs) StdoutLine: {'line': b'-- Installing: /home/abc/planning_with_ros2/install/base_msgs/include/base_msgs/base_msgs/msg/detail/local_trajectory_point__traits.hpp\n'}
[13.623846] (base_msgs) StdoutLine: {'line': b'-- Installing: /home/abc/planning_with_ros2/install/base_msgs/include/base_msgs/base_msgs/msg/detail/local_path__type_support.hpp\n'}
[13.623960] (base_msgs) StdoutLine: {'line': b'-- Installing: /home/abc/planning_with_ros2/install/base_msgs/include/base_msgs/base_msgs/msg/detail/local_path_point__type_support.hpp\n'}
[13.624037] (base_msgs) StdoutLine: {'line': b'-- Installing: /home/abc/planning_with_ros2/install/base_msgs/include/base_msgs/base_msgs/msg/detail/local_trajectory_point__struct.hpp\n'}
[13.624125] (base_msgs) StdoutLine: {'line': b'-- Installing: /home/abc/planning_with_ros2/install/base_msgs/include/base_msgs/base_msgs/msg/detail/obs_info__struct.hpp\n'}
[13.624205] (base_msgs) StdoutLine: {'line': b'-- Installing: /home/abc/planning_with_ros2/install/base_msgs/include/base_msgs/base_msgs/msg/detail/referline_point__traits.hpp\n'}
[13.624285] (base_msgs) StdoutLine: {'line': b'-- Installing: /home/abc/planning_with_ros2/install/base_msgs/include/base_msgs/base_msgs/msg/detail/local_speeds_point__builder.hpp\n'}
[13.624373] (base_msgs) StdoutLine: {'line': b'-- Installing: /home/abc/planning_with_ros2/install/base_msgs/include/base_msgs/base_msgs/msg/detail/pnc_map__type_support.hpp\n'}
[13.624460] (base_msgs) StdoutLine: {'line': b'-- Installing: /home/abc/planning_with_ros2/install/base_msgs/include/base_msgs/base_msgs/msg/detail/local_speeds__struct.hpp\n'}
[13.624543] (base_msgs) StdoutLine: {'line': b'-- Installing: /home/abc/planning_with_ros2/install/base_msgs/include/base_msgs/base_msgs/msg/detail/local_path_point__builder.hpp\n'}
[13.624628] (base_msgs) StdoutLine: {'line': b'-- Installing: /home/abc/planning_with_ros2/install/base_msgs/include/base_msgs/base_msgs/msg/local_path.hpp\n'}
[13.624699] (base_msgs) StdoutLine: {'line': b'-- Installing: /home/abc/planning_with_ros2/install/base_msgs/include/base_msgs/base_msgs/msg/rosidl_generator_cpp__visibility_control.hpp\n'}
[13.624773] (base_msgs) StdoutLine: {'line': b'-- Installing: /home/abc/planning_with_ros2/install/base_msgs/include/base_msgs/base_msgs/msg/referline.hpp\n'}
[13.624843] (base_msgs) StdoutLine: {'line': b'-- Installing: /home/abc/planning_with_ros2/install/base_msgs/include/base_msgs/base_msgs/msg/local_trajectory_point.hpp\n'}
[13.624914] (base_msgs) StdoutLine: {'line': b'-- Installing: /home/abc/planning_with_ros2/install/base_msgs/include/base_msgs/base_msgs/msg/obs_info.hpp\n'}
[13.624985] (base_msgs) StdoutLine: {'line': b'-- Installing: /home/abc/planning_with_ros2/install/base_msgs/include/base_msgs/base_msgs/msg/plot_info.hpp\n'}
[13.625073] (base_msgs) StdoutLine: {'line': b'-- Installing: /home/abc/planning_with_ros2/install/base_msgs/include/base_msgs/base_msgs/msg/local_trajectory.hpp\n'}
[13.625153] (base_msgs) StdoutLine: {'line': b'-- Installing: /home/abc/planning_with_ros2/install/base_msgs/include/base_msgs/base_msgs/msg/local_speeds_point.hpp\n'}
[13.625228] (base_msgs) StdoutLine: {'line': b'-- Installing: /home/abc/planning_with_ros2/install/base_msgs/include/base_msgs/base_msgs/msg/pnc_map.hpp\n'}
[13.625300] (base_msgs) StdoutLine: {'line': b'-- Installing: /home/abc/planning_with_ros2/install/base_msgs/include/base_msgs/base_msgs/msg/referline_point.hpp\n'}
[13.625372] (base_msgs) StdoutLine: {'line': b'-- Up-to-date: /home/abc/planning_with_ros2/install/base_msgs/include/base_msgs/base_msgs/srv\n'}
[13.625468] (base_msgs) StdoutLine: {'line': b'-- Installing: /home/abc/planning_with_ros2/install/base_msgs/include/base_msgs/base_msgs/srv/pnc_map_service.hpp\n'}
[13.625543] (base_msgs) StdoutLine: {'line': b'-- Up-to-date: /home/abc/planning_with_ros2/install/base_msgs/include/base_msgs/base_msgs/srv/detail\n'}
[13.625600] (base_msgs) StdoutLine: {'line': b'-- Installing: /home/abc/planning_with_ros2/install/base_msgs/include/base_msgs/base_msgs/srv/detail/global_path_service__builder.hpp\n'}
[13.625682] (base_msgs) StdoutLine: {'line': b'-- Installing: /home/abc/planning_with_ros2/install/base_msgs/include/base_msgs/base_msgs/srv/detail/pnc_map_service__traits.hpp\n'}
[13.625740] (base_msgs) StdoutLine: {'line': b'-- Installing: /home/abc/planning_with_ros2/install/base_msgs/include/base_msgs/base_msgs/srv/detail/pnc_map_service__type_support.hpp\n'}
[13.625820] (base_msgs) StdoutLine: {'line': b'-- Installing: /home/abc/planning_with_ros2/install/base_msgs/include/base_msgs/base_msgs/srv/detail/global_path_service__struct.hpp\n'}
[13.625875] (base_msgs) StdoutLine: {'line': b'-- Installing: /home/abc/planning_with_ros2/install/base_msgs/include/base_msgs/base_msgs/srv/detail/pnc_map_service__builder.hpp\n'}
[13.625956] (base_msgs) StdoutLine: {'line': b'-- Installing: /home/abc/planning_with_ros2/install/base_msgs/include/base_msgs/base_msgs/srv/detail/global_path_service__type_support.hpp\n'}
[13.626012] (base_msgs) StdoutLine: {'line': b'-- Installing: /home/abc/planning_with_ros2/install/base_msgs/include/base_msgs/base_msgs/srv/detail/global_path_service__traits.hpp\n'}
[13.626090] (base_msgs) StdoutLine: {'line': b'-- Installing: /home/abc/planning_with_ros2/install/base_msgs/include/base_msgs/base_msgs/srv/detail/pnc_map_service__struct.hpp\n'}
[13.626168] (base_msgs) StdoutLine: {'line': b'-- Installing: /home/abc/planning_with_ros2/install/base_msgs/include/base_msgs/base_msgs/srv/global_path_service.hpp\n'}
[13.626258] (base_msgs) StdoutLine: {'line': b'-- Up-to-date: /home/abc/planning_with_ros2/install/base_msgs/include/base_msgs/base_msgs\n'}
[13.626316] (base_msgs) StdoutLine: {'line': b'-- Up-to-date: /home/abc/planning_with_ros2/install/base_msgs/include/base_msgs/base_msgs/msg\n'}
[13.626404] (base_msgs) StdoutLine: {'line': b'-- Up-to-date: /home/abc/planning_with_ros2/install/base_msgs/include/base_msgs/base_msgs/msg/detail\n'}
[13.626464] (base_msgs) StdoutLine: {'line': b'-- Installing: /home/abc/planning_with_ros2/install/base_msgs/include/base_msgs/base_msgs/msg/detail/local_path__rosidl_typesupport_fastrtps_cpp.hpp\n'}
[13.626527] (base_msgs) StdoutLine: {'line': b'-- Installing: /home/abc/planning_with_ros2/install/base_msgs/include/base_msgs/base_msgs/msg/detail/referline__rosidl_typesupport_fastrtps_cpp.hpp\n'}
[13.626609] (base_msgs) StdoutLine: {'line': b'-- Installing: /home/abc/planning_with_ros2/install/base_msgs/include/base_msgs/base_msgs/msg/detail/local_trajectory__rosidl_typesupport_fastrtps_cpp.hpp\n'}
[13.626667] (base_msgs) StdoutLine: {'line': b'-- Installing: /home/abc/planning_with_ros2/install/base_msgs/include/base_msgs/base_msgs/msg/detail/local_trajectory_point__rosidl_typesupport_fastrtps_cpp.hpp\n'}
[13.626748] (base_msgs) StdoutLine: {'line': b'-- Installing: /home/abc/planning_with_ros2/install/base_msgs/include/base_msgs/base_msgs/msg/detail/obs_info__rosidl_typesupport_fastrtps_cpp.hpp\n'}
[13.626801] (base_msgs) StdoutLine: {'line': b'-- Installing: /home/abc/planning_with_ros2/install/base_msgs/include/base_msgs/base_msgs/msg/detail/local_path_point__rosidl_typesupport_fastrtps_cpp.hpp\n'}
[13.626875] (base_msgs) StdoutLine: {'line': b'-- Installing: /home/abc/planning_with_ros2/install/base_msgs/include/base_msgs/base_msgs/msg/detail/referline_point__rosidl_typesupport_fastrtps_cpp.hpp\n'}
[13.626952] (base_msgs) StdoutLine: {'line': b'-- Installing: /home/abc/planning_with_ros2/install/base_msgs/include/base_msgs/base_msgs/msg/detail/pnc_map__rosidl_typesupport_fastrtps_cpp.hpp\n'}
[13.627032] (base_msgs) StdoutLine: {'line': b'-- Installing: /home/abc/planning_with_ros2/install/base_msgs/include/base_msgs/base_msgs/msg/detail/local_speeds__rosidl_typesupport_fastrtps_cpp.hpp\n'}
[13.627116] (base_msgs) StdoutLine: {'line': b'-- Installing: /home/abc/planning_with_ros2/install/base_msgs/include/base_msgs/base_msgs/msg/detail/dds_fastrtps\n'}
[13.627193] (base_msgs) StdoutLine: {'line': b'-- Installing: /home/abc/planning_with_ros2/install/base_msgs/include/base_msgs/base_msgs/msg/detail/local_speeds_point__rosidl_typesupport_fastrtps_cpp.hpp\n'}
[13.627267] (base_msgs) StdoutLine: {'line': b'-- Installing: /home/abc/planning_with_ros2/install/base_msgs/include/base_msgs/base_msgs/msg/detail/plot_info__rosidl_typesupport_fastrtps_cpp.hpp\n'}
[13.627338] (base_msgs) StdoutLine: {'line': b'-- Installing: /home/abc/planning_with_ros2/install/base_msgs/include/base_msgs/base_msgs/msg/rosidl_typesupport_fastrtps_cpp__visibility_control.h\n'}
[13.627412] (base_msgs) StdoutLine: {'line': b'-- Up-to-date: /home/abc/planning_with_ros2/install/base_msgs/include/base_msgs/base_msgs/srv\n'}
[13.627494] (base_msgs) StdoutLine: {'line': b'-- Up-to-date: /home/abc/planning_with_ros2/install/base_msgs/include/base_msgs/base_msgs/srv/detail\n'}
[13.627562] (base_msgs) StdoutLine: {'line': b'-- Installing: /home/abc/planning_with_ros2/install/base_msgs/include/base_msgs/base_msgs/srv/detail/global_path_service__rosidl_typesupport_fastrtps_cpp.hpp\n'}
[13.627639] (base_msgs) StdoutLine: {'line': b'-- Installing: /home/abc/planning_with_ros2/install/base_msgs/include/base_msgs/base_msgs/srv/detail/pnc_map_service__rosidl_typesupport_fastrtps_cpp.hpp\n'}
[13.627695] (base_msgs) StdoutLine: {'line': b'-- Installing: /home/abc/planning_with_ros2/install/base_msgs/include/base_msgs/base_msgs/srv/detail/dds_fastrtps\n'}
[13.627766] (base_msgs) StdoutLine: {'line': b'-- Installing: /home/abc/planning_with_ros2/install/base_msgs/lib/libbase_msgs__rosidl_typesupport_fastrtps_cpp.so\n'}
[13.628195] (base_msgs) StdoutLine: {'line': b'-- Set non-toolchain portion of runtime path of "/home/abc/planning_with_ros2/install/base_msgs/lib/libbase_msgs__rosidl_typesupport_fastrtps_cpp.so" to ""\n'}
[13.628285] (base_msgs) StdoutLine: {'line': b'-- Up-to-date: /home/abc/planning_with_ros2/install/base_msgs/include/base_msgs/base_msgs\n'}
[13.628380] (base_msgs) StdoutLine: {'line': b'-- Up-to-date: /home/abc/planning_with_ros2/install/base_msgs/include/base_msgs/base_msgs/msg\n'}
[13.628439] (base_msgs) StdoutLine: {'line': b'-- Up-to-date: /home/abc/planning_with_ros2/install/base_msgs/include/base_msgs/base_msgs/msg/detail\n'}
[13.628496] (base_msgs) StdoutLine: {'line': b'-- Installing: /home/abc/planning_with_ros2/install/base_msgs/include/base_msgs/base_msgs/msg/detail/local_trajectory__type_support.cpp\n'}
[13.628575] (base_msgs) StdoutLine: {'line': b'-- Installing: /home/abc/planning_with_ros2/install/base_msgs/include/base_msgs/base_msgs/msg/detail/local_speeds_point__type_support.cpp\n'}
[13.628833] (base_msgs) StdoutLine: {'line': b'-- Installing: /home/abc/planning_with_ros2/install/base_msgs/include/base_msgs/base_msgs/msg/detail/local_speeds_point__rosidl_typesupport_introspection_cpp.hpp\n'}
[13.628918] (base_msgs) StdoutLine: {'line': b'-- Installing: /home/abc/planning_with_ros2/install/base_msgs/include/base_msgs/base_msgs/msg/detail/pnc_map__type_support.cpp\n'}
[13.629003] (base_msgs) StdoutLine: {'line': b'-- Installing: /home/abc/planning_with_ros2/install/base_msgs/include/base_msgs/base_msgs/msg/detail/referline__type_support.cpp\n'}
[13.629098] (base_msgs) StdoutLine: {'line': b'-- Installing: /home/abc/planning_with_ros2/install/base_msgs/include/base_msgs/base_msgs/msg/detail/obs_info__rosidl_typesupport_introspection_cpp.hpp\n'}
[13.629156] (base_msgs) StdoutLine: {'line': b'-- Installing: /home/abc/planning_with_ros2/install/base_msgs/include/base_msgs/base_msgs/msg/detail/referline__rosidl_typesupport_introspection_cpp.hpp\n'}
[13.629211] (base_msgs) StdoutLine: {'line': b'-- Installing: /home/abc/planning_with_ros2/install/base_msgs/include/base_msgs/base_msgs/msg/detail/local_speeds__type_support.cpp\n'}
[13.629267] (base_msgs) StdoutLine: {'line': b'-- Installing: /home/abc/planning_with_ros2/install/base_msgs/include/base_msgs/base_msgs/msg/detail/local_trajectory_point__rosidl_typesupport_introspection_cpp.hpp\n'}
[13.629355] (base_msgs) StdoutLine: {'line': b'-- Installing: /home/abc/planning_with_ros2/install/base_msgs/include/base_msgs/base_msgs/msg/detail/plot_info__type_support.cpp\n'}
[13.629412] (base_msgs) StdoutLine: {'line': b'-- Installing: /home/abc/planning_with_ros2/install/base_msgs/include/base_msgs/base_msgs/msg/detail/local_path__rosidl_typesupport_introspection_cpp.hpp\n'}
[13.629469] (base_msgs) StdoutLine: {'line': b'-- Installing: /home/abc/planning_with_ros2/install/base_msgs/include/base_msgs/base_msgs/msg/detail/local_path_point__type_support.cpp\n'}
[13.629551] (base_msgs) StdoutLine: {'line': b'-- Installing: /home/abc/planning_with_ros2/install/base_msgs/include/base_msgs/base_msgs/msg/detail/pnc_map__rosidl_typesupport_introspection_cpp.hpp\n'}
[13.629610] (base_msgs) StdoutLine: {'line': b'-- Installing: /home/abc/planning_with_ros2/install/base_msgs/include/base_msgs/base_msgs/msg/detail/plot_info__rosidl_typesupport_introspection_cpp.hpp\n'}
[13.629692] (base_msgs) StdoutLine: {'line': b'-- Installing: /home/abc/planning_with_ros2/install/base_msgs/include/base_msgs/base_msgs/msg/detail/local_trajectory__rosidl_typesupport_introspection_cpp.hpp\n'}
[13.629748] (base_msgs) StdoutLine: {'line': b'-- Installing: /home/abc/planning_with_ros2/install/base_msgs/include/base_msgs/base_msgs/msg/detail/referline_point__type_support.cpp\n'}
[13.629821] (base_msgs) StdoutLine: {'line': b'-- Installing: /home/abc/planning_with_ros2/install/base_msgs/include/base_msgs/base_msgs/msg/detail/obs_info__type_support.cpp\n'}
[13.629896] (base_msgs) StdoutLine: {'line': b'-- Installing: /home/abc/planning_with_ros2/install/base_msgs/include/base_msgs/base_msgs/msg/detail/referline_point__rosidl_typesupport_introspection_cpp.hpp\n'}
[13.629974] (base_msgs) StdoutLine: {'line': b'-- Installing: /home/abc/planning_with_ros2/install/base_msgs/include/base_msgs/base_msgs/msg/detail/local_speeds__rosidl_typesupport_introspection_cpp.hpp\n'}
[13.630119] (base_msgs) StdoutLine: {'line': b'-- Installing: /home/abc/planning_with_ros2/install/base_msgs/include/base_msgs/base_msgs/msg/detail/local_path__type_support.cpp\n'}
[13.630229] (base_msgs) StdoutLine: {'line': b'-- Installing: /home/abc/planning_with_ros2/install/base_msgs/include/base_msgs/base_msgs/msg/detail/local_trajectory_point__type_support.cpp\n'}
[13.630332] (base_msgs) StdoutLine: {'line': b'-- Installing: /home/abc/planning_with_ros2/install/base_msgs/include/base_msgs/base_msgs/msg/detail/local_path_point__rosidl_typesupport_introspection_cpp.hpp\n'}
[13.630436] (base_msgs) StdoutLine: {'line': b'-- Up-to-date: /home/abc/planning_with_ros2/install/base_msgs/include/base_msgs/base_msgs/srv\n'}
[13.630565] (base_msgs) StdoutLine: {'line': b'-- Up-to-date: /home/abc/planning_with_ros2/install/base_msgs/include/base_msgs/base_msgs/srv/detail\n'}
[13.630630] (base_msgs) StdoutLine: {'line': b'-- Installing: /home/abc/planning_with_ros2/install/base_msgs/include/base_msgs/base_msgs/srv/detail/pnc_map_service__rosidl_typesupport_introspection_cpp.hpp\n'}
[13.630721] (base_msgs) StdoutLine: {'line': b'-- Installing: /home/abc/planning_with_ros2/install/base_msgs/include/base_msgs/base_msgs/srv/detail/pnc_map_service__type_support.cpp\n'}
[13.630776] (base_msgs) StdoutLine: {'line': b'-- Installing: /home/abc/planning_with_ros2/install/base_msgs/include/base_msgs/base_msgs/srv/detail/global_path_service__type_support.cpp\n'}
[13.630849] (base_msgs) StdoutLine: {'line': b'-- Installing: /home/abc/planning_with_ros2/install/base_msgs/include/base_msgs/base_msgs/srv/detail/global_path_service__rosidl_typesupport_introspection_cpp.hpp\n'}
[13.630948] (base_msgs) StdoutLine: {'line': b'-- Installing: /home/abc/planning_with_ros2/install/base_msgs/lib/libbase_msgs__rosidl_typesupport_introspection_cpp.so\n'}
[13.631298] (base_msgs) StdoutLine: {'line': b'-- Set non-toolchain portion of runtime path of "/home/abc/planning_with_ros2/install/base_msgs/lib/libbase_msgs__rosidl_typesupport_introspection_cpp.so" to ""\n'}
[13.631406] (base_msgs) StdoutLine: {'line': b'-- Installing: /home/abc/planning_with_ros2/install/base_msgs/lib/libbase_msgs__rosidl_typesupport_cpp.so\n'}
[13.631642] (base_msgs) StdoutLine: {'line': b'-- Set non-toolchain portion of runtime path of "/home/abc/planning_with_ros2/install/base_msgs/lib/libbase_msgs__rosidl_typesupport_cpp.so" to ""\n'}
[13.631749] (base_msgs) StdoutLine: {'line': b'-- Installing: /home/abc/planning_with_ros2/install/base_msgs/share/base_msgs/environment/pythonpath.sh\n'}
[13.631856] (base_msgs) StdoutLine: {'line': b'-- Installing: /home/abc/planning_with_ros2/install/base_msgs/share/base_msgs/environment/pythonpath.dsv\n'}
[13.631937] (base_msgs) StdoutLine: {'line': b'-- Installing: /home/abc/planning_with_ros2/install/base_msgs/local/lib/python3.10/dist-packages/base_msgs-0.0.0-py3.10.egg-info\n'}
[13.632028] (base_msgs) StdoutLine: {'line': b'-- Installing: /home/abc/planning_with_ros2/install/base_msgs/local/lib/python3.10/dist-packages/base_msgs-0.0.0-py3.10.egg-info/dependency_links.txt\n'}
[13.632116] (base_msgs) StdoutLine: {'line': b'-- Installing: /home/abc/planning_with_ros2/install/base_msgs/local/lib/python3.10/dist-packages/base_msgs-0.0.0-py3.10.egg-info/SOURCES.txt\n'}
[13.632193] (base_msgs) StdoutLine: {'line': b'-- Installing: /home/abc/planning_with_ros2/install/base_msgs/local/lib/python3.10/dist-packages/base_msgs-0.0.0-py3.10.egg-info/top_level.txt\n'}
[13.632268] (base_msgs) StdoutLine: {'line': b'-- Installing: /home/abc/planning_with_ros2/install/base_msgs/local/lib/python3.10/dist-packages/base_msgs-0.0.0-py3.10.egg-info/PKG-INFO\n'}
[13.632373] (base_msgs) StdoutLine: {'line': b'-- Installing: /home/abc/planning_with_ros2/install/base_msgs/local/lib/python3.10/dist-packages/base_msgs\n'}
[13.632447] (base_msgs) StdoutLine: {'line': b'-- Installing: /home/abc/planning_with_ros2/install/base_msgs/local/lib/python3.10/dist-packages/base_msgs/base_msgs_s__rosidl_typesupport_c.cpython-310-x86_64-linux-gnu.so\n'}
[13.632572] (base_msgs) StdoutLine: {'line': b'-- Installing: /home/abc/planning_with_ros2/install/base_msgs/local/lib/python3.10/dist-packages/base_msgs/_base_msgs_s.ep.rosidl_typesupport_c.c\n'}
[13.632751] (base_msgs) StdoutLine: {'line': b'-- Installing: /home/abc/planning_with_ros2/install/base_msgs/local/lib/python3.10/dist-packages/base_msgs/libbase_msgs__rosidl_generator_py.so\n'}
[13.632895] (base_msgs) StdoutLine: {'line': b'-- Installing: /home/abc/planning_with_ros2/install/base_msgs/local/lib/python3.10/dist-packages/base_msgs/_base_msgs_s.ep.rosidl_typesupport_introspection_c.c\n'}
[13.633032] (base_msgs) StdoutLine: {'line': b'-- Installing: /home/abc/planning_with_ros2/install/base_msgs/local/lib/python3.10/dist-packages/base_msgs/msg\n'}
[13.633133] (base_msgs) StdoutLine: {'line': b'-- Installing: /home/abc/planning_with_ros2/install/base_msgs/local/lib/python3.10/dist-packages/base_msgs/msg/_obs_info.py\n'}
[13.633220] (base_msgs) StdoutLine: {'line': b'-- Installing: /home/abc/planning_with_ros2/install/base_msgs/local/lib/python3.10/dist-packages/base_msgs/msg/_referline_s.c\n'}
[13.633316] (base_msgs) StdoutLine: {'line': b'-- Installing: /home/abc/planning_with_ros2/install/base_msgs/local/lib/python3.10/dist-packages/base_msgs/msg/_local_path_s.c\n'}
[13.633416] (base_msgs) StdoutLine: {'line': b'-- Installing: /home/abc/planning_with_ros2/install/base_msgs/local/lib/python3.10/dist-packages/base_msgs/msg/_local_speeds.py\n'}
[13.633517] (base_msgs) StdoutLine: {'line': b'-- Installing: /home/abc/planning_with_ros2/install/base_msgs/local/lib/python3.10/dist-packages/base_msgs/msg/_local_path_point_s.c\n'}
[13.633620] (base_msgs) StdoutLine: {'line': b'-- Installing: /home/abc/planning_with_ros2/install/base_msgs/local/lib/python3.10/dist-packages/base_msgs/msg/_referline_point_s.c\n'}
[13.633723] (base_msgs) StdoutLine: {'line': b'-- Installing: /home/abc/planning_with_ros2/install/base_msgs/local/lib/python3.10/dist-packages/base_msgs/msg/_local_path.py\n'}
[13.633826] (base_msgs) StdoutLine: {'line': b'-- Installing: /home/abc/planning_with_ros2/install/base_msgs/local/lib/python3.10/dist-packages/base_msgs/msg/_local_trajectory_point.py\n'}
[13.633946] (base_msgs) StdoutLine: {'line': b'-- Installing: /home/abc/planning_with_ros2/install/base_msgs/local/lib/python3.10/dist-packages/base_msgs/msg/_local_speeds_s.c\n'}
[13.634012] (base_msgs) StdoutLine: {'line': b'-- Installing: /home/abc/planning_with_ros2/install/base_msgs/local/lib/python3.10/dist-packages/base_msgs/msg/_referline.py\n'}
[13.634132] (base_msgs) StdoutLine: {'line': b'-- Installing: /home/abc/planning_with_ros2/install/base_msgs/local/lib/python3.10/dist-packages/base_msgs/msg/_local_speeds_point.py\n'}
[13.634203] (base_msgs) StdoutLine: {'line': b'-- Installing: /home/abc/planning_with_ros2/install/base_msgs/local/lib/python3.10/dist-packages/base_msgs/msg/_pnc_map.py\n'}
[13.634277] (base_msgs) StdoutLine: {'line': b'-- Installing: /home/abc/planning_with_ros2/install/base_msgs/local/lib/python3.10/dist-packages/base_msgs/msg/__init__.py\n'}
[13.634374] (base_msgs) StdoutLine: {'line': b'-- Installing: /home/abc/planning_with_ros2/install/base_msgs/local/lib/python3.10/dist-packages/base_msgs/msg/_plot_info_s.c\n'}
[13.634502] (base_msgs) StdoutLine: {'line': b'-- Installing: /home/abc/planning_with_ros2/install/base_msgs/local/lib/python3.10/dist-packages/base_msgs/msg/_local_trajectory_s.c\n'}
[13.634565] (base_msgs) StdoutLine: {'line': b'-- Installing: /home/abc/planning_with_ros2/install/base_msgs/local/lib/python3.10/dist-packages/base_msgs/msg/_referline_point.py\n'}
[13.634639] (base_msgs) StdoutLine: {'line': b'-- Installing: /home/abc/planning_with_ros2/install/base_msgs/local/lib/python3.10/dist-packages/base_msgs/msg/_local_speeds_point_s.c\n'}
[13.634711] (base_msgs) StdoutLine: {'line': b'-- Installing: /home/abc/planning_with_ros2/install/base_msgs/local/lib/python3.10/dist-packages/base_msgs/msg/_local_path_point.py\n'}
[13.634809] (base_msgs) StdoutLine: {'line': b'-- Installing: /home/abc/planning_with_ros2/install/base_msgs/local/lib/python3.10/dist-packages/base_msgs/msg/_pnc_map_s.c\n'}
[13.634930] (base_msgs) StdoutLine: {'line': b'-- Installing: /home/abc/planning_with_ros2/install/base_msgs/local/lib/python3.10/dist-packages/base_msgs/msg/_local_trajectory.py\n'}
[13.635049] (base_msgs) StdoutLine: {'line': b'-- Installing: /home/abc/planning_with_ros2/install/base_msgs/local/lib/python3.10/dist-packages/base_msgs/msg/_local_trajectory_point_s.c\n'}
[13.635130] (base_msgs) StdoutLine: {'line': b'-- Installing: /home/abc/planning_with_ros2/install/base_msgs/local/lib/python3.10/dist-packages/base_msgs/msg/_plot_info.py\n'}
[13.635186] (base_msgs) StdoutLine: {'line': b'-- Installing: /home/abc/planning_with_ros2/install/base_msgs/local/lib/python3.10/dist-packages/base_msgs/msg/_obs_info_s.c\n'}
[13.635241] (base_msgs) StdoutLine: {'line': b'-- Installing: /home/abc/planning_with_ros2/install/base_msgs/local/lib/python3.10/dist-packages/base_msgs/__init__.py\n'}
[13.635297] (base_msgs) StdoutLine: {'line': b'-- Installing: /home/abc/planning_with_ros2/install/base_msgs/local/lib/python3.10/dist-packages/base_msgs/base_msgs_s__rosidl_typesupport_introspection_c.cpython-310-x86_64-linux-gnu.so\n'}
[13.635376] (base_msgs) StdoutLine: {'line': b'-- Installing: /home/abc/planning_with_ros2/install/base_msgs/local/lib/python3.10/dist-packages/base_msgs/_base_msgs_s.ep.rosidl_typesupport_fastrtps_c.c\n'}
[13.635432] (base_msgs) StdoutLine: {'line': b'-- Installing: /home/abc/planning_with_ros2/install/base_msgs/local/lib/python3.10/dist-packages/base_msgs/srv\n'}
[13.635506] (base_msgs) StdoutLine: {'line': b'-- Installing: /home/abc/planning_with_ros2/install/base_msgs/local/lib/python3.10/dist-packages/base_msgs/srv/_pnc_map_service.py\n'}
[13.635593] (base_msgs) StdoutLine: {'line': b'-- Installing: /home/abc/planning_with_ros2/install/base_msgs/local/lib/python3.10/dist-packages/base_msgs/srv/_global_path_service_s.c\n'}
[13.635648] (base_msgs) StdoutLine: {'line': b'-- Installing: /home/abc/planning_with_ros2/install/base_msgs/local/lib/python3.10/dist-packages/base_msgs/srv/__init__.py\n'}
[13.635704] (base_msgs) StdoutLine: {'line': b'-- Installing: /home/abc/planning_with_ros2/install/base_msgs/local/lib/python3.10/dist-packages/base_msgs/srv/_global_path_service.py\n'}
[13.635783] (base_msgs) StdoutLine: {'line': b'-- Installing: /home/abc/planning_with_ros2/install/base_msgs/local/lib/python3.10/dist-packages/base_msgs/srv/_pnc_map_service_s.c\n'}
[13.635838] (base_msgs) StdoutLine: {'line': b'-- Installing: /home/abc/planning_with_ros2/install/base_msgs/local/lib/python3.10/dist-packages/base_msgs/base_msgs_s__rosidl_typesupport_fastrtps_c.cpython-310-x86_64-linux-gnu.so\n'}
[13.637664] (-) TimerEvent: {}
[13.684467] (base_msgs) StdoutLine: {'line': b"Listing '/home/abc/planning_with_ros2/install/base_msgs/local/lib/python3.10/dist-packages/base_msgs'...\n"}
[13.684649] (base_msgs) StdoutLine: {'line': b"Compiling '/home/abc/planning_with_ros2/install/base_msgs/local/lib/python3.10/dist-packages/base_msgs/__init__.py'...\n"}
[13.684728] (base_msgs) StdoutLine: {'line': b"Listing '/home/abc/planning_with_ros2/install/base_msgs/local/lib/python3.10/dist-packages/base_msgs/msg'...\n"}
[13.684788] (base_msgs) StdoutLine: {'line': b"Compiling '/home/abc/planning_with_ros2/install/base_msgs/local/lib/python3.10/dist-packages/base_msgs/msg/__init__.py'...\n"}
[13.684845] (base_msgs) StdoutLine: {'line': b"Compiling '/home/abc/planning_with_ros2/install/base_msgs/local/lib/python3.10/dist-packages/base_msgs/msg/_local_path.py'...\n"}
[13.684899] (base_msgs) StdoutLine: {'line': b"Compiling '/home/abc/planning_with_ros2/install/base_msgs/local/lib/python3.10/dist-packages/base_msgs/msg/_local_path_point.py'...\n"}
[13.684952] (base_msgs) StdoutLine: {'line': b"Compiling '/home/abc/planning_with_ros2/install/base_msgs/local/lib/python3.10/dist-packages/base_msgs/msg/_local_speeds.py'...\n"}
[13.685005] (base_msgs) StdoutLine: {'line': b"Compiling '/home/abc/planning_with_ros2/install/base_msgs/local/lib/python3.10/dist-packages/base_msgs/msg/_local_speeds_point.py'...\n"}
[13.685079] (base_msgs) StdoutLine: {'line': b"Compiling '/home/abc/planning_with_ros2/install/base_msgs/local/lib/python3.10/dist-packages/base_msgs/msg/_local_trajectory.py'...\n"}
[13.685134] (base_msgs) StdoutLine: {'line': b"Compiling '/home/abc/planning_with_ros2/install/base_msgs/local/lib/python3.10/dist-packages/base_msgs/msg/_local_trajectory_point.py'...\n"}
[13.685186] (base_msgs) StdoutLine: {'line': b"Compiling '/home/abc/planning_with_ros2/install/base_msgs/local/lib/python3.10/dist-packages/base_msgs/msg/_obs_info.py'...\n"}
[13.685238] (base_msgs) StdoutLine: {'line': b"Compiling '/home/abc/planning_with_ros2/install/base_msgs/local/lib/python3.10/dist-packages/base_msgs/msg/_plot_info.py'...\n"}
[13.685290] (base_msgs) StdoutLine: {'line': b"Compiling '/home/abc/planning_with_ros2/install/base_msgs/local/lib/python3.10/dist-packages/base_msgs/msg/_pnc_map.py'...\n"}
[13.685343] (base_msgs) StdoutLine: {'line': b"Compiling '/home/abc/planning_with_ros2/install/base_msgs/local/lib/python3.10/dist-packages/base_msgs/msg/_referline.py'...\n"}
[13.685403] (base_msgs) StdoutLine: {'line': b"Compiling '/home/abc/planning_with_ros2/install/base_msgs/local/lib/python3.10/dist-packages/base_msgs/msg/_referline_point.py'...\n"}
[13.685456] (base_msgs) StdoutLine: {'line': b"Listing '/home/abc/planning_with_ros2/install/base_msgs/local/lib/python3.10/dist-packages/base_msgs/srv'...\n"}
[13.685508] (base_msgs) StdoutLine: {'line': b"Compiling '/home/abc/planning_with_ros2/install/base_msgs/local/lib/python3.10/dist-packages/base_msgs/srv/__init__.py'...\n"}
[13.685561] (base_msgs) StdoutLine: {'line': b"Compiling '/home/abc/planning_with_ros2/install/base_msgs/local/lib/python3.10/dist-packages/base_msgs/srv/_global_path_service.py'...\n"}
[13.685613] (base_msgs) StdoutLine: {'line': b"Compiling '/home/abc/planning_with_ros2/install/base_msgs/local/lib/python3.10/dist-packages/base_msgs/srv/_pnc_map_service.py'...\n"}
[13.689393] (base_msgs) StdoutLine: {'line': b'-- Installing: /home/abc/planning_with_ros2/install/base_msgs/local/lib/python3.10/dist-packages/base_msgs/base_msgs_s__rosidl_typesupport_fastrtps_c.cpython-310-x86_64-linux-gnu.so\n'}
[13.689784] (base_msgs) StdoutLine: {'line': b'-- Set non-toolchain portion of runtime path of "/home/abc/planning_with_ros2/install/base_msgs/local/lib/python3.10/dist-packages/base_msgs/base_msgs_s__rosidl_typesupport_fastrtps_c.cpython-310-x86_64-linux-gnu.so" to ""\n'}
[13.690075] (base_msgs) StdoutLine: {'line': b'-- Installing: /home/abc/planning_with_ros2/install/base_msgs/local/lib/python3.10/dist-packages/base_msgs/base_msgs_s__rosidl_typesupport_introspection_c.cpython-310-x86_64-linux-gnu.so\n'}
[13.690451] (base_msgs) StdoutLine: {'line': b'-- Set non-toolchain portion of runtime path of "/home/abc/planning_with_ros2/install/base_msgs/local/lib/python3.10/dist-packages/base_msgs/base_msgs_s__rosidl_typesupport_introspection_c.cpython-310-x86_64-linux-gnu.so" to ""\n'}
[13.690729] (base_msgs) StdoutLine: {'line': b'-- Installing: /home/abc/planning_with_ros2/install/base_msgs/local/lib/python3.10/dist-packages/base_msgs/base_msgs_s__rosidl_typesupport_c.cpython-310-x86_64-linux-gnu.so\n'}
[13.691117] (base_msgs) StdoutLine: {'line': b'-- Set non-toolchain portion of runtime path of "/home/abc/planning_with_ros2/install/base_msgs/local/lib/python3.10/dist-packages/base_msgs/base_msgs_s__rosidl_typesupport_c.cpython-310-x86_64-linux-gnu.so" to ""\n'}
[13.691248] (base_msgs) StdoutLine: {'line': b'-- Installing: /home/abc/planning_with_ros2/install/base_msgs/lib/libbase_msgs__rosidl_generator_py.so\n'}
[13.691732] (base_msgs) StdoutLine: {'line': b'-- Set non-toolchain portion of runtime path of "/home/abc/planning_with_ros2/install/base_msgs/lib/libbase_msgs__rosidl_generator_py.so" to ""\n'}
[13.691873] (base_msgs) StdoutLine: {'line': b'-- Installing: /home/abc/planning_with_ros2/install/base_msgs/share/base_msgs/srv/GlobalPathService.idl\n'}
[13.692036] (base_msgs) StdoutLine: {'line': b'-- Installing: /home/abc/planning_with_ros2/install/base_msgs/share/base_msgs/srv/PNCMapService.idl\n'}
[13.692236] (base_msgs) StdoutLine: {'line': b'-- Installing: /home/abc/planning_with_ros2/install/base_msgs/share/base_msgs/msg/PNCMap.idl\n'}
[13.692394] (base_msgs) StdoutLine: {'line': b'-- Installing: /home/abc/planning_with_ros2/install/base_msgs/share/base_msgs/msg/ReferlinePoint.idl\n'}
[13.692553] (base_msgs) StdoutLine: {'line': b'-- Installing: /home/abc/planning_with_ros2/install/base_msgs/share/base_msgs/msg/Referline.idl\n'}
[13.692710] (base_msgs) StdoutLine: {'line': b'-- Installing: /home/abc/planning_with_ros2/install/base_msgs/share/base_msgs/msg/LocalPathPoint.idl\n'}
[13.692868] (base_msgs) StdoutLine: {'line': b'-- Installing: /home/abc/planning_with_ros2/install/base_msgs/share/base_msgs/msg/LocalPath.idl\n'}
[13.693031] (base_msgs) StdoutLine: {'line': b'-- Installing: /home/abc/planning_with_ros2/install/base_msgs/share/base_msgs/msg/LocalSpeedsPoint.idl\n'}
[13.693184] (base_msgs) StdoutLine: {'line': b'-- Installing: /home/abc/planning_with_ros2/install/base_msgs/share/base_msgs/msg/LocalSpeeds.idl\n'}
[13.693341] (base_msgs) StdoutLine: {'line': b'-- Installing: /home/abc/planning_with_ros2/install/base_msgs/share/base_msgs/msg/LocalTrajectoryPoint.idl\n'}
[13.693502] (base_msgs) StdoutLine: {'line': b'-- Installing: /home/abc/planning_with_ros2/install/base_msgs/share/base_msgs/msg/LocalTrajectory.idl\n'}
[13.693657] (base_msgs) StdoutLine: {'line': b'-- Installing: /home/abc/planning_with_ros2/install/base_msgs/share/base_msgs/msg/ObsInfo.idl\n'}
[13.693821] (base_msgs) StdoutLine: {'line': b'-- Installing: /home/abc/planning_with_ros2/install/base_msgs/share/base_msgs/msg/PlotInfo.idl\n'}
[13.693970] (base_msgs) StdoutLine: {'line': b'-- Installing: /home/abc/planning_with_ros2/install/base_msgs/share/base_msgs/srv/GlobalPathService.srv\n'}
[13.694128] (base_msgs) StdoutLine: {'line': b'-- Installing: /home/abc/planning_with_ros2/install/base_msgs/share/base_msgs/srv/GlobalPathService_Request.msg\n'}
[13.694282] (base_msgs) StdoutLine: {'line': b'-- Installing: /home/abc/planning_with_ros2/install/base_msgs/share/base_msgs/srv/GlobalPathService_Response.msg\n'}
[13.694439] (base_msgs) StdoutLine: {'line': b'-- Installing: /home/abc/planning_with_ros2/install/base_msgs/share/base_msgs/srv/PNCMapService.srv\n'}
[13.694594] (base_msgs) StdoutLine: {'line': b'-- Installing: /home/abc/planning_with_ros2/install/base_msgs/share/base_msgs/srv/PNCMapService_Request.msg\n'}
[13.694751] (base_msgs) StdoutLine: {'line': b'-- Installing: /home/abc/planning_with_ros2/install/base_msgs/share/base_msgs/srv/PNCMapService_Response.msg\n'}
[13.694908] (base_msgs) StdoutLine: {'line': b'-- Installing: /home/abc/planning_with_ros2/install/base_msgs/share/base_msgs/msg/PNCMap.msg\n'}
[13.695090] (base_msgs) StdoutLine: {'line': b'-- Installing: /home/abc/planning_with_ros2/install/base_msgs/share/base_msgs/msg/ReferlinePoint.msg\n'}
[13.695268] (base_msgs) StdoutLine: {'line': b'-- Installing: /home/abc/planning_with_ros2/install/base_msgs/share/base_msgs/msg/Referline.msg\n'}
[13.695429] (base_msgs) StdoutLine: {'line': b'-- Installing: /home/abc/planning_with_ros2/install/base_msgs/share/base_msgs/msg/LocalPathPoint.msg\n'}
[13.695582] (base_msgs) StdoutLine: {'line': b'-- Installing: /home/abc/planning_with_ros2/install/base_msgs/share/base_msgs/msg/LocalPath.msg\n'}
[13.695739] (base_msgs) StdoutLine: {'line': b'-- Installing: /home/abc/planning_with_ros2/install/base_msgs/share/base_msgs/msg/LocalSpeedsPoint.msg\n'}
[13.695893] (base_msgs) StdoutLine: {'line': b'-- Installing: /home/abc/planning_with_ros2/install/base_msgs/share/base_msgs/msg/LocalSpeeds.msg\n'}
[13.696056] (base_msgs) StdoutLine: {'line': b'-- Installing: /home/abc/planning_with_ros2/install/base_msgs/share/base_msgs/msg/LocalTrajectoryPoint.msg\n'}
[13.696213] (base_msgs) StdoutLine: {'line': b'-- Installing: /home/abc/planning_with_ros2/install/base_msgs/share/base_msgs/msg/LocalTrajectory.msg\n'}
[13.696368] (base_msgs) StdoutLine: {'line': b'-- Installing: /home/abc/planning_with_ros2/install/base_msgs/share/base_msgs/msg/ObsInfo.msg\n'}
[13.696527] (base_msgs) StdoutLine: {'line': b'-- Installing: /home/abc/planning_with_ros2/install/base_msgs/share/base_msgs/msg/PlotInfo.msg\n'}
[13.696751] (base_msgs) StdoutLine: {'line': b'-- Installing: /home/abc/planning_with_ros2/install/base_msgs/share/ament_index/resource_index/package_run_dependencies/base_msgs\n'}
[13.696963] (base_msgs) StdoutLine: {'line': b'-- Installing: /home/abc/planning_with_ros2/install/base_msgs/share/ament_index/resource_index/parent_prefix_path/base_msgs\n'}
[13.697130] (base_msgs) StdoutLine: {'line': b'-- Installing: /home/abc/planning_with_ros2/install/base_msgs/share/base_msgs/environment/ament_prefix_path.sh\n'}
[13.697327] (base_msgs) StdoutLine: {'line': b'-- Installing: /home/abc/planning_with_ros2/install/base_msgs/share/base_msgs/environment/ament_prefix_path.dsv\n'}
[13.697468] (base_msgs) StdoutLine: {'line': b'-- Installing: /home/abc/planning_with_ros2/install/base_msgs/share/base_msgs/environment/path.sh\n'}
[13.697621] (base_msgs) StdoutLine: {'line': b'-- Installing: /home/abc/planning_with_ros2/install/base_msgs/share/base_msgs/environment/path.dsv\n'}
[13.697781] (base_msgs) StdoutLine: {'line': b'-- Installing: /home/abc/planning_with_ros2/install/base_msgs/share/base_msgs/local_setup.bash\n'}
[13.697934] (base_msgs) StdoutLine: {'line': b'-- Installing: /home/abc/planning_with_ros2/install/base_msgs/share/base_msgs/local_setup.sh\n'}
[13.698104] (base_msgs) StdoutLine: {'line': b'-- Installing: /home/abc/planning_with_ros2/install/base_msgs/share/base_msgs/local_setup.zsh\n'}
[13.698249] (base_msgs) StdoutLine: {'line': b'-- Installing: /home/abc/planning_with_ros2/install/base_msgs/share/base_msgs/local_setup.dsv\n'}
[13.698395] (base_msgs) StdoutLine: {'line': b'-- Installing: /home/abc/planning_with_ros2/install/base_msgs/share/base_msgs/package.dsv\n'}
[13.698638] (base_msgs) StdoutLine: {'line': b'-- Installing: /home/abc/planning_with_ros2/install/base_msgs/share/ament_index/resource_index/packages/base_msgs\n'}
[13.698865] (base_msgs) StdoutLine: {'line': b'-- Installing: /home/abc/planning_with_ros2/install/base_msgs/share/base_msgs/cmake/export_base_msgs__rosidl_generator_cExport.cmake\n'}
[13.699043] (base_msgs) StdoutLine: {'line': b'-- Installing: /home/abc/planning_with_ros2/install/base_msgs/share/base_msgs/cmake/export_base_msgs__rosidl_generator_cExport-noconfig.cmake\n'}
[13.699232] (base_msgs) StdoutLine: {'line': b'-- Installing: /home/abc/planning_with_ros2/install/base_msgs/share/base_msgs/cmake/export_base_msgs__rosidl_typesupport_fastrtps_cExport.cmake\n'}
[13.699377] (base_msgs) StdoutLine: {'line': b'-- Installing: /home/abc/planning_with_ros2/install/base_msgs/share/base_msgs/cmake/export_base_msgs__rosidl_typesupport_fastrtps_cExport-noconfig.cmake\n'}
[13.699552] (base_msgs) StdoutLine: {'line': b'-- Installing: /home/abc/planning_with_ros2/install/base_msgs/share/base_msgs/cmake/base_msgs__rosidl_typesupport_introspection_cExport.cmake\n'}
[13.699681] (base_msgs) StdoutLine: {'line': b'-- Installing: /home/abc/planning_with_ros2/install/base_msgs/share/base_msgs/cmake/base_msgs__rosidl_typesupport_introspection_cExport-noconfig.cmake\n'}
[13.700624] (base_msgs) StdoutLine: {'line': b'-- Installing: /home/abc/planning_with_ros2/install/base_msgs/share/base_msgs/cmake/base_msgs__rosidl_typesupport_cExport.cmake\n'}
[13.700726] (base_msgs) StdoutLine: {'line': b'-- Installing: /home/abc/planning_with_ros2/install/base_msgs/share/base_msgs/cmake/base_msgs__rosidl_typesupport_cExport-noconfig.cmake\n'}
[13.700844] (base_msgs) StdoutLine: {'line': b'-- Installing: /home/abc/planning_with_ros2/install/base_msgs/share/base_msgs/cmake/export_base_msgs__rosidl_generator_cppExport.cmake\n'}
[13.700962] (base_msgs) StdoutLine: {'line': b'-- Installing: /home/abc/planning_with_ros2/install/base_msgs/share/base_msgs/cmake/export_base_msgs__rosidl_typesupport_fastrtps_cppExport.cmake\n'}
[13.701091] (base_msgs) StdoutLine: {'line': b'-- Installing: /home/abc/planning_with_ros2/install/base_msgs/share/base_msgs/cmake/export_base_msgs__rosidl_typesupport_fastrtps_cppExport-noconfig.cmake\n'}
[13.701207] (base_msgs) StdoutLine: {'line': b'-- Installing: /home/abc/planning_with_ros2/install/base_msgs/share/base_msgs/cmake/base_msgs__rosidl_typesupport_introspection_cppExport.cmake\n'}
[13.701318] (base_msgs) StdoutLine: {'line': b'-- Installing: /home/abc/planning_with_ros2/install/base_msgs/share/base_msgs/cmake/base_msgs__rosidl_typesupport_introspection_cppExport-noconfig.cmake\n'}
[13.701998] (base_msgs) StdoutLine: {'line': b'-- Installing: /home/abc/planning_with_ros2/install/base_msgs/share/base_msgs/cmake/base_msgs__rosidl_typesupport_cppExport.cmake\n'}
[13.702140] (base_msgs) StdoutLine: {'line': b'-- Installing: /home/abc/planning_with_ros2/install/base_msgs/share/base_msgs/cmake/base_msgs__rosidl_typesupport_cppExport-noconfig.cmake\n'}
[13.702281] (base_msgs) StdoutLine: {'line': b'-- Installing: /home/abc/planning_with_ros2/install/base_msgs/share/base_msgs/cmake/export_base_msgs__rosidl_generator_pyExport.cmake\n'}
[13.702409] (base_msgs) StdoutLine: {'line': b'-- Installing: /home/abc/planning_with_ros2/install/base_msgs/share/base_msgs/cmake/export_base_msgs__rosidl_generator_pyExport-noconfig.cmake\n'}
[13.702530] (base_msgs) StdoutLine: {'line': b'-- Installing: /home/abc/planning_with_ros2/install/base_msgs/share/base_msgs/cmake/rosidl_cmake-extras.cmake\n'}
[13.702652] (base_msgs) StdoutLine: {'line': b'-- Installing: /home/abc/planning_with_ros2/install/base_msgs/share/base_msgs/cmake/ament_cmake_export_dependencies-extras.cmake\n'}
[13.702771] (base_msgs) StdoutLine: {'line': b'-- Installing: /home/abc/planning_with_ros2/install/base_msgs/share/base_msgs/cmake/ament_cmake_export_include_directories-extras.cmake\n'}
[13.702896] (base_msgs) StdoutLine: {'line': b'-- Installing: /home/abc/planning_with_ros2/install/base_msgs/share/base_msgs/cmake/ament_cmake_export_libraries-extras.cmake\n'}
[13.703015] (base_msgs) StdoutLine: {'line': b'-- Installing: /home/abc/planning_with_ros2/install/base_msgs/share/base_msgs/cmake/ament_cmake_export_targets-extras.cmake\n'}
[13.703147] (base_msgs) StdoutLine: {'line': b'-- Installing: /home/abc/planning_with_ros2/install/base_msgs/share/base_msgs/cmake/rosidl_cmake_export_typesupport_targets-extras.cmake\n'}
[13.703258] (base_msgs) StdoutLine: {'line': b'-- Installing: /home/abc/planning_with_ros2/install/base_msgs/share/base_msgs/cmake/rosidl_cmake_export_typesupport_libraries-extras.cmake\n'}
[13.703393] (base_msgs) StdoutLine: {'line': b'-- Installing: /home/abc/planning_with_ros2/install/base_msgs/share/base_msgs/cmake/base_msgsConfig.cmake\n'}
[13.703487] (base_msgs) StdoutLine: {'line': b'-- Installing: /home/abc/planning_with_ros2/install/base_msgs/share/base_msgs/cmake/base_msgsConfig-version.cmake\n'}
[13.703601] (base_msgs) StdoutLine: {'line': b'-- Installing: /home/abc/planning_with_ros2/install/base_msgs/share/base_msgs/package.xml\n'}
[13.704902] (base_msgs) CommandEnded: {'returncode': 0}
[13.726046] (base_msgs) JobEnded: {'identifier': 'base_msgs', 'rc': 0}
[13.726870] (data_plot) JobStarted: {'identifier': 'data_plot'}
[13.731512] (planning) JobStarted: {'identifier': 'planning'}
[13.737752] (-) TimerEvent: {}
[13.837994] (-) TimerEvent: {}
[13.938233] (-) TimerEvent: {}
[14.006013] (planning) JobProgress: {'identifier': 'planning', 'progress': 'cmake'}
[14.006661] (planning) Command: {'cmd': ['/usr/local/bin/cmake', '/home/abc/planning_with_ros2/src/planning', '-DCMAKE_INSTALL_PREFIX=/home/abc/planning_with_ros2/install/planning'], 'cwd': '/home/abc/planning_with_ros2/build/planning', 'env': OrderedDict([('GJS_DEBUG_TOPICS', 'JS ERROR;JS LOG'), ('PYTHON_BASIC_REPL', '1'), ('LESSOPEN', '| /usr/bin/lesspipe %s'), ('LANGUAGE', 'en_US:en'), ('TENSORRT_DIR', '/home/abc/TensorRT-8.6'), ('USER', 'abc'), ('LC_TIME', 'zh_CN.UTF-8'), ('XDG_SESSION_TYPE', 'x11'), ('GIT_ASKPASS', '/usr/share/code/resources/app/extensions/git/dist/askpass.sh'), ('SHLVL', '1'), ('LD_LIBRARY_PATH', '/home/abc/planning_with_ros2/install/base_msgs/lib:/usr/local/cuda-11.8/lib64:/home/abc/planning_with_ros2/install/planning/lib:/usr/local/cuda-11.8/lib64:/home/abc/planning_with_ros2/install/planning/lib:/home/abc/planning_with_ros2/install/planning/lib:/home/abc/perception_with_ros2/install/perception/lib:/home/abc/perception_with_ros2/install/base_msgs_per/lib:/usr/lib/x86_64-linux-gnu/gazebo-11/plugins:/opt/ros/humble/opt/rviz_ogre_vendor/lib:/opt/ros/humble/lib/x86_64-linux-gnu:/opt/ros/humble/lib:/home/abc/TensorRT-8.6/lib:/home/abc/TensorRT-8.6/lib'), ('HOME', '/home/abc'), ('CHROME_DESKTOP', 'code.desktop'), ('TERM_PROGRAM_VERSION', '1.109.5'), ('DESKTOP_SESSION', 'ubuntu'), ('GIO_LAUNCHED_DESKTOP_FILE', '/usr/share/applications/code.desktop'), ('ROS_PYTHON_VERSION', '3'), ('GNOME_SHELL_SESSION_MODE', 'ubuntu'), ('GTK_MODULES', 'gail:atk-bridge'), ('VSCODE_GIT_ASKPASS_MAIN', '/usr/share/code/resources/app/extensions/git/dist/askpass-main.js'), ('LC_MONETARY', 'zh_CN.UTF-8'), ('VSCODE_GIT_ASKPASS_NODE', '/usr/share/code/code'), ('MANAGERPID', '1130'), ('PYDEVD_DISABLE_FILE_VALIDATION', '1'), ('SYSTEMD_EXEC_PID', '1595'), ('BUNDLED_DEBUGPY_PATH', '/home/abc/.vscode/extensions/ms-python.debugpy-2025.18.0-linux-x64/bundled/libs/debugpy'), ('VSCODE_PYTHON_AUTOACTIVATE_GUARD', '1'), ('DBUS_SESSION_BUS_ADDRESS', 'unix:path=/run/user/1000/bus'), ('COLORTERM', 'truecolor'), ('GIO_LAUNCHED_DESKTOP_FILE_PID', '364490'), ('COLCON_PREFIX_PATH', '/home/abc/planning_with_ros2/install:/home/abc/perception_with_ros2/install'), ('ROS_DISTRO', 'humble'), ('GTK_IM_MODULE', 'ibus'), ('LOGNAME', 'abc'), ('JOURNAL_STREAM', '8:6989'), ('_', '/usr/bin/colcon'), ('ROS_VERSION', '2'), ('XDG_SESSION_CLASS', 'user'), ('USERNAME', 'abc'), ('TERM', 'xterm-256color'), ('GNOME_DESKTOP_SESSION_ID', 'this-is-deprecated'), ('ROS2_PLANNING_COURSE_INSTALL', '/home/abc/planning_with_ros2/install'), ('FC_FONTATIONS', '1'), ('ROS_LOCALHOST_ONLY', '0'), ('WINDOWPATH', '2'), ('PATH', '/usr/local/cuda-11.8/bin:/home/abc/.config/Code/User/globalStorage/github.copilot-chat/debugCommand:/home/abc/.config/Code/User/globalStorage/github.copilot-chat/copilotCli:/usr/local/cuda-11.8/bin:/opt/ros/humble/bin:/usr/local/sbin:/usr/local/bin:/usr/sbin:/usr/bin:/sbin:/bin:/usr/games:/usr/local/games:/snap/bin:/snap/bin:/home/abc/.vscode/extensions/ms-python.debugpy-2025.18.0-linux-x64/bundled/scripts/noConfigScripts'), ('SESSION_MANAGER', 'local/abc-G3-3500:@/tmp/.ICE-unix/1554,unix/abc-G3-3500:/tmp/.ICE-unix/1554'), ('INVOCATION_ID', 'f3a9f1252eb845459ae16b5ad8fdee6d'), ('PAPERSIZE', 'a4'), ('XDG_MENU_PREFIX', 'gnome-'), ('LC_ADDRESS', 'zh_CN.UTF-8'), ('XDG_RUNTIME_DIR', '/run/user/1000'), ('GDK_BACKEND', 'x11'), ('DISPLAY', ':0'), ('VSCODE_DEBUGPY_ADAPTER_ENDPOINTS', '/home/abc/.vscode/extensions/ms-python.debugpy-2025.18.0-linux-x64/.noConfigDebugAdapterEndpoints/endpoint-73f3b4a0a422bf73.txt'), ('LANG', 'en_US.UTF-8'), ('XDG_CURRENT_DESKTOP', 'ubuntu:GNOME'), ('PYTHONSTARTUP', '/home/abc/.config/Code/User/workspaceStorage/4efd6db52f1c03b4cb1fb614d5084a17/ms-python.python/pythonrc.py'), ('LC_TELEPHONE', 'zh_CN.UTF-8'), ('XMODIFIERS', '@im=ibus'), ('XDG_SESSION_DESKTOP', 'ubuntu'), ('XAUTHORITY', '/run/user/1000/gdm/Xauthority'), ('LS_COLORS', 'rs=0:di=01;34:ln=01;36:mh=00:pi=40;33:so=01;35:do=01;35:bd=40;33;01:cd=40;33;01:or=40;31;01:mi=00:su=37;41:sg=30;43:ca=30;41:tw=30;42:ow=34;42:st=37;44:ex=01;32:*.tar=01;31:*.tgz=01;31:*.arc=01;31:*.arj=01;31:*.taz=01;31:*.lha=01;31:*.lz4=01;31:*.lzh=01;31:*.lzma=01;31:*.tlz=01;31:*.txz=01;31:*.tzo=01;31:*.t7z=01;31:*.zip=01;31:*.z=01;31:*.dz=01;31:*.gz=01;31:*.lrz=01;31:*.lz=01;31:*.lzo=01;31:*.xz=01;31:*.zst=01;31:*.tzst=01;31:*.bz2=01;31:*.bz=01;31:*.tbz=01;31:*.tbz2=01;31:*.tz=01;31:*.deb=01;31:*.rpm=01;31:*.jar=01;31:*.war=01;31:*.ear=01;31:*.sar=01;31:*.rar=01;31:*.alz=01;31:*.ace=01;31:*.zoo=01;31:*.cpio=01;31:*.7z=01;31:*.rz=01;31:*.cab=01;31:*.wim=01;31:*.swm=01;31:*.dwm=01;31:*.esd=01;31:*.jpg=01;35:*.jpeg=01;35:*.mjpg=01;35:*.mjpeg=01;35:*.gif=01;35:*.bmp=01;35:*.pbm=01;35:*.pgm=01;35:*.ppm=01;35:*.tga=01;35:*.xbm=01;35:*.xpm=01;35:*.tif=01;35:*.tiff=01;35:*.png=01;35:*.svg=01;35:*.svgz=01;35:*.mng=01;35:*.pcx=01;35:*.mov=01;35:*.mpg=01;35:*.mpeg=01;35:*.m2v=01;35:*.mkv=01;35:*.webm=01;35:*.webp=01;35:*.ogm=01;35:*.mp4=01;35:*.m4v=01;35:*.mp4v=01;35:*.vob=01;35:*.qt=01;35:*.nuv=01;35:*.wmv=01;35:*.asf=01;35:*.rm=01;35:*.rmvb=01;35:*.flc=01;35:*.avi=01;35:*.fli=01;35:*.flv=01;35:*.gl=01;35:*.dl=01;35:*.xcf=01;35:*.xwd=01;35:*.yuv=01;35:*.cgm=01;35:*.emf=01;35:*.ogv=01;35:*.ogx=01;35:*.aac=00;36:*.au=00;36:*.flac=00;36:*.m4a=00;36:*.mid=00;36:*.midi=00;36:*.mka=00;36:*.mp3=00;36:*.mpc=00;36:*.ogg=00;36:*.ra=00;36:*.wav=00;36:*.oga=00;36:*.opus=00;36:*.spx=00;36:*.xspf=00;36:'), ('VSCODE_GIT_IPC_HANDLE', '/run/user/1000/vscode-git-c59a044dc2.sock'), ('TERM_PROGRAM', 'vscode'), ('SSH_AGENT_LAUNCHER', 'gnome-keyring'), ('SSH_AUTH_SOCK', '/run/user/1000/keyring/ssh'), ('ROS_DOMAIN_ID', '2'), ('AMENT_PREFIX_PATH', '/home/abc/planning_with_ros2/install/planning:/home/abc/planning_with_ros2/install/data_plot:/home/abc/planning_with_ros2/install/base_msgs:/home/abc/perception_with_ros2/install/perception:/home/abc/perception_with_ros2/install/data_plot_per:/home/abc/perception_with_ros2/install/base_msgs_per:/opt/ros/humble'), ('SHELL', '/bin/bash'), ('LC_NAME', 'zh_CN.UTF-8'), ('QT_ACCESSIBILITY', '1'), ('GDMSESSION', 'ubuntu'), ('LESSCLOSE', '/usr/bin/lesspipe %s %s'), ('LC_MEASUREMENT', 'zh_CN.UTF-8'), ('GPG_AGENT_INFO', '/run/user/1000/gnupg/S.gpg-agent:0:1'), ('GJS_DEBUG_OUTPUT', 'stderr'), ('LC_IDENTIFICATION', 'zh_CN.UTF-8'), ('VSCODE_GIT_ASKPASS_EXTRA_ARGS', ''), ('QT_IM_MODULE', 'ibus'), ('PWD', '/home/abc/planning_with_ros2/build/planning'), ('LC_ALL', 'en_US.UTF-8'), ('XDG_CONFIG_DIRS', '/etc/xdg/xdg-ubuntu:/etc/xdg'), ('XDG_DATA_DIRS', '/usr/share/ubuntu:/usr/share/gnome:/usr/local/share/:/usr/share/:/var/lib/snapd/desktop'), ('PYTHONPATH', '/home/abc/planning_with_ros2/install/data_plot/lib/python3.10/site-packages:/home/abc/planning_with_ros2/install/base_msgs/local/lib/python3.10/dist-packages:/home/abc/perception_with_ros2/install/data_plot_per/lib/python3.10/site-packages:/home/abc/perception_with_ros2/install/base_msgs_per/local/lib/python3.10/dist-packages:/opt/ros/humble/lib/python3.10/site-packages:/opt/ros/humble/local/lib/python3.10/dist-packages'), ('LC_NUMERIC', 'zh_CN.UTF-8'), ('LC_PAPER', 'zh_CN.UTF-8'), ('COLCON', '1'), ('CMAKE_PREFIX_PATH', '/home/abc/planning_with_ros2/install/base_msgs:/home/abc/planning_with_ros2/install/planning:/home/abc/perception_with_ros2/install/perception:/home/abc/perception_with_ros2/install/base_msgs_per:/home/abc/planning_with_ros2/install/data_plot:/home/abc/perception_with_ros2/install/data_plot_per:/opt/ros/humble')]), 'shell': False}
[14.038334] (-) TimerEvent: {}
[14.056580] (planning) StdoutLine: {'line': b'-- The C compiler identification is GNU 11.4.0\n'}
[14.119252] (planning) StdoutLine: {'line': b'-- The CXX compiler identification is GNU 11.4.0\n'}
[14.127897] (planning) StdoutLine: {'line': b'-- Detecting C compiler ABI info\n'}
[14.138413] (-) TimerEvent: {}
[14.178113] (planning) StdoutLine: {'line': b'-- Detecting C compiler ABI info - done\n'}
[14.196173] (planning) StdoutLine: {'line': b'-- Check for working C compiler: /usr/bin/cc - skipped\n'}
[14.196552] (planning) StdoutLine: {'line': b'-- Detecting C compile features\n'}
[14.197209] (planning) StdoutLine: {'line': b'-- Detecting C compile features - done\n'}
[14.208425] (planning) StdoutLine: {'line': b'-- Detecting CXX compiler ABI info\n'}
[14.238451] (-) TimerEvent: {}
[14.273045] (planning) StdoutLine: {'line': b'-- Detecting CXX compiler ABI info - done\n'}
[14.291782] (planning) StdoutLine: {'line': b'-- Check for working CXX compiler: /usr/bin/c++ - skipped\n'}
[14.292113] (planning) StdoutLine: {'line': b'-- Detecting CXX compile features\n'}
[14.292759] (planning) StdoutLine: {'line': b'-- Detecting CXX compile features - done\n'}
[14.300657] (planning) StdoutLine: {'line': b'-- Found ament_cmake: 1.3.13 (/opt/ros/humble/share/ament_cmake/cmake)\n'}
[14.338544] (-) TimerEvent: {}
[14.413439] (data_plot) Command: {'cmd': ['/usr/bin/python3', '-W', 'ignore:setup.py install is deprecated', '-W', 'ignore:easy_install command is deprecated', 'setup.py', 'egg_info', '--egg-base', '../../build/data_plot', 'build', '--build-base', '/home/abc/planning_with_ros2/build/data_plot/build', 'install', '--record', '/home/abc/planning_with_ros2/build/data_plot/install.log', '--single-version-externally-managed', 'install_data'], 'cwd': '/home/abc/planning_with_ros2/src/data_plot', 'env': {'GJS_DEBUG_TOPICS': 'JS ERROR;JS LOG', 'PYTHON_BASIC_REPL': '1', 'LESSOPEN': '| /usr/bin/lesspipe %s', 'LANGUAGE': 'en_US:en', 'TENSORRT_DIR': '/home/abc/TensorRT-8.6', 'USER': 'abc', 'LC_TIME': 'zh_CN.UTF-8', 'XDG_SESSION_TYPE': 'x11', 'GIT_ASKPASS': '/usr/share/code/resources/app/extensions/git/dist/askpass.sh', 'SHLVL': '1', 'LD_LIBRARY_PATH': '/home/abc/planning_with_ros2/install/base_msgs/lib:/usr/local/cuda-11.8/lib64:/home/abc/planning_with_ros2/install/planning/lib:/usr/local/cuda-11.8/lib64:/home/abc/planning_with_ros2/install/planning/lib:/home/abc/planning_with_ros2/install/planning/lib:/home/abc/perception_with_ros2/install/perception/lib:/home/abc/perception_with_ros2/install/base_msgs_per/lib:/usr/lib/x86_64-linux-gnu/gazebo-11/plugins:/opt/ros/humble/opt/rviz_ogre_vendor/lib:/opt/ros/humble/lib/x86_64-linux-gnu:/opt/ros/humble/lib:/home/abc/TensorRT-8.6/lib:/home/abc/TensorRT-8.6/lib', 'HOME': '/home/abc', 'CHROME_DESKTOP': 'code.desktop', 'TERM_PROGRAM_VERSION': '1.109.5', 'DESKTOP_SESSION': 'ubuntu', 'GIO_LAUNCHED_DESKTOP_FILE': '/usr/share/applications/code.desktop', 'ROS_PYTHON_VERSION': '3', 'GNOME_SHELL_SESSION_MODE': 'ubuntu', 'GTK_MODULES': 'gail:atk-bridge', 'VSCODE_GIT_ASKPASS_MAIN': '/usr/share/code/resources/app/extensions/git/dist/askpass-main.js', 'LC_MONETARY': 'zh_CN.UTF-8', 'VSCODE_GIT_ASKPASS_NODE': '/usr/share/code/code', 'MANAGERPID': '1130', 'PYDEVD_DISABLE_FILE_VALIDATION': '1', 'SYSTEMD_EXEC_PID': '1595', 'BUNDLED_DEBUGPY_PATH': '/home/abc/.vscode/extensions/ms-python.debugpy-2025.18.0-linux-x64/bundled/libs/debugpy', 'VSCODE_PYTHON_AUTOACTIVATE_GUARD': '1', 'DBUS_SESSION_BUS_ADDRESS': 'unix:path=/run/user/1000/bus', 'COLORTERM': 'truecolor', 'GIO_LAUNCHED_DESKTOP_FILE_PID': '364490', 'COLCON_PREFIX_PATH': '/home/abc/planning_with_ros2/install:/home/abc/perception_with_ros2/install', 'ROS_DISTRO': 'humble', 'GTK_IM_MODULE': 'ibus', 'LOGNAME': 'abc', 'JOURNAL_STREAM': '8:6989', '_': '/usr/bin/colcon', 'ROS_VERSION': '2', 'XDG_SESSION_CLASS': 'user', 'USERNAME': 'abc', 'TERM': 'xterm-256color', 'GNOME_DESKTOP_SESSION_ID': 'this-is-deprecated', 'ROS2_PLANNING_COURSE_INSTALL': '/home/abc/planning_with_ros2/install', 'FC_FONTATIONS': '1', 'ROS_LOCALHOST_ONLY': '0', 'WINDOWPATH': '2', 'PATH': '/usr/local/cuda-11.8/bin:/home/abc/.config/Code/User/globalStorage/github.copilot-chat/debugCommand:/home/abc/.config/Code/User/globalStorage/github.copilot-chat/copilotCli:/usr/local/cuda-11.8/bin:/opt/ros/humble/bin:/usr/local/sbin:/usr/local/bin:/usr/sbin:/usr/bin:/sbin:/bin:/usr/games:/usr/local/games:/snap/bin:/snap/bin:/home/abc/.vscode/extensions/ms-python.debugpy-2025.18.0-linux-x64/bundled/scripts/noConfigScripts', 'SESSION_MANAGER': 'local/abc-G3-3500:@/tmp/.ICE-unix/1554,unix/abc-G3-3500:/tmp/.ICE-unix/1554', 'INVOCATION_ID': 'f3a9f1252eb845459ae16b5ad8fdee6d', 'PAPERSIZE': 'a4', 'XDG_MENU_PREFIX': 'gnome-', 'LC_ADDRESS': 'zh_CN.UTF-8', 'XDG_RUNTIME_DIR': '/run/user/1000', 'GDK_BACKEND': 'x11', 'DISPLAY': ':0', 'VSCODE_DEBUGPY_ADAPTER_ENDPOINTS': '/home/abc/.vscode/extensions/ms-python.debugpy-2025.18.0-linux-x64/.noConfigDebugAdapterEndpoints/endpoint-73f3b4a0a422bf73.txt', 'LANG': 'en_US.UTF-8', 'XDG_CURRENT_DESKTOP': 'ubuntu:GNOME', 'PYTHONSTARTUP': '/home/abc/.config/Code/User/workspaceStorage/4efd6db52f1c03b4cb1fb614d5084a17/ms-python.python/pythonrc.py', 'LC_TELEPHONE': 'zh_CN.UTF-8', 'XMODIFIERS': '@im=ibus', 'XDG_SESSION_DESKTOP': 'ubuntu', 'XAUTHORITY': '/run/user/1000/gdm/Xauthority', 'LS_COLORS': 'rs=0:di=01;34:ln=01;36:mh=00:pi=40;33:so=01;35:do=01;35:bd=40;33;01:cd=40;33;01:or=40;31;01:mi=00:su=37;41:sg=30;43:ca=30;41:tw=30;42:ow=34;42:st=37;44:ex=01;32:*.tar=01;31:*.tgz=01;31:*.arc=01;31:*.arj=01;31:*.taz=01;31:*.lha=01;31:*.lz4=01;31:*.lzh=01;31:*.lzma=01;31:*.tlz=01;31:*.txz=01;31:*.tzo=01;31:*.t7z=01;31:*.zip=01;31:*.z=01;31:*.dz=01;31:*.gz=01;31:*.lrz=01;31:*.lz=01;31:*.lzo=01;31:*.xz=01;31:*.zst=01;31:*.tzst=01;31:*.bz2=01;31:*.bz=01;31:*.tbz=01;31:*.tbz2=01;31:*.tz=01;31:*.deb=01;31:*.rpm=01;31:*.jar=01;31:*.war=01;31:*.ear=01;31:*.sar=01;31:*.rar=01;31:*.alz=01;31:*.ace=01;31:*.zoo=01;31:*.cpio=01;31:*.7z=01;31:*.rz=01;31:*.cab=01;31:*.wim=01;31:*.swm=01;31:*.dwm=01;31:*.esd=01;31:*.jpg=01;35:*.jpeg=01;35:*.mjpg=01;35:*.mjpeg=01;35:*.gif=01;35:*.bmp=01;35:*.pbm=01;35:*.pgm=01;35:*.ppm=01;35:*.tga=01;35:*.xbm=01;35:*.xpm=01;35:*.tif=01;35:*.tiff=01;35:*.png=01;35:*.svg=01;35:*.svgz=01;35:*.mng=01;35:*.pcx=01;35:*.mov=01;35:*.mpg=01;35:*.mpeg=01;35:*.m2v=01;35:*.mkv=01;35:*.webm=01;35:*.webp=01;35:*.ogm=01;35:*.mp4=01;35:*.m4v=01;35:*.mp4v=01;35:*.vob=01;35:*.qt=01;35:*.nuv=01;35:*.wmv=01;35:*.asf=01;35:*.rm=01;35:*.rmvb=01;35:*.flc=01;35:*.avi=01;35:*.fli=01;35:*.flv=01;35:*.gl=01;35:*.dl=01;35:*.xcf=01;35:*.xwd=01;35:*.yuv=01;35:*.cgm=01;35:*.emf=01;35:*.ogv=01;35:*.ogx=01;35:*.aac=00;36:*.au=00;36:*.flac=00;36:*.m4a=00;36:*.mid=00;36:*.midi=00;36:*.mka=00;36:*.mp3=00;36:*.mpc=00;36:*.ogg=00;36:*.ra=00;36:*.wav=00;36:*.oga=00;36:*.opus=00;36:*.spx=00;36:*.xspf=00;36:', 'VSCODE_GIT_IPC_HANDLE': '/run/user/1000/vscode-git-c59a044dc2.sock', 'TERM_PROGRAM': 'vscode', 'SSH_AGENT_LAUNCHER': 'gnome-keyring', 'SSH_AUTH_SOCK': '/run/user/1000/keyring/ssh', 'ROS_DOMAIN_ID': '2', 'AMENT_PREFIX_PATH': '/home/abc/planning_with_ros2/install/planning:/home/abc/planning_with_ros2/install/data_plot:/home/abc/planning_with_ros2/install/base_msgs:/home/abc/perception_with_ros2/install/perception:/home/abc/perception_with_ros2/install/data_plot_per:/home/abc/perception_with_ros2/install/base_msgs_per:/opt/ros/humble', 'SHELL': '/bin/bash', 'LC_NAME': 'zh_CN.UTF-8', 'QT_ACCESSIBILITY': '1', 'GDMSESSION': 'ubuntu', 'LESSCLOSE': '/usr/bin/lesspipe %s %s', 'LC_MEASUREMENT': 'zh_CN.UTF-8', 'GPG_AGENT_INFO': '/run/user/1000/gnupg/S.gpg-agent:0:1', 'GJS_DEBUG_OUTPUT': 'stderr', 'LC_IDENTIFICATION': 'zh_CN.UTF-8', 'VSCODE_GIT_ASKPASS_EXTRA_ARGS': '', 'QT_IM_MODULE': 'ibus', 'PWD': '/home/abc/planning_with_ros2/build/data_plot', 'LC_ALL': 'en_US.UTF-8', 'XDG_CONFIG_DIRS': '/etc/xdg/xdg-ubuntu:/etc/xdg', 'XDG_DATA_DIRS': '/usr/share/ubuntu:/usr/share/gnome:/usr/local/share/:/usr/share/:/var/lib/snapd/desktop', 'PYTHONPATH': '/home/abc/planning_with_ros2/build/data_plot/prefix_override:/usr/lib/python3/dist-packages/colcon_core/task/python/colcon_distutils_commands:/home/abc/planning_with_ros2/install/data_plot/lib/python3.10/site-packages:/home/abc/planning_with_ros2/install/data_plot/lib/python3.10/site-packages:/home/abc/planning_with_ros2/install/base_msgs/local/lib/python3.10/dist-packages:/home/abc/perception_with_ros2/install/data_plot_per/lib/python3.10/site-packages:/home/abc/perception_with_ros2/install/base_msgs_per/local/lib/python3.10/dist-packages:/opt/ros/humble/lib/python3.10/site-packages:/opt/ros/humble/local/lib/python3.10/dist-packages', 'LC_NUMERIC': 'zh_CN.UTF-8', 'LC_PAPER': 'zh_CN.UTF-8', 'COLCON': '1', 'CMAKE_PREFIX_PATH': '/home/abc/planning_with_ros2/install/base_msgs:/home/abc/planning_with_ros2/install/planning:/home/abc/perception_with_ros2/install/perception:/home/abc/perception_with_ros2/install/base_msgs_per'}, 'shell': False}
[14.438631] (-) TimerEvent: {}
[14.441585] (planning) StdoutLine: {'line': b'-- Found Python3: /usr/bin/python3 (found version "3.10.12") found components: Interpreter\n'}
[14.534624] (planning) StdoutLine: {'line': b'-- Found rclcpp: 16.0.18 (/opt/ros/humble/share/rclcpp/cmake)\n'}
[14.538694] (-) TimerEvent: {}
[14.587253] (planning) StdoutLine: {'line': b'-- Found rosidl_generator_c: 3.1.8 (/opt/ros/humble/share/rosidl_generator_c/cmake)\n'}
[14.593107] (planning) StdoutLine: {'line': b'-- Found rosidl_adapter: 3.1.8 (/opt/ros/humble/share/rosidl_adapter/cmake)\n'}
[14.603615] (planning) StdoutLine: {'line': b'-- Found rosidl_generator_cpp: 3.1.8 (/opt/ros/humble/share/rosidl_generator_cpp/cmake)\n'}
[14.619740] (planning) StdoutLine: {'line': b'-- Using all available rosidl_typesupport_c: rosidl_typesupport_fastrtps_c;rosidl_typesupport_introspection_c\n'}
[14.638783] (-) TimerEvent: {}
[14.641314] (planning) StdoutLine: {'line': b'-- Using all available rosidl_typesupport_cpp: rosidl_typesupport_fastrtps_cpp;rosidl_typesupport_introspection_cpp\n'}
[14.657624] (data_plot) StdoutLine: {'line': b'running egg_info\n'}
[14.658274] (data_plot) StdoutLine: {'line': b'creating ../../build/data_plot/data_plot.egg-info\n'}
[14.658486] (data_plot) StdoutLine: {'line': b'writing ../../build/data_plot/data_plot.egg-info/PKG-INFO\n'}
[14.658704] (data_plot) StdoutLine: {'line': b'writing dependency_links to ../../build/data_plot/data_plot.egg-info/dependency_links.txt\n'}
[14.658820] (data_plot) StdoutLine: {'line': b'writing entry points to ../../build/data_plot/data_plot.egg-info/entry_points.txt\n'}
[14.658912] (data_plot) StdoutLine: {'line': b'writing requirements to ../../build/data_plot/data_plot.egg-info/requires.txt\n'}
[14.659017] (data_plot) StdoutLine: {'line': b'writing top-level names to ../../build/data_plot/data_plot.egg-info/top_level.txt\n'}
[14.659186] (data_plot) StdoutLine: {'line': b"writing manifest file '../../build/data_plot/data_plot.egg-info/SOURCES.txt'\n"}
[14.661375] (data_plot) StdoutLine: {'line': b"reading manifest file '../../build/data_plot/data_plot.egg-info/SOURCES.txt'\n"}
[14.662401] (data_plot) StdoutLine: {'line': b"writing manifest file '../../build/data_plot/data_plot.egg-info/SOURCES.txt'\n"}
[14.662503] (data_plot) StdoutLine: {'line': b'running build\n'}
[14.662589] (data_plot) StdoutLine: {'line': b'running build_py\n'}
[14.662723] (data_plot) StdoutLine: {'line': b'creating /home/abc/planning_with_ros2/build/data_plot/build\n'}
[14.662804] (data_plot) StdoutLine: {'line': b'creating /home/abc/planning_with_ros2/build/data_plot/build/lib\n'}
[14.662890] (data_plot) StdoutLine: {'line': b'creating /home/abc/planning_with_ros2/build/data_plot/build/lib/data_plot\n'}
[14.662991] (data_plot) StdoutLine: {'line': b'copying data_plot/__init__.py -> /home/abc/planning_with_ros2/build/data_plot/build/lib/data_plot\n'}
[14.663090] (data_plot) StdoutLine: {'line': b'copying data_plot/data_plot.py -> /home/abc/planning_with_ros2/build/data_plot/build/lib/data_plot\n'}
[14.663312] (data_plot) StdoutLine: {'line': b'running install\n'}
[14.663793] (data_plot) StdoutLine: {'line': b'running install_lib\n'}
[14.665875] (data_plot) StdoutLine: {'line': b'creating /home/abc/planning_with_ros2/install/data_plot/lib/python3.10/site-packages/data_plot\n'}
[14.666100] (data_plot) StdoutLine: {'line': b'copying /home/abc/planning_with_ros2/build/data_plot/build/lib/data_plot/__init__.py -> /home/abc/planning_with_ros2/install/data_plot/lib/python3.10/site-packages/data_plot\n'}
[14.666229] (data_plot) StdoutLine: {'line': b'copying /home/abc/planning_with_ros2/build/data_plot/build/lib/data_plot/data_plot.py -> /home/abc/planning_with_ros2/install/data_plot/lib/python3.10/site-packages/data_plot\n'}
[14.666555] (data_plot) StdoutLine: {'line': b'byte-compiling /home/abc/planning_with_ros2/install/data_plot/lib/python3.10/site-packages/data_plot/__init__.py to __init__.cpython-310.pyc\n'}
[14.666751] (data_plot) StdoutLine: {'line': b'byte-compiling /home/abc/planning_with_ros2/install/data_plot/lib/python3.10/site-packages/data_plot/data_plot.py to data_plot.cpython-310.pyc\n'}
[14.667781] (data_plot) StdoutLine: {'line': b'running install_data\n'}
[14.667955] (data_plot) StdoutLine: {'line': b'creating /home/abc/planning_with_ros2/install/data_plot/share/ament_index\n'}
[14.668084] (data_plot) StdoutLine: {'line': b'creating /home/abc/planning_with_ros2/install/data_plot/share/ament_index/resource_index\n'}
[14.668186] (data_plot) StdoutLine: {'line': b'creating /home/abc/planning_with_ros2/install/data_plot/share/ament_index/resource_index/packages\n'}
[14.668287] (data_plot) StdoutLine: {'line': b'copying resource/data_plot -> /home/abc/planning_with_ros2/install/data_plot/share/ament_index/resource_index/packages\n'}
[14.668669] (data_plot) StdoutLine: {'line': b'copying package.xml -> /home/abc/planning_with_ros2/install/data_plot/share/data_plot\n'}
[14.668819] (data_plot) StdoutLine: {'line': b'running install_egg_info\n'}
[14.670321] (data_plot) StdoutLine: {'line': b'Copying ../../build/data_plot/data_plot.egg-info to /home/abc/planning_with_ros2/install/data_plot/lib/python3.10/site-packages/data_plot-0.0.0-py3.10.egg-info\n'}
[14.670991] (data_plot) StdoutLine: {'line': b'running install_scripts\n'}
[14.689892] (data_plot) StdoutLine: {'line': b'Installing data_plot script to /home/abc/planning_with_ros2/install/data_plot/lib/data_plot\n'}
[14.690176] (data_plot) StdoutLine: {'line': b"writing list of installed files to '/home/abc/planning_with_ros2/build/data_plot/install.log'\n"}
[14.705624] (planning) StdoutLine: {'line': b'-- Found rmw_implementation_cmake: 6.1.2 (/opt/ros/humble/share/rmw_implementation_cmake/cmake)\n'}
[14.709318] (planning) StdoutLine: {'line': b'-- Found rmw_fastrtps_cpp: 6.2.10 (/opt/ros/humble/share/rmw_fastrtps_cpp/cmake)\n'}
[14.715212] (data_plot) CommandEnded: {'returncode': 0}
[14.721252] (data_plot) JobEnded: {'identifier': 'data_plot', 'rc': 0}
[14.738889] (-) TimerEvent: {}
[14.799780] (planning) StdoutLine: {'line': b'-- Found OpenSSL: /usr/lib/x86_64-linux-gnu/libcrypto.so (found version "3.0.2")\n'}
[14.838976] (-) TimerEvent: {}
[14.843739] (planning) StdoutLine: {'line': b'-- Found FastRTPS: /opt/ros/humble/include\n'}
[14.893620] (planning) StdoutLine: {'line': b"-- Using RMW implementation 'rmw_fastrtps_cpp' as default\n"}
[14.909345] (planning) StdoutLine: {'line': b'-- Performing Test CMAKE_HAVE_LIBC_PTHREAD\n'}
[14.939070] (-) TimerEvent: {}
[14.964464] (planning) StdoutLine: {'line': b'-- Performing Test CMAKE_HAVE_LIBC_PTHREAD - Success\n'}
[14.965783] (planning) StdoutLine: {'line': b'-- Found Threads: TRUE\n'}
[15.039166] (-) TimerEvent: {}
[15.048979] (planning) StdoutLine: {'line': b'-- Found tf2: 0.25.19 (/opt/ros/humble/share/tf2/cmake)\n'}
[15.087871] (planning) StdoutLine: {'line': b'-- Found tf2_ros: 0.25.19 (/opt/ros/humble/share/tf2_ros/cmake)\n'}
[15.139263] (-) TimerEvent: {}
[15.225895] (planning) StdoutLine: {'line': b'-- Found nav_msgs: 4.9.1 (/opt/ros/humble/share/nav_msgs/cmake)\n'}
[15.239349] (-) TimerEvent: {}
[15.254849] (planning) StdoutLine: {'line': b'-- Found visualization_msgs: 4.9.1 (/opt/ros/humble/share/visualization_msgs/cmake)\n'}
[15.321179] (planning) StdoutLine: {'line': b'-- Found base_msgs: 0.0.0 (/home/abc/planning_with_ros2/install/base_msgs/share/base_msgs/cmake)\n'}
[15.339459] (-) TimerEvent: {}
[15.431794] (planning) StdoutLine: {'line': b'-- Found ament_lint_auto: 0.12.15 (/opt/ros/humble/share/ament_lint_auto/cmake)\n'}
[15.439549] (-) TimerEvent: {}
[15.513736] (planning) StdoutLine: {'line': b"-- Added test 'cppcheck' to perform static code analysis on C / C++ code\n"}
[15.515179] (planning) StdoutLine: {'line': b'-- Configured cppcheck include dirs: /home/abc/planning_with_ros2/src/planning/src/common/config_reader;/home/abc/planning_with_ros2/src/planning/src/common/math;/home/abc/planning_with_ros2/src/planning/src/decision_center;/home/abc/planning_with_ros2/src/planning/src/pnc_map_creator;/home/abc/planning_with_ros2/src/planning/src/pnc_map_creator/pnc_map_straight;/home/abc/planning_with_ros2/src/planning/src/pnc_map_creator/pnc_map_sturn;/home/abc/planning_with_ros2/src/planning/src/global_planner;/home/abc/planning_with_ros2/src/planning/src/global_planner/global_planner_normal;/home/abc/planning_with_ros2/src/planning/src/local_planner;/home/abc/planning_with_ros2/src/planning/src/local_planner/local_path;/home/abc/planning_with_ros2/src/planning/src/local_planner/local_speeds;/home/abc/planning_with_ros2/src/planning/src/reference_line;/home/abc/planning_with_ros2/src/planning/src/test/osqp_test;/home/abc/planning_with_ros2/src/planning/src/vehicle_info;/home/abc/planning_with_ros2/src/planning/src/vehicle_info/main_car;/home/abc/planning_with_ros2/src/planning/src/vehicle_info/obs_car;/home/abc/planning_with_ros2/src/planning/src/planning_process;/home/abc/planning_with_ros2/src/planning/src/move_cmd\n'}
[15.515348] (planning) StdoutLine: {'line': b'-- Configured cppcheck exclude dirs and/or files: \n'}
[15.516408] (planning) StdoutLine: {'line': b"-- Added test 'flake8' to check Python code syntax and style conventions\n"}
[15.517911] (planning) StdoutLine: {'line': b"-- Added test 'lint_cmake' to check CMake code style\n"}
[15.518948] (planning) StdoutLine: {'line': b"-- Added test 'pep257' to check Python code against some of the docstring style conventions in PEP 257\n"}
[15.522877] (planning) StdoutLine: {'line': b"-- Added test 'uncrustify' to check C / C++ code style\n"}
[15.523028] (planning) StdoutLine: {'line': b'-- Configured uncrustify additional arguments: \n'}
[15.523990] (planning) StdoutLine: {'line': b"-- Added test 'xmllint' to check XML markup files\n"}
[15.526113] (planning) StdoutLine: {'line': b'-- Configuring done (1.5s)\n'}
[15.539650] (-) TimerEvent: {}
[15.628571] (planning) StdoutLine: {'line': b'-- Generating done (0.1s)\n'}
[15.639768] (-) TimerEvent: {}
[15.655997] (planning) StdoutLine: {'line': b'-- Build files have been written to: /home/abc/planning_with_ros2/build/planning\n'}
[15.674036] (planning) CommandEnded: {'returncode': 0}
[15.674674] (planning) JobProgress: {'identifier': 'planning', 'progress': 'build'}
[15.675069] (planning) Command: {'cmd': ['/usr/local/bin/cmake', '--build', '/home/abc/planning_with_ros2/build/planning', '--', '-j12', '-l12'], 'cwd': '/home/abc/planning_with_ros2/build/planning', 'env': OrderedDict([('GJS_DEBUG_TOPICS', 'JS ERROR;JS LOG'), ('PYTHON_BASIC_REPL', '1'), ('LESSOPEN', '| /usr/bin/lesspipe %s'), ('LANGUAGE', 'en_US:en'), ('TENSORRT_DIR', '/home/abc/TensorRT-8.6'), ('USER', 'abc'), ('LC_TIME', 'zh_CN.UTF-8'), ('XDG_SESSION_TYPE', 'x11'), ('GIT_ASKPASS', '/usr/share/code/resources/app/extensions/git/dist/askpass.sh'), ('SHLVL', '1'), ('LD_LIBRARY_PATH', '/home/abc/planning_with_ros2/install/base_msgs/lib:/usr/local/cuda-11.8/lib64:/home/abc/planning_with_ros2/install/planning/lib:/usr/local/cuda-11.8/lib64:/home/abc/planning_with_ros2/install/planning/lib:/home/abc/planning_with_ros2/install/planning/lib:/home/abc/perception_with_ros2/install/perception/lib:/home/abc/perception_with_ros2/install/base_msgs_per/lib:/usr/lib/x86_64-linux-gnu/gazebo-11/plugins:/opt/ros/humble/opt/rviz_ogre_vendor/lib:/opt/ros/humble/lib/x86_64-linux-gnu:/opt/ros/humble/lib:/home/abc/TensorRT-8.6/lib:/home/abc/TensorRT-8.6/lib'), ('HOME', '/home/abc'), ('CHROME_DESKTOP', 'code.desktop'), ('TERM_PROGRAM_VERSION', '1.109.5'), ('DESKTOP_SESSION', 'ubuntu'), ('GIO_LAUNCHED_DESKTOP_FILE', '/usr/share/applications/code.desktop'), ('ROS_PYTHON_VERSION', '3'), ('GNOME_SHELL_SESSION_MODE', 'ubuntu'), ('GTK_MODULES', 'gail:atk-bridge'), ('VSCODE_GIT_ASKPASS_MAIN', '/usr/share/code/resources/app/extensions/git/dist/askpass-main.js'), ('LC_MONETARY', 'zh_CN.UTF-8'), ('VSCODE_GIT_ASKPASS_NODE', '/usr/share/code/code'), ('MANAGERPID', '1130'), ('PYDEVD_DISABLE_FILE_VALIDATION', '1'), ('SYSTEMD_EXEC_PID', '1595'), ('BUNDLED_DEBUGPY_PATH', '/home/abc/.vscode/extensions/ms-python.debugpy-2025.18.0-linux-x64/bundled/libs/debugpy'), ('VSCODE_PYTHON_AUTOACTIVATE_GUARD', '1'), ('DBUS_SESSION_BUS_ADDRESS', 'unix:path=/run/user/1000/bus'), ('COLORTERM', 'truecolor'), ('GIO_LAUNCHED_DESKTOP_FILE_PID', '364490'), ('COLCON_PREFIX_PATH', '/home/abc/planning_with_ros2/install:/home/abc/perception_with_ros2/install'), ('ROS_DISTRO', 'humble'), ('GTK_IM_MODULE', 'ibus'), ('LOGNAME', 'abc'), ('JOURNAL_STREAM', '8:6989'), ('_', '/usr/bin/colcon'), ('ROS_VERSION', '2'), ('XDG_SESSION_CLASS', 'user'), ('USERNAME', 'abc'), ('TERM', 'xterm-256color'), ('GNOME_DESKTOP_SESSION_ID', 'this-is-deprecated'), ('ROS2_PLANNING_COURSE_INSTALL', '/home/abc/planning_with_ros2/install'), ('FC_FONTATIONS', '1'), ('ROS_LOCALHOST_ONLY', '0'), ('WINDOWPATH', '2'), ('PATH', '/usr/local/cuda-11.8/bin:/home/abc/.config/Code/User/globalStorage/github.copilot-chat/debugCommand:/home/abc/.config/Code/User/globalStorage/github.copilot-chat/copilotCli:/usr/local/cuda-11.8/bin:/opt/ros/humble/bin:/usr/local/sbin:/usr/local/bin:/usr/sbin:/usr/bin:/sbin:/bin:/usr/games:/usr/local/games:/snap/bin:/snap/bin:/home/abc/.vscode/extensions/ms-python.debugpy-2025.18.0-linux-x64/bundled/scripts/noConfigScripts'), ('SESSION_MANAGER', 'local/abc-G3-3500:@/tmp/.ICE-unix/1554,unix/abc-G3-3500:/tmp/.ICE-unix/1554'), ('INVOCATION_ID', 'f3a9f1252eb845459ae16b5ad8fdee6d'), ('PAPERSIZE', 'a4'), ('XDG_MENU_PREFIX', 'gnome-'), ('LC_ADDRESS', 'zh_CN.UTF-8'), ('XDG_RUNTIME_DIR', '/run/user/1000'), ('GDK_BACKEND', 'x11'), ('DISPLAY', ':0'), ('VSCODE_DEBUGPY_ADAPTER_ENDPOINTS', '/home/abc/.vscode/extensions/ms-python.debugpy-2025.18.0-linux-x64/.noConfigDebugAdapterEndpoints/endpoint-73f3b4a0a422bf73.txt'), ('LANG', 'en_US.UTF-8'), ('XDG_CURRENT_DESKTOP', 'ubuntu:GNOME'), ('PYTHONSTARTUP', '/home/abc/.config/Code/User/workspaceStorage/4efd6db52f1c03b4cb1fb614d5084a17/ms-python.python/pythonrc.py'), ('LC_TELEPHONE', 'zh_CN.UTF-8'), ('XMODIFIERS', '@im=ibus'), ('XDG_SESSION_DESKTOP', 'ubuntu'), ('XAUTHORITY', '/run/user/1000/gdm/Xauthority'), ('LS_COLORS', 'rs=0:di=01;34:ln=01;36:mh=00:pi=40;33:so=01;35:do=01;35:bd=40;33;01:cd=40;33;01:or=40;31;01:mi=00:su=37;41:sg=30;43:ca=30;41:tw=30;42:ow=34;42:st=37;44:ex=01;32:*.tar=01;31:*.tgz=01;31:*.arc=01;31:*.arj=01;31:*.taz=01;31:*.lha=01;31:*.lz4=01;31:*.lzh=01;31:*.lzma=01;31:*.tlz=01;31:*.txz=01;31:*.tzo=01;31:*.t7z=01;31:*.zip=01;31:*.z=01;31:*.dz=01;31:*.gz=01;31:*.lrz=01;31:*.lz=01;31:*.lzo=01;31:*.xz=01;31:*.zst=01;31:*.tzst=01;31:*.bz2=01;31:*.bz=01;31:*.tbz=01;31:*.tbz2=01;31:*.tz=01;31:*.deb=01;31:*.rpm=01;31:*.jar=01;31:*.war=01;31:*.ear=01;31:*.sar=01;31:*.rar=01;31:*.alz=01;31:*.ace=01;31:*.zoo=01;31:*.cpio=01;31:*.7z=01;31:*.rz=01;31:*.cab=01;31:*.wim=01;31:*.swm=01;31:*.dwm=01;31:*.esd=01;31:*.jpg=01;35:*.jpeg=01;35:*.mjpg=01;35:*.mjpeg=01;35:*.gif=01;35:*.bmp=01;35:*.pbm=01;35:*.pgm=01;35:*.ppm=01;35:*.tga=01;35:*.xbm=01;35:*.xpm=01;35:*.tif=01;35:*.tiff=01;35:*.png=01;35:*.svg=01;35:*.svgz=01;35:*.mng=01;35:*.pcx=01;35:*.mov=01;35:*.mpg=01;35:*.mpeg=01;35:*.m2v=01;35:*.mkv=01;35:*.webm=01;35:*.webp=01;35:*.ogm=01;35:*.mp4=01;35:*.m4v=01;35:*.mp4v=01;35:*.vob=01;35:*.qt=01;35:*.nuv=01;35:*.wmv=01;35:*.asf=01;35:*.rm=01;35:*.rmvb=01;35:*.flc=01;35:*.avi=01;35:*.fli=01;35:*.flv=01;35:*.gl=01;35:*.dl=01;35:*.xcf=01;35:*.xwd=01;35:*.yuv=01;35:*.cgm=01;35:*.emf=01;35:*.ogv=01;35:*.ogx=01;35:*.aac=00;36:*.au=00;36:*.flac=00;36:*.m4a=00;36:*.mid=00;36:*.midi=00;36:*.mka=00;36:*.mp3=00;36:*.mpc=00;36:*.ogg=00;36:*.ra=00;36:*.wav=00;36:*.oga=00;36:*.opus=00;36:*.spx=00;36:*.xspf=00;36:'), ('VSCODE_GIT_IPC_HANDLE', '/run/user/1000/vscode-git-c59a044dc2.sock'), ('TERM_PROGRAM', 'vscode'), ('SSH_AGENT_LAUNCHER', 'gnome-keyring'), ('SSH_AUTH_SOCK', '/run/user/1000/keyring/ssh'), ('ROS_DOMAIN_ID', '2'), ('AMENT_PREFIX_PATH', '/home/abc/planning_with_ros2/install/planning:/home/abc/planning_with_ros2/install/data_plot:/home/abc/planning_with_ros2/install/base_msgs:/home/abc/perception_with_ros2/install/perception:/home/abc/perception_with_ros2/install/data_plot_per:/home/abc/perception_with_ros2/install/base_msgs_per:/opt/ros/humble'), ('SHELL', '/bin/bash'), ('LC_NAME', 'zh_CN.UTF-8'), ('QT_ACCESSIBILITY', '1'), ('GDMSESSION', 'ubuntu'), ('LESSCLOSE', '/usr/bin/lesspipe %s %s'), ('LC_MEASUREMENT', 'zh_CN.UTF-8'), ('GPG_AGENT_INFO', '/run/user/1000/gnupg/S.gpg-agent:0:1'), ('GJS_DEBUG_OUTPUT', 'stderr'), ('LC_IDENTIFICATION', 'zh_CN.UTF-8'), ('VSCODE_GIT_ASKPASS_EXTRA_ARGS', ''), ('QT_IM_MODULE', 'ibus'), ('PWD', '/home/abc/planning_with_ros2/build/planning'), ('LC_ALL', 'en_US.UTF-8'), ('XDG_CONFIG_DIRS', '/etc/xdg/xdg-ubuntu:/etc/xdg'), ('XDG_DATA_DIRS', '/usr/share/ubuntu:/usr/share/gnome:/usr/local/share/:/usr/share/:/var/lib/snapd/desktop'), ('PYTHONPATH', '/home/abc/planning_with_ros2/install/data_plot/lib/python3.10/site-packages:/home/abc/planning_with_ros2/install/base_msgs/local/lib/python3.10/dist-packages:/home/abc/perception_with_ros2/install/data_plot_per/lib/python3.10/site-packages:/home/abc/perception_with_ros2/install/base_msgs_per/local/lib/python3.10/dist-packages:/opt/ros/humble/lib/python3.10/site-packages:/opt/ros/humble/local/lib/python3.10/dist-packages'), ('LC_NUMERIC', 'zh_CN.UTF-8'), ('LC_PAPER', 'zh_CN.UTF-8'), ('COLCON', '1'), ('CMAKE_PREFIX_PATH', '/home/abc/planning_with_ros2/install/base_msgs:/home/abc/planning_with_ros2/install/planning:/home/abc/perception_with_ros2/install/perception:/home/abc/perception_with_ros2/install/base_msgs_per:/home/abc/planning_with_ros2/install/data_plot:/home/abc/perception_with_ros2/install/data_plot_per:/opt/ros/humble')]), 'shell': False}
[15.696001] (planning) StdoutLine: {'line': b'[  2%] \x1b[32mBuilding CXX object src/common/CMakeFiles/config_reader.dir/config_reader/config_reader.cpp.o\x1b[0m\n'}
[15.696318] (planning) StdoutLine: {'line': b'[  7%] \x1b[32mBuilding CXX object src/common/CMakeFiles/mathlibs.dir/math/curve.cpp.o\x1b[0m\n'}
[15.696437] (planning) StdoutLine: {'line': b'[  7%] \x1b[32mBuilding CXX object src/test/CMakeFiles/newton_test.dir/newton_test/newton_test.cpp.o\x1b[0m\n'}
[15.696531] (planning) StdoutLine: {'line': b'[ 10%] \x1b[32mBuilding CXX object src/test/CMakeFiles/osqp_test.dir/osqp_test/osqp_test.cpp.o\x1b[0m\n'}
[15.696947] (planning) StdoutLine: {'line': b'[ 12%] \x1b[32mBuilding CXX object src/common/CMakeFiles/mathlibs.dir/math/polynomial_curve.cpp.o\x1b[0m\n'}
[15.739895] (-) TimerEvent: {}
[15.840244] (-) TimerEvent: {}
[15.941157] (-) TimerEvent: {}
[16.043194] (-) TimerEvent: {}
[16.143519] (-) TimerEvent: {}
[16.243856] (-) TimerEvent: {}
[16.344203] (-) TimerEvent: {}
[16.444505] (-) TimerEvent: {}
[16.544763] (-) TimerEvent: {}
[16.645011] (-) TimerEvent: {}
[16.745297] (-) TimerEvent: {}
[16.845602] (-) TimerEvent: {}
[16.945874] (-) TimerEvent: {}
[17.046194] (-) TimerEvent: {}
[17.146518] (-) TimerEvent: {}
[17.246775] (-) TimerEvent: {}
[17.347032] (-) TimerEvent: {}
[17.447285] (-) TimerEvent: {}
[17.547536] (-) TimerEvent: {}
[17.647781] (-) TimerEvent: {}
[17.748043] (-) TimerEvent: {}
[17.848313] (-) TimerEvent: {}
[17.948642] (-) TimerEvent: {}
[18.048967] (-) TimerEvent: {}
[18.149284] (-) TimerEvent: {}
[18.249609] (-) TimerEvent: {}
[18.349901] (-) TimerEvent: {}
[18.450213] (-) TimerEvent: {}
[18.550529] (-) TimerEvent: {}
[18.650864] (-) TimerEvent: {}
[18.751077] (-) TimerEvent: {}
[18.851335] (-) TimerEvent: {}
[18.951633] (-) TimerEvent: {}
[19.051878] (-) TimerEvent: {}
[19.152178] (-) TimerEvent: {}
[19.252416] (-) TimerEvent: {}
[19.352670] (-) TimerEvent: {}
[19.452921] (-) TimerEvent: {}
[19.553185] (-) TimerEvent: {}
[19.653421] (-) TimerEvent: {}
[19.753689] (-) TimerEvent: {}
[19.854013] (-) TimerEvent: {}
[19.954336] (-) TimerEvent: {}
[20.054651] (-) TimerEvent: {}
[20.106475] (planning) StdoutLine: {'line': b'[ 15%] \x1b[32m\x1b[1mLinking CXX executable newton_test\x1b[0m\n'}
[20.154772] (-) TimerEvent: {}
[20.228139] (planning) StdoutLine: {'line': b'[ 15%] Built target newton_test\n'}
[20.231826] (planning) StdoutLine: {'line': b'[ 17%] \x1b[32m\x1b[1mLinking CXX shared library libconfig_reader.so\x1b[0m\n'}
[20.254871] (-) TimerEvent: {}
[20.355204] (-) TimerEvent: {}
[20.398517] (planning) StdoutLine: {'line': b'[ 17%] Built target config_reader\n'}
[20.410264] (planning) StdoutLine: {'line': b'[ 20%] \x1b[32mBuilding CXX object src/pnc_map_creator/CMakeFiles/pnc_map_creator.dir/pnc_map_straight/pnc_map_creator_straight.cpp.o\x1b[0m\n'}
[20.410593] (planning) StdoutLine: {'line': b'[ 23%] \x1b[32mBuilding CXX object src/pnc_map_creator/CMakeFiles/pnc_map_creator.dir/pnc_map_sturn/pnc_map_creator_sturn.cpp.o\x1b[0m\n'}
[20.411055] (planning) StdoutLine: {'line': b'[ 25%] \x1b[32mBuilding CXX object src/global_planner/CMakeFiles/global_planner.dir/global_planner_normal/global_planner_normal.cpp.o\x1b[0m\n'}
[20.455336] (-) TimerEvent: {}
[20.555598] (-) TimerEvent: {}
[20.560264] (planning) StdoutLine: {'line': b'[ 28%] \x1b[32m\x1b[1mLinking CXX executable osqp_test\x1b[0m\n'}
[20.655693] (-) TimerEvent: {}
[20.682975] (planning) StdoutLine: {'line': b'[ 28%] Built target osqp_test\n'}
[20.755805] (-) TimerEvent: {}
[20.856085] (-) TimerEvent: {}
[20.957185] (-) TimerEvent: {}
[21.057516] (-) TimerEvent: {}
[21.157852] (-) TimerEvent: {}
[21.258209] (-) TimerEvent: {}
[21.358536] (-) TimerEvent: {}
[21.458866] (-) TimerEvent: {}
[21.559204] (-) TimerEvent: {}
[21.659531] (-) TimerEvent: {}
[21.759851] (-) TimerEvent: {}
[21.860084] (-) TimerEvent: {}
[21.960392] (-) TimerEvent: {}
[22.060701] (-) TimerEvent: {}
[22.161055] (-) TimerEvent: {}
[22.261396] (-) TimerEvent: {}
[22.361741] (-) TimerEvent: {}
[22.462094] (-) TimerEvent: {}
[22.562438] (-) TimerEvent: {}
[22.662792] (-) TimerEvent: {}
[22.763092] (-) TimerEvent: {}
[22.863447] (-) TimerEvent: {}
[22.963801] (-) TimerEvent: {}
[23.064192] (-) TimerEvent: {}
[23.164608] (-) TimerEvent: {}
[23.264994] (-) TimerEvent: {}
[23.365382] (-) TimerEvent: {}
[23.465769] (-) TimerEvent: {}
[23.566189] (-) TimerEvent: {}
[23.666574] (-) TimerEvent: {}
[23.766995] (-) TimerEvent: {}
[23.867392] (-) TimerEvent: {}
[23.967776] (-) TimerEvent: {}
[24.068179] (-) TimerEvent: {}
[24.168577] (-) TimerEvent: {}
[24.268940] (-) TimerEvent: {}
[24.369308] (-) TimerEvent: {}
[24.403660] (planning) StdoutLine: {'line': b'[ 30%] \x1b[32m\x1b[1mLinking CXX shared library libglobal_planner.so\x1b[0m\n'}
[24.469443] (-) TimerEvent: {}
[24.535279] (planning) StdoutLine: {'line': b'[ 33%] \x1b[32m\x1b[1mLinking CXX shared library libpnc_map_creator.so\x1b[0m\n'}
[24.551280] (planning) StdoutLine: {'line': b'[ 33%] Built target global_planner\n'}
[24.559810] (planning) StdoutLine: {'line': b'[ 35%] \x1b[32mBuilding CXX object src/global_planner/CMakeFiles/global_path_server.dir/global_path_server.cpp.o\x1b[0m\n'}
[24.569550] (-) TimerEvent: {}
[24.670071] (-) TimerEvent: {}
[24.706536] (planning) StdoutLine: {'line': b'[ 35%] Built target pnc_map_creator\n'}
[24.714823] (planning) StdoutLine: {'line': b'[ 38%] \x1b[32mBuilding CXX object src/pnc_map_creator/CMakeFiles/pnc_map_server.dir/pnc_map_server.cpp.o\x1b[0m\n'}
[24.770157] (-) TimerEvent: {}
[24.870430] (-) TimerEvent: {}
[24.970751] (-) TimerEvent: {}
[25.071037] (-) TimerEvent: {}
[25.171345] (-) TimerEvent: {}
[25.271602] (-) TimerEvent: {}
[25.371857] (-) TimerEvent: {}
[25.472078] (-) TimerEvent: {}
[25.572336] (-) TimerEvent: {}
[25.672596] (-) TimerEvent: {}
[25.772876] (-) TimerEvent: {}
[25.873194] (-) TimerEvent: {}
[25.973468] (-) TimerEvent: {}
[26.073734] (-) TimerEvent: {}
[26.174002] (-) TimerEvent: {}
[26.274280] (-) TimerEvent: {}
[26.374576] (-) TimerEvent: {}
[26.474829] (-) TimerEvent: {}
[26.575085] (-) TimerEvent: {}
[26.675347] (-) TimerEvent: {}
[26.775603] (-) TimerEvent: {}
[26.875869] (-) TimerEvent: {}
[26.976150] (-) TimerEvent: {}
[27.076465] (-) TimerEvent: {}
[27.176753] (-) TimerEvent: {}
[27.277046] (-) TimerEvent: {}
[27.377323] (-) TimerEvent: {}
[27.477659] (-) TimerEvent: {}
[27.577905] (-) TimerEvent: {}
[27.678169] (-) TimerEvent: {}
[27.778453] (-) TimerEvent: {}
[27.878707] (-) TimerEvent: {}
[27.979016] (-) TimerEvent: {}
[28.079277] (-) TimerEvent: {}
[28.179514] (-) TimerEvent: {}
[28.279762] (-) TimerEvent: {}
[28.380029] (-) TimerEvent: {}
[28.480276] (-) TimerEvent: {}
[28.580517] (-) TimerEvent: {}
[28.680759] (-) TimerEvent: {}
[28.780998] (-) TimerEvent: {}
[28.881246] (-) TimerEvent: {}
[28.981490] (-) TimerEvent: {}
[29.081736] (-) TimerEvent: {}
[29.181987] (-) TimerEvent: {}
[29.282248] (-) TimerEvent: {}
[29.382557] (-) TimerEvent: {}
[29.482865] (-) TimerEvent: {}
[29.583102] (-) TimerEvent: {}
[29.683379] (-) TimerEvent: {}
[29.783660] (-) TimerEvent: {}
[29.883933] (-) TimerEvent: {}
[29.984194] (-) TimerEvent: {}
[30.084475] (-) TimerEvent: {}
[30.184749] (-) TimerEvent: {}
[30.284982] (-) TimerEvent: {}
[30.385218] (-) TimerEvent: {}
[30.485450] (-) TimerEvent: {}
[30.585676] (-) TimerEvent: {}
[30.591364] (planning) StdoutLine: {'line': b'[ 41%] \x1b[32m\x1b[1mLinking CXX shared library libmathlibs.so\x1b[0m\n'}
[30.685776] (-) TimerEvent: {}
[30.786051] (-) TimerEvent: {}
[30.886319] (-) TimerEvent: {}
[30.986621] (-) TimerEvent: {}
[31.001374] (planning) StdoutLine: {'line': b'[ 41%] Built target mathlibs\n'}
[31.010804] (planning) StdoutLine: {'line': b'[ 46%] \x1b[32mBuilding CXX object src/vehicle_info/CMakeFiles/vehicle_info.dir/main_car/main_car_info.cpp.o\x1b[0m\n'}
[31.011130] (planning) StdoutLine: {'line': b'[ 46%] \x1b[32mBuilding CXX object src/reference_line/CMakeFiles/reference_line.dir/reference_line_smoother.cpp.o\x1b[0m\n'}
[31.011254] (planning) StdoutLine: {'line': b'[ 48%] \x1b[32mBuilding CXX object src/vehicle_info/CMakeFiles/vehicle_info.dir/obs_car/obs_car_info.cpp.o\x1b[0m\n'}
[31.011360] (planning) StdoutLine: {'line': b'[ 51%] \x1b[32mBuilding CXX object src/reference_line/CMakeFiles/reference_line.dir/reference_line_creator.cpp.o\x1b[0m\n'}
[31.086733] (-) TimerEvent: {}
[31.186991] (-) TimerEvent: {}
[31.287242] (-) TimerEvent: {}
[31.387542] (-) TimerEvent: {}
[31.487879] (-) TimerEvent: {}
[31.548964] (planning) StdoutLine: {'line': b'[ 53%] \x1b[32m\x1b[1mLinking CXX executable pnc_map_server\x1b[0m\n'}
[31.551794] (planning) StdoutLine: {'line': b'[ 56%] \x1b[32m\x1b[1mLinking CXX executable global_path_server\x1b[0m\n'}
[31.587970] (-) TimerEvent: {}
[31.688280] (-) TimerEvent: {}
[31.788569] (-) TimerEvent: {}
[31.888836] (-) TimerEvent: {}
[31.904224] (planning) StdoutLine: {'line': b'[ 56%] Built target pnc_map_server\n'}
[31.988945] (-) TimerEvent: {}
[32.031416] (planning) StdoutLine: {'line': b'[ 56%] Built target global_path_server\n'}
[32.089057] (-) TimerEvent: {}
[32.189334] (-) TimerEvent: {}
[32.289680] (-) TimerEvent: {}
[32.390030] (-) TimerEvent: {}
[32.490345] (-) TimerEvent: {}
[32.590665] (-) TimerEvent: {}
[32.690974] (-) TimerEvent: {}
[32.791286] (-) TimerEvent: {}
[32.891596] (-) TimerEvent: {}
[32.991928] (-) TimerEvent: {}
[33.092256] (-) TimerEvent: {}
[33.192562] (-) TimerEvent: {}
[33.292882] (-) TimerEvent: {}
[33.393253] (-) TimerEvent: {}
[33.493579] (-) TimerEvent: {}
[33.593926] (-) TimerEvent: {}
[33.694293] (-) TimerEvent: {}
[33.794631] (-) TimerEvent: {}
[33.894972] (-) TimerEvent: {}
[33.995316] (-) TimerEvent: {}
[34.095662] (-) TimerEvent: {}
[34.195998] (-) TimerEvent: {}
[34.296340] (-) TimerEvent: {}
[34.396677] (-) TimerEvent: {}
[34.497065] (-) TimerEvent: {}
[34.597434] (-) TimerEvent: {}
[34.697774] (-) TimerEvent: {}
[34.798144] (-) TimerEvent: {}
[34.849167] (planning) StdoutLine: {'line': b'[ 58%] \x1b[32m\x1b[1mLinking CXX shared library libvehicle_info.so\x1b[0m\n'}
[34.898287] (-) TimerEvent: {}
[34.998718] (-) TimerEvent: {}
[35.099113] (-) TimerEvent: {}
[35.115545] (planning) StdoutLine: {'line': b'[ 58%] Built target vehicle_info\n'}
[35.125139] (planning) StdoutLine: {'line': b'[ 61%] \x1b[32mBuilding CXX object src/move_cmd/CMakeFiles/obs_move_cmd.dir/obs_move_cmd.cpp.o\x1b[0m\n'}
[35.125537] (planning) StdoutLine: {'line': b'[ 66%] \x1b[32mBuilding CXX object src/decision_center/CMakeFiles/decision_center.dir/decision_center.cpp.o\x1b[0m\n'}
[35.125674] (planning) StdoutLine: {'line': b'[ 66%] \x1b[32mBuilding CXX object src/move_cmd/CMakeFiles/car_move_cmd.dir/car_move_cmd.cpp.o\x1b[0m\n'}
[35.199227] (-) TimerEvent: {}
[35.299603] (-) TimerEvent: {}
[35.399969] (-) TimerEvent: {}
[35.500274] (-) TimerEvent: {}
[35.600604] (-) TimerEvent: {}
[35.700976] (-) TimerEvent: {}
[35.801360] (-) TimerEvent: {}
[35.901744] (-) TimerEvent: {}
[36.002143] (-) TimerEvent: {}
[36.102578] (-) TimerEvent: {}
[36.202967] (-) TimerEvent: {}
[36.303376] (-) TimerEvent: {}
[36.403748] (-) TimerEvent: {}
[36.504094] (-) TimerEvent: {}
[36.604435] (-) TimerEvent: {}
[36.705593] (-) TimerEvent: {}
[36.805954] (-) TimerEvent: {}
[36.906278] (-) TimerEvent: {}
[37.006593] (-) TimerEvent: {}
[37.104411] (planning) StdoutLine: {'line': b'[ 69%] \x1b[32m\x1b[1mLinking CXX shared library libreference_line.so\x1b[0m\n'}
[37.106682] (-) TimerEvent: {}
[37.206979] (-) TimerEvent: {}
[37.307328] (-) TimerEvent: {}
[37.379528] (planning) StdoutLine: {'line': b'[ 69%] Built target reference_line\n'}
[37.407425] (-) TimerEvent: {}
[37.507696] (-) TimerEvent: {}
[37.607985] (-) TimerEvent: {}
[37.708269] (-) TimerEvent: {}
[37.808547] (-) TimerEvent: {}
[37.908827] (-) TimerEvent: {}
[38.009076] (-) TimerEvent: {}
[38.109333] (-) TimerEvent: {}
[38.209565] (-) TimerEvent: {}
[38.309807] (-) TimerEvent: {}
[38.410087] (-) TimerEvent: {}
[38.510337] (-) TimerEvent: {}
[38.610573] (-) TimerEvent: {}
[38.710827] (-) TimerEvent: {}
[38.811069] (-) TimerEvent: {}
[38.911297] (-) TimerEvent: {}
[38.947882] (planning) StdoutLine: {'line': b'[ 71%] \x1b[32m\x1b[1mLinking CXX shared library libdecision_center.so\x1b[0m\n'}
[39.011396] (-) TimerEvent: {}
[39.077729] (planning) StdoutLine: {'line': b'[ 71%] Built target decision_center\n'}
[39.086496] (planning) StdoutLine: {'line': b'[ 74%] \x1b[32mBuilding CXX object src/local_planner/CMakeFiles/local_planner.dir/local_trajectory_combiner.cpp.o\x1b[0m\n'}
[39.086755] (planning) StdoutLine: {'line': b'[ 76%] \x1b[32mBuilding CXX object src/local_planner/CMakeFiles/local_planner.dir/local_path/local_path_planner.cpp.o\x1b[0m\n'}
[39.086991] (planning) StdoutLine: {'line': b'[ 79%] \x1b[32mBuilding CXX object src/local_planner/CMakeFiles/local_planner.dir/local_speeds/local_speeds_planner.cpp.o\x1b[0m\n'}
[39.087186] (planning) StdoutLine: {'line': b'[ 82%] \x1b[32mBuilding CXX object src/local_planner/CMakeFiles/local_planner.dir/local_speeds/local_speeds_smoother.cpp.o\x1b[0m\n'}
[39.087347] (planning) StdoutLine: {'line': b'[ 84%] \x1b[32mBuilding CXX object src/local_planner/CMakeFiles/local_planner.dir/local_path/local_path_smoother.cpp.o\x1b[0m\n'}
[39.111498] (-) TimerEvent: {}
[39.211791] (-) TimerEvent: {}
[39.312096] (-) TimerEvent: {}
[39.412412] (-) TimerEvent: {}
[39.512755] (-) TimerEvent: {}
[39.613082] (-) TimerEvent: {}
[39.713415] (-) TimerEvent: {}
[39.813751] (-) TimerEvent: {}
[39.914074] (-) TimerEvent: {}
[40.014414] (-) TimerEvent: {}
[40.114787] (-) TimerEvent: {}
[40.215093] (-) TimerEvent: {}
[40.315425] (-) TimerEvent: {}
[40.415757] (-) TimerEvent: {}
[40.516091] (-) TimerEvent: {}
[40.616413] (-) TimerEvent: {}
[40.716760] (-) TimerEvent: {}
[40.817089] (-) TimerEvent: {}
[40.917455] (-) TimerEvent: {}
[41.017780] (-) TimerEvent: {}
[41.118101] (-) TimerEvent: {}
[41.218434] (-) TimerEvent: {}
[41.312135] (planning) StdoutLine: {'line': b'[ 87%] \x1b[32m\x1b[1mLinking CXX executable obs_move_cmd\x1b[0m\n'}
[41.318554] (-) TimerEvent: {}
[41.418897] (-) TimerEvent: {}
[41.519680] (-) TimerEvent: {}
[41.620099] (-) TimerEvent: {}
[41.720473] (-) TimerEvent: {}
[41.808073] (planning) StdoutLine: {'line': b'[ 87%] Built target obs_move_cmd\n'}
[41.820615] (-) TimerEvent: {}
[41.921008] (-) TimerEvent: {}
[42.021369] (-) TimerEvent: {}
[42.121715] (-) TimerEvent: {}
[42.222055] (-) TimerEvent: {}
[42.322402] (-) TimerEvent: {}
[42.422681] (-) TimerEvent: {}
[42.523004] (-) TimerEvent: {}
[42.623256] (-) TimerEvent: {}
[42.723572] (-) TimerEvent: {}
[42.823852] (-) TimerEvent: {}
[42.924169] (-) TimerEvent: {}
[43.024468] (-) TimerEvent: {}
[43.124763] (-) TimerEvent: {}
[43.225064] (-) TimerEvent: {}
[43.325349] (-) TimerEvent: {}
[43.425643] (-) TimerEvent: {}
[43.525880] (-) TimerEvent: {}
[43.626110] (-) TimerEvent: {}
[43.726359] (-) TimerEvent: {}
[43.826585] (-) TimerEvent: {}
[43.926831] (-) TimerEvent: {}
[44.027070] (-) TimerEvent: {}
[44.127330] (-) TimerEvent: {}
[44.227582] (-) TimerEvent: {}
[44.327859] (-) TimerEvent: {}
[44.428082] (-) TimerEvent: {}
[44.528362] (-) TimerEvent: {}
[44.628607] (-) TimerEvent: {}
[44.728895] (-) TimerEvent: {}
[44.829170] (-) TimerEvent: {}
[44.929410] (-) TimerEvent: {}
[45.029671] (-) TimerEvent: {}
[45.083628] (planning) StdoutLine: {'line': b'[ 89%] \x1b[32m\x1b[1mLinking CXX shared library liblocal_planner.so\x1b[0m\n'}
[45.129784] (-) TimerEvent: {}
[45.230081] (-) TimerEvent: {}
[45.313591] (planning) StdoutLine: {'line': b'[ 89%] Built target local_planner\n'}
[45.322541] (planning) StdoutLine: {'line': b'[ 92%] \x1b[32mBuilding CXX object src/planning_process/CMakeFiles/planning_process.dir/planning_process_main.cpp.o\x1b[0m\n'}
[45.322780] (planning) StdoutLine: {'line': b'[ 94%] \x1b[32mBuilding CXX object src/planning_process/CMakeFiles/planning_process.dir/planning_process.cpp.o\x1b[0m\n'}
[45.330174] (-) TimerEvent: {}
[45.430414] (-) TimerEvent: {}
[45.530668] (-) TimerEvent: {}
[45.631001] (-) TimerEvent: {}
[45.729177] (planning) StdoutLine: {'line': b'[ 97%] \x1b[32m\x1b[1mLinking CXX executable car_move_cmd\x1b[0m\n'}
[45.731099] (-) TimerEvent: {}
[45.831482] (-) TimerEvent: {}
[45.932529] (-) TimerEvent: {}
[46.032887] (-) TimerEvent: {}
[46.133270] (-) TimerEvent: {}
[46.233705] (-) TimerEvent: {}
[46.334010] (-) TimerEvent: {}
[46.349264] (planning) StdoutLine: {'line': b'[ 97%] Built target car_move_cmd\n'}
[46.434074] (-) TimerEvent: {}
[46.534338] (-) TimerEvent: {}
[46.634634] (-) TimerEvent: {}
[46.734967] (-) TimerEvent: {}
[46.835381] (-) TimerEvent: {}
[46.935702] (-) TimerEvent: {}
[47.036078] (-) TimerEvent: {}
[47.136349] (-) TimerEvent: {}
[47.236608] (-) TimerEvent: {}
[47.336894] (-) TimerEvent: {}
[47.437182] (-) TimerEvent: {}
[47.537430] (-) TimerEvent: {}
[47.637679] (-) TimerEvent: {}
[47.737919] (-) TimerEvent: {}
[47.838175] (-) TimerEvent: {}
[47.938444] (-) TimerEvent: {}
[48.038684] (-) TimerEvent: {}
[48.138911] (-) TimerEvent: {}
[48.239154] (-) TimerEvent: {}
[48.339398] (-) TimerEvent: {}
[48.439663] (-) TimerEvent: {}
[48.539890] (-) TimerEvent: {}
[48.640145] (-) TimerEvent: {}
[48.740386] (-) TimerEvent: {}
[48.840650] (-) TimerEvent: {}
[48.940916] (-) TimerEvent: {}
[49.041176] (-) TimerEvent: {}
[49.141409] (-) TimerEvent: {}
[49.241644] (-) TimerEvent: {}
[49.341878] (-) TimerEvent: {}
[49.442092] (-) TimerEvent: {}
[49.542386] (-) TimerEvent: {}
[49.642624] (-) TimerEvent: {}
[49.742860] (-) TimerEvent: {}
[49.843072] (-) TimerEvent: {}
[49.943301] (-) TimerEvent: {}
[50.043523] (-) TimerEvent: {}
[50.143762] (-) TimerEvent: {}
[50.243996] (-) TimerEvent: {}
[50.344234] (-) TimerEvent: {}
[50.444467] (-) TimerEvent: {}
[50.544732] (-) TimerEvent: {}
[50.644958] (-) TimerEvent: {}
[50.745221] (-) TimerEvent: {}
[50.845523] (-) TimerEvent: {}
[50.945808] (-) TimerEvent: {}
[51.046056] (-) TimerEvent: {}
[51.146286] (-) TimerEvent: {}
[51.246514] (-) TimerEvent: {}
[51.346768] (-) TimerEvent: {}
[51.447068] (-) TimerEvent: {}
[51.547295] (-) TimerEvent: {}
[51.647522] (-) TimerEvent: {}
[51.747759] (-) TimerEvent: {}
[51.848033] (-) TimerEvent: {}
[51.948264] (-) TimerEvent: {}
[52.048505] (-) TimerEvent: {}
[52.148759] (-) TimerEvent: {}
[52.249157] (-) TimerEvent: {}
[52.349419] (-) TimerEvent: {}
[52.449683] (-) TimerEvent: {}
[52.549934] (-) TimerEvent: {}
[52.650168] (-) TimerEvent: {}
[52.750390] (-) TimerEvent: {}
[52.850622] (-) TimerEvent: {}
[52.950850] (-) TimerEvent: {}
[53.051070] (-) TimerEvent: {}
[53.151294] (-) TimerEvent: {}
[53.251516] (-) TimerEvent: {}
[53.351735] (-) TimerEvent: {}
[53.451970] (-) TimerEvent: {}
[53.552202] (-) TimerEvent: {}
[53.652423] (-) TimerEvent: {}
[53.752652] (-) TimerEvent: {}
[53.852906] (-) TimerEvent: {}
[53.953149] (-) TimerEvent: {}
[54.053388] (-) TimerEvent: {}
[54.153646] (-) TimerEvent: {}
[54.253891] (-) TimerEvent: {}
[54.354067] (-) TimerEvent: {}
[54.454293] (-) TimerEvent: {}
[54.554526] (-) TimerEvent: {}
[54.654818] (-) TimerEvent: {}
[54.755047] (-) TimerEvent: {}
[54.855265] (-) TimerEvent: {}
[54.955486] (-) TimerEvent: {}
[55.055707] (-) TimerEvent: {}
[55.155930] (-) TimerEvent: {}
[55.256164] (-) TimerEvent: {}
[55.356389] (-) TimerEvent: {}
[55.456612] (-) TimerEvent: {}
[55.556824] (-) TimerEvent: {}
[55.657055] (-) TimerEvent: {}
[55.757240] (-) TimerEvent: {}
[55.857463] (-) TimerEvent: {}
[55.957683] (-) TimerEvent: {}
[56.057902] (-) TimerEvent: {}
[56.158129] (-) TimerEvent: {}
[56.258349] (-) TimerEvent: {}
[56.358566] (-) TimerEvent: {}
[56.458784] (-) TimerEvent: {}
[56.559007] (-) TimerEvent: {}
[56.659231] (-) TimerEvent: {}
[56.759449] (-) TimerEvent: {}
[56.859668] (-) TimerEvent: {}
[56.959892] (-) TimerEvent: {}
[57.060125] (-) TimerEvent: {}
[57.160340] (-) TimerEvent: {}
[57.260552] (-) TimerEvent: {}
[57.360769] (-) TimerEvent: {}
[57.460994] (-) TimerEvent: {}
[57.561225] (-) TimerEvent: {}
[57.661485] (-) TimerEvent: {}
[57.761731] (-) TimerEvent: {}
[57.862008] (-) TimerEvent: {}
[57.962241] (-) TimerEvent: {}
[58.062472] (-) TimerEvent: {}
[58.162704] (-) TimerEvent: {}
[58.262934] (-) TimerEvent: {}
[58.363178] (-) TimerEvent: {}
[58.463412] (-) TimerEvent: {}
[58.563646] (-) TimerEvent: {}
[58.663901] (-) TimerEvent: {}
[58.764225] (-) TimerEvent: {}
[58.864463] (-) TimerEvent: {}
[58.964711] (-) TimerEvent: {}
[59.065049] (-) TimerEvent: {}
[59.165358] (-) TimerEvent: {}
[59.265680] (-) TimerEvent: {}
[59.365996] (-) TimerEvent: {}
[59.466330] (-) TimerEvent: {}
[59.510357] (planning) StdoutLine: {'line': b'[100%] \x1b[32m\x1b[1mLinking CXX executable planning_process\x1b[0m\n'}
[59.566441] (-) TimerEvent: {}
[59.666734] (-) TimerEvent: {}
[59.767013] (-) TimerEvent: {}
[59.867349] (-) TimerEvent: {}
[59.967696] (-) TimerEvent: {}
[60.067976] (-) TimerEvent: {}
[60.168287] (-) TimerEvent: {}
[60.255554] (planning) StdoutLine: {'line': b'[100%] Built target planning_process\n'}
[60.259144] (planning) CommandEnded: {'returncode': 0}
[60.259838] (planning) JobProgress: {'identifier': 'planning', 'progress': 'install'}
[60.260191] (planning) Command: {'cmd': ['/usr/local/bin/cmake', '--install', '/home/abc/planning_with_ros2/build/planning'], 'cwd': '/home/abc/planning_with_ros2/build/planning', 'env': OrderedDict([('GJS_DEBUG_TOPICS', 'JS ERROR;JS LOG'), ('PYTHON_BASIC_REPL', '1'), ('LESSOPEN', '| /usr/bin/lesspipe %s'), ('LANGUAGE', 'en_US:en'), ('TENSORRT_DIR', '/home/abc/TensorRT-8.6'), ('USER', 'abc'), ('LC_TIME', 'zh_CN.UTF-8'), ('XDG_SESSION_TYPE', 'x11'), ('GIT_ASKPASS', '/usr/share/code/resources/app/extensions/git/dist/askpass.sh'), ('SHLVL', '1'), ('LD_LIBRARY_PATH', '/home/abc/planning_with_ros2/install/base_msgs/lib:/usr/local/cuda-11.8/lib64:/home/abc/planning_with_ros2/install/planning/lib:/usr/local/cuda-11.8/lib64:/home/abc/planning_with_ros2/install/planning/lib:/home/abc/planning_with_ros2/install/planning/lib:/home/abc/perception_with_ros2/install/perception/lib:/home/abc/perception_with_ros2/install/base_msgs_per/lib:/usr/lib/x86_64-linux-gnu/gazebo-11/plugins:/opt/ros/humble/opt/rviz_ogre_vendor/lib:/opt/ros/humble/lib/x86_64-linux-gnu:/opt/ros/humble/lib:/home/abc/TensorRT-8.6/lib:/home/abc/TensorRT-8.6/lib'), ('HOME', '/home/abc'), ('CHROME_DESKTOP', 'code.desktop'), ('TERM_PROGRAM_VERSION', '1.109.5'), ('DESKTOP_SESSION', 'ubuntu'), ('GIO_LAUNCHED_DESKTOP_FILE', '/usr/share/applications/code.desktop'), ('ROS_PYTHON_VERSION', '3'), ('GNOME_SHELL_SESSION_MODE', 'ubuntu'), ('GTK_MODULES', 'gail:atk-bridge'), ('VSCODE_GIT_ASKPASS_MAIN', '/usr/share/code/resources/app/extensions/git/dist/askpass-main.js'), ('LC_MONETARY', 'zh_CN.UTF-8'), ('VSCODE_GIT_ASKPASS_NODE', '/usr/share/code/code'), ('MANAGERPID', '1130'), ('PYDEVD_DISABLE_FILE_VALIDATION', '1'), ('SYSTEMD_EXEC_PID', '1595'), ('BUNDLED_DEBUGPY_PATH', '/home/abc/.vscode/extensions/ms-python.debugpy-2025.18.0-linux-x64/bundled/libs/debugpy'), ('VSCODE_PYTHON_AUTOACTIVATE_GUARD', '1'), ('DBUS_SESSION_BUS_ADDRESS', 'unix:path=/run/user/1000/bus'), ('COLORTERM', 'truecolor'), ('GIO_LAUNCHED_DESKTOP_FILE_PID', '364490'), ('COLCON_PREFIX_PATH', '/home/abc/planning_with_ros2/install:/home/abc/perception_with_ros2/install'), ('ROS_DISTRO', 'humble'), ('GTK_IM_MODULE', 'ibus'), ('LOGNAME', 'abc'), ('JOURNAL_STREAM', '8:6989'), ('_', '/usr/bin/colcon'), ('ROS_VERSION', '2'), ('XDG_SESSION_CLASS', 'user'), ('USERNAME', 'abc'), ('TERM', 'xterm-256color'), ('GNOME_DESKTOP_SESSION_ID', 'this-is-deprecated'), ('ROS2_PLANNING_COURSE_INSTALL', '/home/abc/planning_with_ros2/install'), ('FC_FONTATIONS', '1'), ('ROS_LOCALHOST_ONLY', '0'), ('WINDOWPATH', '2'), ('PATH', '/usr/local/cuda-11.8/bin:/home/abc/.config/Code/User/globalStorage/github.copilot-chat/debugCommand:/home/abc/.config/Code/User/globalStorage/github.copilot-chat/copilotCli:/usr/local/cuda-11.8/bin:/opt/ros/humble/bin:/usr/local/sbin:/usr/local/bin:/usr/sbin:/usr/bin:/sbin:/bin:/usr/games:/usr/local/games:/snap/bin:/snap/bin:/home/abc/.vscode/extensions/ms-python.debugpy-2025.18.0-linux-x64/bundled/scripts/noConfigScripts'), ('SESSION_MANAGER', 'local/abc-G3-3500:@/tmp/.ICE-unix/1554,unix/abc-G3-3500:/tmp/.ICE-unix/1554'), ('INVOCATION_ID', 'f3a9f1252eb845459ae16b5ad8fdee6d'), ('PAPERSIZE', 'a4'), ('XDG_MENU_PREFIX', 'gnome-'), ('LC_ADDRESS', 'zh_CN.UTF-8'), ('XDG_RUNTIME_DIR', '/run/user/1000'), ('GDK_BACKEND', 'x11'), ('DISPLAY', ':0'), ('VSCODE_DEBUGPY_ADAPTER_ENDPOINTS', '/home/abc/.vscode/extensions/ms-python.debugpy-2025.18.0-linux-x64/.noConfigDebugAdapterEndpoints/endpoint-73f3b4a0a422bf73.txt'), ('LANG', 'en_US.UTF-8'), ('XDG_CURRENT_DESKTOP', 'ubuntu:GNOME'), ('PYTHONSTARTUP', '/home/abc/.config/Code/User/workspaceStorage/4efd6db52f1c03b4cb1fb614d5084a17/ms-python.python/pythonrc.py'), ('LC_TELEPHONE', 'zh_CN.UTF-8'), ('XMODIFIERS', '@im=ibus'), ('XDG_SESSION_DESKTOP', 'ubuntu'), ('XAUTHORITY', '/run/user/1000/gdm/Xauthority'), ('LS_COLORS', 'rs=0:di=01;34:ln=01;36:mh=00:pi=40;33:so=01;35:do=01;35:bd=40;33;01:cd=40;33;01:or=40;31;01:mi=00:su=37;41:sg=30;43:ca=30;41:tw=30;42:ow=34;42:st=37;44:ex=01;32:*.tar=01;31:*.tgz=01;31:*.arc=01;31:*.arj=01;31:*.taz=01;31:*.lha=01;31:*.lz4=01;31:*.lzh=01;31:*.lzma=01;31:*.tlz=01;31:*.txz=01;31:*.tzo=01;31:*.t7z=01;31:*.zip=01;31:*.z=01;31:*.dz=01;31:*.gz=01;31:*.lrz=01;31:*.lz=01;31:*.lzo=01;31:*.xz=01;31:*.zst=01;31:*.tzst=01;31:*.bz2=01;31:*.bz=01;31:*.tbz=01;31:*.tbz2=01;31:*.tz=01;31:*.deb=01;31:*.rpm=01;31:*.jar=01;31:*.war=01;31:*.ear=01;31:*.sar=01;31:*.rar=01;31:*.alz=01;31:*.ace=01;31:*.zoo=01;31:*.cpio=01;31:*.7z=01;31:*.rz=01;31:*.cab=01;31:*.wim=01;31:*.swm=01;31:*.dwm=01;31:*.esd=01;31:*.jpg=01;35:*.jpeg=01;35:*.mjpg=01;35:*.mjpeg=01;35:*.gif=01;35:*.bmp=01;35:*.pbm=01;35:*.pgm=01;35:*.ppm=01;35:*.tga=01;35:*.xbm=01;35:*.xpm=01;35:*.tif=01;35:*.tiff=01;35:*.png=01;35:*.svg=01;35:*.svgz=01;35:*.mng=01;35:*.pcx=01;35:*.mov=01;35:*.mpg=01;35:*.mpeg=01;35:*.m2v=01;35:*.mkv=01;35:*.webm=01;35:*.webp=01;35:*.ogm=01;35:*.mp4=01;35:*.m4v=01;35:*.mp4v=01;35:*.vob=01;35:*.qt=01;35:*.nuv=01;35:*.wmv=01;35:*.asf=01;35:*.rm=01;35:*.rmvb=01;35:*.flc=01;35:*.avi=01;35:*.fli=01;35:*.flv=01;35:*.gl=01;35:*.dl=01;35:*.xcf=01;35:*.xwd=01;35:*.yuv=01;35:*.cgm=01;35:*.emf=01;35:*.ogv=01;35:*.ogx=01;35:*.aac=00;36:*.au=00;36:*.flac=00;36:*.m4a=00;36:*.mid=00;36:*.midi=00;36:*.mka=00;36:*.mp3=00;36:*.mpc=00;36:*.ogg=00;36:*.ra=00;36:*.wav=00;36:*.oga=00;36:*.opus=00;36:*.spx=00;36:*.xspf=00;36:'), ('VSCODE_GIT_IPC_HANDLE', '/run/user/1000/vscode-git-c59a044dc2.sock'), ('TERM_PROGRAM', 'vscode'), ('SSH_AGENT_LAUNCHER', 'gnome-keyring'), ('SSH_AUTH_SOCK', '/run/user/1000/keyring/ssh'), ('ROS_DOMAIN_ID', '2'), ('AMENT_PREFIX_PATH', '/home/abc/planning_with_ros2/install/planning:/home/abc/planning_with_ros2/install/data_plot:/home/abc/planning_with_ros2/install/base_msgs:/home/abc/perception_with_ros2/install/perception:/home/abc/perception_with_ros2/install/data_plot_per:/home/abc/perception_with_ros2/install/base_msgs_per:/opt/ros/humble'), ('SHELL', '/bin/bash'), ('LC_NAME', 'zh_CN.UTF-8'), ('QT_ACCESSIBILITY', '1'), ('GDMSESSION', 'ubuntu'), ('LESSCLOSE', '/usr/bin/lesspipe %s %s'), ('LC_MEASUREMENT', 'zh_CN.UTF-8'), ('GPG_AGENT_INFO', '/run/user/1000/gnupg/S.gpg-agent:0:1'), ('GJS_DEBUG_OUTPUT', 'stderr'), ('LC_IDENTIFICATION', 'zh_CN.UTF-8'), ('VSCODE_GIT_ASKPASS_EXTRA_ARGS', ''), ('QT_IM_MODULE', 'ibus'), ('PWD', '/home/abc/planning_with_ros2/build/planning'), ('LC_ALL', 'en_US.UTF-8'), ('XDG_CONFIG_DIRS', '/etc/xdg/xdg-ubuntu:/etc/xdg'), ('XDG_DATA_DIRS', '/usr/share/ubuntu:/usr/share/gnome:/usr/local/share/:/usr/share/:/var/lib/snapd/desktop'), ('PYTHONPATH', '/home/abc/planning_with_ros2/install/data_plot/lib/python3.10/site-packages:/home/abc/planning_with_ros2/install/base_msgs/local/lib/python3.10/dist-packages:/home/abc/perception_with_ros2/install/data_plot_per/lib/python3.10/site-packages:/home/abc/perception_with_ros2/install/base_msgs_per/local/lib/python3.10/dist-packages:/opt/ros/humble/lib/python3.10/site-packages:/opt/ros/humble/local/lib/python3.10/dist-packages'), ('LC_NUMERIC', 'zh_CN.UTF-8'), ('LC_PAPER', 'zh_CN.UTF-8'), ('COLCON', '1'), ('CMAKE_PREFIX_PATH', '/home/abc/planning_with_ros2/install/base_msgs:/home/abc/planning_with_ros2/install/planning:/home/abc/perception_with_ros2/install/perception:/home/abc/perception_with_ros2/install/base_msgs_per:/home/abc/planning_with_ros2/install/data_plot:/home/abc/perception_with_ros2/install/data_plot_per:/opt/ros/humble')]), 'shell': False}
[60.262269] (planning) StdoutLine: {'line': b'-- Install configuration: ""\n'}
[60.262605] (planning) StdoutLine: {'line': b'-- Installing: /home/abc/planning_with_ros2/install/planning/lib/libconfig_reader.so\n'}
[60.263197] (planning) StdoutLine: {'line': b'-- Set non-toolchain portion of runtime path of "/home/abc/planning_with_ros2/install/planning/lib/libconfig_reader.so" to ""\n'}
[60.263333] (planning) StdoutLine: {'line': b'-- Installing: /home/abc/planning_with_ros2/install/planning/lib/libmathlibs.so\n'}
[60.266890] (planning) StdoutLine: {'line': b'-- Set non-toolchain portion of runtime path of "/home/abc/planning_with_ros2/install/planning/lib/libmathlibs.so" to ""\n'}
[60.267110] (planning) StdoutLine: {'line': b'-- Installing: /home/abc/planning_with_ros2/install/planning/lib/libdecision_center.so\n'}
[60.267495] (planning) StdoutLine: {'line': b'-- Set non-toolchain portion of runtime path of "/home/abc/planning_with_ros2/install/planning/lib/libdecision_center.so" to ""\n'}
[60.267735] (planning) StdoutLine: {'line': b'-- Installing: /home/abc/planning_with_ros2/install/planning/lib/libpnc_map_creator.so\n'}
[60.268202] (planning) StdoutLine: {'line': b'-- Set non-toolchain portion of runtime path of "/home/abc/planning_with_ros2/install/planning/lib/libpnc_map_creator.so" to ""\n'}
[60.268270] (-) TimerEvent: {}
[60.268386] (planning) StdoutLine: {'line': b'-- Installing: /home/abc/planning_with_ros2/install/planning/lib/planning/pnc_map_server\n'}
[60.269687] (planning) StdoutLine: {'line': b'-- Set non-toolchain portion of runtime path of "/home/abc/planning_with_ros2/install/planning/lib/planning/pnc_map_server" to ""\n'}
[60.269937] (planning) StdoutLine: {'line': b'-- Installing: /home/abc/planning_with_ros2/install/planning/lib/libglobal_planner.so\n'}
[60.270384] (planning) StdoutLine: {'line': b'-- Set non-toolchain portion of runtime path of "/home/abc/planning_with_ros2/install/planning/lib/libglobal_planner.so" to ""\n'}
[60.270473] (planning) StdoutLine: {'line': b'-- Installing: /home/abc/planning_with_ros2/install/planning/lib/planning/global_path_server\n'}
[60.271603] (planning) StdoutLine: {'line': b'-- Set non-toolchain portion of runtime path of "/home/abc/planning_with_ros2/install/planning/lib/planning/global_path_server" to ""\n'}
[60.271826] (planning) StdoutLine: {'line': b'-- Installing: /home/abc/planning_with_ros2/install/planning/lib/liblocal_planner.so\n'}
[60.272400] (planning) StdoutLine: {'line': b'-- Set non-toolchain portion of runtime path of "/home/abc/planning_with_ros2/install/planning/lib/liblocal_planner.so" to ""\n'}
[60.272580] (planning) StdoutLine: {'line': b'-- Installing: /home/abc/planning_with_ros2/install/planning/lib/libreference_line.so\n'}
[60.273382] (planning) StdoutLine: {'line': b'-- Set non-toolchain portion of runtime path of "/home/abc/planning_with_ros2/install/planning/lib/libreference_line.so" to ""\n'}
[60.273605] (planning) StdoutLine: {'line': b'-- Installing: /home/abc/planning_with_ros2/install/planning/lib/planning/osqp_test\n'}
[60.274032] (planning) StdoutLine: {'line': b'-- Set non-toolchain portion of runtime path of "/home/abc/planning_with_ros2/install/planning/lib/planning/osqp_test" to ""\n'}
[60.274135] (planning) StdoutLine: {'line': b'-- Installing: /home/abc/planning_with_ros2/install/planning/lib/planning/newton_test\n'}
[60.274373] (planning) StdoutLine: {'line': b'-- Set non-toolchain portion of runtime path of "/home/abc/planning_with_ros2/install/planning/lib/planning/newton_test" to ""\n'}
[60.274590] (planning) StdoutLine: {'line': b'-- Installing: /home/abc/planning_with_ros2/install/planning/lib/libvehicle_info.so\n'}
[60.275107] (planning) StdoutLine: {'line': b'-- Set non-toolchain portion of runtime path of "/home/abc/planning_with_ros2/install/planning/lib/libvehicle_info.so" to ""\n'}
[60.275231] (planning) StdoutLine: {'line': b'-- Installing: /home/abc/planning_with_ros2/install/planning/lib/planning/planning_process\n'}
[60.278853] (planning) StdoutLine: {'line': b'-- Set non-toolchain portion of runtime path of "/home/abc/planning_with_ros2/install/planning/lib/planning/planning_process" to ""\n'}
[60.279098] (planning) StdoutLine: {'line': b'-- Installing: /home/abc/planning_with_ros2/install/planning/lib/planning/car_move_cmd\n'}
[60.281779] (planning) StdoutLine: {'line': b'-- Set non-toolchain portion of runtime path of "/home/abc/planning_with_ros2/install/planning/lib/planning/car_move_cmd" to ""\n'}
[60.281924] (planning) StdoutLine: {'line': b'-- Installing: /home/abc/planning_with_ros2/install/planning/lib/planning/obs_move_cmd\n'}
[60.282629] (planning) StdoutLine: {'line': b'-- Set non-toolchain portion of runtime path of "/home/abc/planning_with_ros2/install/planning/lib/planning/obs_move_cmd" to ""\n'}
[60.282728] (planning) StdoutLine: {'line': b'-- Installing: /home/abc/planning_with_ros2/install/planning/share/planning/config\n'}
[60.282815] (planning) StdoutLine: {'line': b'-- Installing: /home/abc/planning_with_ros2/install/planning/share/planning/config/planning_static_obs_config.yaml\n'}
[60.283135] (planning) StdoutLine: {'line': b'-- Installing: /home/abc/planning_with_ros2/install/planning/share/planning/config/scenario_config.yaml\n'}
[60.283707] (planning) StdoutLine: {'line': b'-- Installing: /home/abc/planning_with_ros2/install/planning/share/planning/config/planning_dynamic_obs_config.yaml\n'}
[60.283968] (planning) StdoutLine: {'line': b'-- Installing: /home/abc/planning_with_ros2/install/planning/share/planning/config/planning_onlane_obs_config.yaml\n'}
[60.284193] (planning) StdoutLine: {'line': b'-- Installing: /home/abc/planning_with_ros2/install/planning/share/planning/launch\n'}
[60.284276] (planning) StdoutLine: {'line': b'-- Installing: /home/abc/planning_with_ros2/install/planning/share/planning/launch/planning_launch.py\n'}
[60.284882] (planning) StdoutLine: {'line': b'-- Installing: /home/abc/planning_with_ros2/install/planning/share/planning/launch/move_cmd_launch.py\n'}
[60.285198] (planning) StdoutLine: {'line': b'-- Installing: /home/abc/planning_with_ros2/install/planning/share/planning/urdf\n'}
[60.285319] (planning) StdoutLine: {'line': b'-- Installing: /home/abc/planning_with_ros2/install/planning/share/planning/urdf/main_car\n'}
[60.285397] (planning) StdoutLine: {'line': b'-- Installing: /home/abc/planning_with_ros2/install/planning/share/planning/urdf/main_car/car_camera.xacro\n'}
[60.285959] (planning) StdoutLine: {'line': b'-- Installing: /home/abc/planning_with_ros2/install/planning/share/planning/urdf/main_car/car_base.xacro\n'}
[60.286646] (planning) StdoutLine: {'line': b'-- Installing: /home/abc/planning_with_ros2/install/planning/share/planning/urdf/main_car/car_radar.xacro\n'}
[60.286950] (planning) StdoutLine: {'line': b'-- Installing: /home/abc/planning_with_ros2/install/planning/share/planning/urdf/main_car/car.xacro\n'}
[60.287209] (planning) StdoutLine: {'line': b'-- Installing: /home/abc/planning_with_ros2/install/planning/share/planning/urdf/main_car/car_wheels.xacro\n'}
[60.287465] (planning) StdoutLine: {'line': b'-- Installing: /home/abc/planning_with_ros2/install/planning/share/planning/urdf/obs_car\n'}
[60.287551] (planning) StdoutLine: {'line': b'-- Installing: /home/abc/planning_with_ros2/install/planning/share/planning/urdf/obs_car/obs_car.xacro\n'}
[60.287815] (planning) StdoutLine: {'line': b'-- Installing: /home/abc/planning_with_ros2/install/planning/share/planning/rviz\n'}
[60.287890] (planning) StdoutLine: {'line': b'-- Installing: /home/abc/planning_with_ros2/install/planning/share/planning/rviz/planning.rviz\n'}
[60.288244] (planning) StdoutLine: {'line': b'-- Installing: /home/abc/planning_with_ros2/install/planning/share/ament_index/resource_index/package_run_dependencies/planning\n'}
[60.288374] (planning) StdoutLine: {'line': b'-- Installing: /home/abc/planning_with_ros2/install/planning/share/ament_index/resource_index/parent_prefix_path/planning\n'}
[60.288501] (planning) StdoutLine: {'line': b'-- Installing: /home/abc/planning_with_ros2/install/planning/share/planning/environment/ament_prefix_path.sh\n'}
[60.288597] (planning) StdoutLine: {'line': b'-- Installing: /home/abc/planning_with_ros2/install/planning/share/planning/environment/ament_prefix_path.dsv\n'}
[60.288699] (planning) StdoutLine: {'line': b'-- Installing: /home/abc/planning_with_ros2/install/planning/share/planning/environment/path.sh\n'}
[60.288796] (planning) StdoutLine: {'line': b'-- Installing: /home/abc/planning_with_ros2/install/planning/share/planning/environment/path.dsv\n'}
[60.288890] (planning) StdoutLine: {'line': b'-- Installing: /home/abc/planning_with_ros2/install/planning/share/planning/local_setup.bash\n'}
[60.288984] (planning) StdoutLine: {'line': b'-- Installing: /home/abc/planning_with_ros2/install/planning/share/planning/local_setup.sh\n'}
[60.289094] (planning) StdoutLine: {'line': b'-- Installing: /home/abc/planning_with_ros2/install/planning/share/planning/local_setup.zsh\n'}
[60.289187] (planning) StdoutLine: {'line': b'-- Installing: /home/abc/planning_with_ros2/install/planning/share/planning/local_setup.dsv\n'}
[60.289287] (planning) StdoutLine: {'line': b'-- Installing: /home/abc/planning_with_ros2/install/planning/share/planning/package.dsv\n'}
[60.289415] (planning) StdoutLine: {'line': b'-- Installing: /home/abc/planning_with_ros2/install/planning/share/ament_index/resource_index/packages/planning\n'}
[60.289547] (planning) StdoutLine: {'line': b'-- Installing: /home/abc/planning_with_ros2/install/planning/share/planning/cmake/planningConfig.cmake\n'}
[60.289628] (planning) StdoutLine: {'line': b'-- Installing: /home/abc/planning_with_ros2/install/planning/share/planning/cmake/planningConfig-version.cmake\n'}
[60.289706] (planning) StdoutLine: {'line': b'-- Installing: /home/abc/planning_with_ros2/install/planning/share/planning/package.xml\n'}
[60.290847] (planning) CommandEnded: {'returncode': 0}
[60.306424] (planning) JobEnded: {'identifier': 'planning', 'rc': 0}
[60.307002] (-) EventReactorShutdown: {}
