[0.000000] (-) TimerEvent: {}
[0.000581] (base_msgs) JobQueued: {'identifier': 'base_msgs', 'dependencies': OrderedDict()}
[0.000704] (data_plot) JobQueued: {'identifier': 'data_plot', 'dependencies': OrderedDict([('base_msgs', '/home/abc/planning_with_ros2/install/base_msgs')])}
[0.000728] (planning) JobQueued: {'identifier': 'planning', 'dependencies': OrderedDict([('base_msgs', '/home/abc/planning_with_ros2/install/base_msgs')])}
[0.000843] (base_msgs) JobStarted: {'identifier': 'base_msgs'}
[0.007889] (base_msgs) JobProgress: {'identifier': 'base_msgs', 'progress': 'cmake'}
[0.008362] (base_msgs) JobProgress: {'identifier': 'base_msgs', 'progress': 'build'}
[0.008998] (base_msgs) Command: {'cmd': ['/usr/local/bin/cmake', '--build', '/home/abc/planning_with_ros2/build/base_msgs', '--', '-j12', '-l12'], 'cwd': '/home/abc/planning_with_ros2/build/base_msgs', 'env': OrderedDict([('GJS_DEBUG_TOPICS', 'JS ERROR;JS LOG'), ('PYTHON_BASIC_REPL', '1'), ('LESSOPEN', '| /usr/bin/lesspipe %s'), ('LANGUAGE', 'en_US:en'), ('TENSORRT_DIR', '/home/abc/TensorRT-8.6'), ('USER', 'abc'), ('LC_TIME', 'zh_CN.UTF-8'), ('XDG_SESSION_TYPE', 'x11'), ('GIT_ASKPASS', '/usr/share/code/resources/app/extensions/git/dist/askpass.sh'), ('SHLVL', '1'), ('LD_LIBRARY_PATH', '/usr/local/cuda-11.8/lib64:/home/abc/planning_with_ros2/install/planning/lib:/usr/local/cuda-11.8/lib64:/home/abc/planning_with_ros2/install/planning/lib:/home/abc/planning_with_ros2/install/planning/lib:/home/abc/planning_with_ros2/install/base_msgs/lib:/home/abc/perception_with_ros2/install/perception/lib:/home/abc/perception_with_ros2/install/base_msgs_per/lib:/usr/lib/x86_64-linux-gnu/gazebo-11/plugins:/opt/ros/humble/opt/rviz_ogre_vendor/lib:/opt/ros/humble/lib/x86_64-linux-gnu:/opt/ros/humble/lib:/home/abc/TensorRT-8.6/lib:/home/abc/TensorRT-8.6/lib'), ('HOME', '/home/abc'), ('CHROME_DESKTOP', 'code.desktop'), ('TERM_PROGRAM_VERSION', '1.108.2'), ('DESKTOP_SESSION', 'ubuntu'), ('GIO_LAUNCHED_DESKTOP_FILE', '/usr/share/applications/code.desktop'), ('ROS_PYTHON_VERSION', '3'), ('GNOME_SHELL_SESSION_MODE', 'ubuntu'), ('GTK_MODULES', 'gail:atk-bridge'), ('VSCODE_GIT_ASKPASS_MAIN', '/usr/share/code/resources/app/extensions/git/dist/askpass-main.js'), ('LC_MONETARY', 'zh_CN.UTF-8'), ('VSCODE_GIT_ASKPASS_NODE', '/usr/share/code/code'), ('MANAGERPID', '1130'), ('PYDEVD_DISABLE_FILE_VALIDATION', '1'), ('SYSTEMD_EXEC_PID', '1595'), ('BUNDLED_DEBUGPY_PATH', '/home/abc/.vscode/extensions/ms-python.debugpy-2025.18.0-linux-x64/bundled/libs/debugpy'), ('VSCODE_PYTHON_AUTOACTIVATE_GUARD', '1'), ('DBUS_SESSION_BUS_ADDRESS', 'unix:path=/run/user/1000/bus'), ('COLORTERM', 'truecolor'), ('GIO_LAUNCHED_DESKTOP_FILE_PID', '7523'), ('COLCON_PREFIX_PATH', '/home/abc/planning_with_ros2/install:/home/abc/perception_with_ros2/install'), ('ROS_DISTRO', 'humble'), ('GTK_IM_MODULE', 'ibus'), ('LOGNAME', 'abc'), ('JOURNAL_STREAM', '8:6989'), ('_', '/usr/bin/colcon'), ('ROS_VERSION', '2'), ('XDG_SESSION_CLASS', 'user'), ('USERNAME', 'abc'), ('TERM', 'xterm-256color'), ('GNOME_DESKTOP_SESSION_ID', 'this-is-deprecated'), ('ROS2_PLANNING_COURSE_INSTALL', '/home/abc/planning_with_ros2/install'), ('FC_FONTATIONS', '1'), ('ROS_LOCALHOST_ONLY', '0'), ('WINDOWPATH', '2'), ('PATH', '/usr/local/cuda-11.8/bin:/home/abc/.config/Code/User/globalStorage/github.copilot-chat/debugCommand:/home/abc/.config/Code/User/globalStorage/github.copilot-chat/copilotCli:/usr/local/cuda-11.8/bin:/opt/ros/humble/bin:/usr/local/sbin:/usr/local/bin:/usr/sbin:/usr/bin:/sbin:/bin:/usr/games:/usr/local/games:/snap/bin:/snap/bin:/home/abc/.vscode/extensions/ms-python.debugpy-2025.18.0-linux-x64/bundled/scripts/noConfigScripts'), ('SESSION_MANAGER', 'local/abc-G3-3500:@/tmp/.ICE-unix/1554,unix/abc-G3-3500:/tmp/.ICE-unix/1554'), ('INVOCATION_ID', 'f3a9f1252eb845459ae16b5ad8fdee6d'), ('PAPERSIZE', 'a4'), ('XDG_MENU_PREFIX', 'gnome-'), ('LC_ADDRESS', 'zh_CN.UTF-8'), ('XDG_RUNTIME_DIR', '/run/user/1000'), ('GDK_BACKEND', 'x11'), ('DISPLAY', ':0'), ('VSCODE_DEBUGPY_ADAPTER_ENDPOINTS', '/home/abc/.vscode/extensions/ms-python.debugpy-2025.18.0-linux-x64/.noConfigDebugAdapterEndpoints/endpoint-73f3b4a0a422bf73.txt'), ('LANG', 'en_US.UTF-8'), ('XDG_CURRENT_DESKTOP', 'ubuntu:GNOME'), ('PYTHONSTARTUP', '/home/abc/.config/Code/User/workspaceStorage/4efd6db52f1c03b4cb1fb614d5084a17/ms-python.python/pythonrc.py'), ('LC_TELEPHONE', 'zh_CN.UTF-8'), ('XMODIFIERS', '@im=ibus'), ('XDG_SESSION_DESKTOP', 'ubuntu'), ('XAUTHORITY', '/run/user/1000/gdm/Xauthority'), ('LS_COLORS', 'rs=0:di=01;34:ln=01;36:mh=00:pi=40;33:so=01;35:do=01;35:bd=40;33;01:cd=40;33;01:or=40;31;01:mi=00:su=37;41:sg=30;43:ca=30;41:tw=30;42:ow=34;42:st=37;44:ex=01;32:*.tar=01;31:*.tgz=01;31:*.arc=01;31:*.arj=01;31:*.taz=01;31:*.lha=01;31:*.lz4=01;31:*.lzh=01;31:*.lzma=01;31:*.tlz=01;31:*.txz=01;31:*.tzo=01;31:*.t7z=01;31:*.zip=01;31:*.z=01;31:*.dz=01;31:*.gz=01;31:*.lrz=01;31:*.lz=01;31:*.lzo=01;31:*.xz=01;31:*.zst=01;31:*.tzst=01;31:*.bz2=01;31:*.bz=01;31:*.tbz=01;31:*.tbz2=01;31:*.tz=01;31:*.deb=01;31:*.rpm=01;31:*.jar=01;31:*.war=01;31:*.ear=01;31:*.sar=01;31:*.rar=01;31:*.alz=01;31:*.ace=01;31:*.zoo=01;31:*.cpio=01;31:*.7z=01;31:*.rz=01;31:*.cab=01;31:*.wim=01;31:*.swm=01;31:*.dwm=01;31:*.esd=01;31:*.jpg=01;35:*.jpeg=01;35:*.mjpg=01;35:*.mjpeg=01;35:*.gif=01;35:*.bmp=01;35:*.pbm=01;35:*.pgm=01;35:*.ppm=01;35:*.tga=01;35:*.xbm=01;35:*.xpm=01;35:*.tif=01;35:*.tiff=01;35:*.png=01;35:*.svg=01;35:*.svgz=01;35:*.mng=01;35:*.pcx=01;35:*.mov=01;35:*.mpg=01;35:*.mpeg=01;35:*.m2v=01;35:*.mkv=01;35:*.webm=01;35:*.webp=01;35:*.ogm=01;35:*.mp4=01;35:*.m4v=01;35:*.mp4v=01;35:*.vob=01;35:*.qt=01;35:*.nuv=01;35:*.wmv=01;35:*.asf=01;35:*.rm=01;35:*.rmvb=01;35:*.flc=01;35:*.avi=01;35:*.fli=01;35:*.flv=01;35:*.gl=01;35:*.dl=01;35:*.xcf=01;35:*.xwd=01;35:*.yuv=01;35:*.cgm=01;35:*.emf=01;35:*.ogv=01;35:*.ogx=01;35:*.aac=00;36:*.au=00;36:*.flac=00;36:*.m4a=00;36:*.mid=00;36:*.midi=00;36:*.mka=00;36:*.mp3=00;36:*.mpc=00;36:*.ogg=00;36:*.ra=00;36:*.wav=00;36:*.oga=00;36:*.opus=00;36:*.spx=00;36:*.xspf=00;36:'), ('VSCODE_GIT_IPC_HANDLE', '/run/user/1000/vscode-git-c59a044dc2.sock'), ('TERM_PROGRAM', 'vscode'), ('SSH_AGENT_LAUNCHER', 'gnome-keyring'), ('SSH_AUTH_SOCK', '/run/user/1000/keyring/ssh'), ('ROS_DOMAIN_ID', '2'), ('AMENT_PREFIX_PATH', '/home/abc/planning_with_ros2/install/planning:/home/abc/planning_with_ros2/install/data_plot:/home/abc/planning_with_ros2/install/base_msgs:/home/abc/perception_with_ros2/install/perception:/home/abc/perception_with_ros2/install/data_plot_per:/home/abc/perception_with_ros2/install/base_msgs_per:/opt/ros/humble'), ('SHELL', '/bin/bash'), ('LC_NAME', 'zh_CN.UTF-8'), ('QT_ACCESSIBILITY', '1'), ('GDMSESSION', 'ubuntu'), ('LESSCLOSE', '/usr/bin/lesspipe %s %s'), ('LC_MEASUREMENT', 'zh_CN.UTF-8'), ('GPG_AGENT_INFO', '/run/user/1000/gnupg/S.gpg-agent:0:1'), ('GJS_DEBUG_OUTPUT', 'stderr'), ('LC_IDENTIFICATION', 'zh_CN.UTF-8'), ('VSCODE_GIT_ASKPASS_EXTRA_ARGS', ''), ('QT_IM_MODULE', 'ibus'), ('PWD', '/home/abc/planning_with_ros2/build/base_msgs'), ('LC_ALL', 'en_US.UTF-8'), ('XDG_CONFIG_DIRS', '/etc/xdg/xdg-ubuntu:/etc/xdg'), ('XDG_DATA_DIRS', '/usr/share/ubuntu:/usr/share/gnome:/usr/local/share/:/usr/share/:/var/lib/snapd/desktop'), ('PYTHONPATH', '/home/abc/planning_with_ros2/install/data_plot/lib/python3.10/site-packages:/home/abc/planning_with_ros2/install/base_msgs/local/lib/python3.10/dist-packages:/home/abc/perception_with_ros2/install/data_plot_per/lib/python3.10/site-packages:/home/abc/perception_with_ros2/install/base_msgs_per/local/lib/python3.10/dist-packages:/opt/ros/humble/lib/python3.10/site-packages:/opt/ros/humble/local/lib/python3.10/dist-packages'), ('LC_NUMERIC', 'zh_CN.UTF-8'), ('LC_PAPER', 'zh_CN.UTF-8'), ('COLCON', '1'), ('CMAKE_PREFIX_PATH', '/home/abc/planning_with_ros2/install/planning:/home/abc/planning_with_ros2/install/base_msgs:/home/abc/perception_with_ros2/install/perception:/home/abc/perception_with_ros2/install/base_msgs_per:/home/abc/planning_with_ros2/install/data_plot:/home/abc/perception_with_ros2/install/data_plot_per:/opt/ros/humble')]), 'shell': False}
[0.032668] (base_msgs) StdoutLine: {'line': b'[  0%] Built target base_msgs__cpp\n'}
[0.035597] (base_msgs) StdoutLine: {'line': b'[  9%] Built target ament_cmake_python_copy_base_msgs\n'}
[0.035793] (base_msgs) StdoutLine: {'line': b'[ 12%] Built target base_msgs__rosidl_generator_c\n'}
[0.045887] (base_msgs) StdoutLine: {'line': b'[ 24%] Built target base_msgs__rosidl_typesupport_cpp\n'}
[0.047065] (base_msgs) StdoutLine: {'line': b'[ 36%] Built target base_msgs__rosidl_typesupport_fastrtps_cpp\n'}
[0.047847] (base_msgs) StdoutLine: {'line': b'[ 48%] Built target base_msgs__rosidl_typesupport_c\n'}
[0.049814] (base_msgs) StdoutLine: {'line': b'[ 63%] Built target base_msgs__rosidl_typesupport_introspection_c\n'}
[0.049988] (base_msgs) StdoutLine: {'line': b'[ 72%] Built target base_msgs__rosidl_typesupport_introspection_cpp\n'}
[0.050649] (base_msgs) StdoutLine: {'line': b'[ 84%] Built target base_msgs__rosidl_typesupport_fastrtps_c\n'}
[0.057700] (base_msgs) StdoutLine: {'line': b'[ 84%] Built target base_msgs\n'}
[0.065718] (base_msgs) StdoutLine: {'line': b'[ 85%] Built target base_msgs__py\n'}
[0.078711] (base_msgs) StdoutLine: {'line': b'[ 96%] Built target base_msgs__rosidl_generator_py\n'}
[0.087646] (base_msgs) StdoutLine: {'line': b'[ 97%] Built target base_msgs__rosidl_typesupport_fastrtps_c__pyext\n'}
[0.087867] (base_msgs) StdoutLine: {'line': b'[ 99%] Built target base_msgs__rosidl_typesupport_introspection_c__pyext\n'}
[0.088001] (base_msgs) StdoutLine: {'line': b'[100%] Built target base_msgs__rosidl_typesupport_c__pyext\n'}
[0.099984] (-) TimerEvent: {}
[0.200166] (-) TimerEvent: {}
[0.276030] (base_msgs) StdoutLine: {'line': b'running egg_info\n'}
[0.276611] (base_msgs) StdoutLine: {'line': b'writing base_msgs.egg-info/PKG-INFO\n'}
[0.276768] (base_msgs) StdoutLine: {'line': b'writing dependency_links to base_msgs.egg-info/dependency_links.txt\n'}
[0.276947] (base_msgs) StdoutLine: {'line': b'writing top-level names to base_msgs.egg-info/top_level.txt\n'}
[0.279125] (base_msgs) StdoutLine: {'line': b"reading manifest file 'base_msgs.egg-info/SOURCES.txt'\n"}
[0.279809] (base_msgs) StdoutLine: {'line': b"writing manifest file 'base_msgs.egg-info/SOURCES.txt'\n"}
[0.296200] (base_msgs) StdoutLine: {'line': b'[100%] Built target ament_cmake_python_build_base_msgs_egg\n'}
[0.300367] (base_msgs) CommandEnded: {'returncode': 0}
[0.300746] (-) TimerEvent: {}
[0.301060] (base_msgs) JobProgress: {'identifier': 'base_msgs', 'progress': 'install'}
[0.303117] (base_msgs) Command: {'cmd': ['/usr/local/bin/cmake', '--install', '/home/abc/planning_with_ros2/build/base_msgs'], 'cwd': '/home/abc/planning_with_ros2/build/base_msgs', 'env': OrderedDict([('GJS_DEBUG_TOPICS', 'JS ERROR;JS LOG'), ('PYTHON_BASIC_REPL', '1'), ('LESSOPEN', '| /usr/bin/lesspipe %s'), ('LANGUAGE', 'en_US:en'), ('TENSORRT_DIR', '/home/abc/TensorRT-8.6'), ('USER', 'abc'), ('LC_TIME', 'zh_CN.UTF-8'), ('XDG_SESSION_TYPE', 'x11'), ('GIT_ASKPASS', '/usr/share/code/resources/app/extensions/git/dist/askpass.sh'), ('SHLVL', '1'), ('LD_LIBRARY_PATH', '/usr/local/cuda-11.8/lib64:/home/abc/planning_with_ros2/install/planning/lib:/usr/local/cuda-11.8/lib64:/home/abc/planning_with_ros2/install/planning/lib:/home/abc/planning_with_ros2/install/planning/lib:/home/abc/planning_with_ros2/install/base_msgs/lib:/home/abc/perception_with_ros2/install/perception/lib:/home/abc/perception_with_ros2/install/base_msgs_per/lib:/usr/lib/x86_64-linux-gnu/gazebo-11/plugins:/opt/ros/humble/opt/rviz_ogre_vendor/lib:/opt/ros/humble/lib/x86_64-linux-gnu:/opt/ros/humble/lib:/home/abc/TensorRT-8.6/lib:/home/abc/TensorRT-8.6/lib'), ('HOME', '/home/abc'), ('CHROME_DESKTOP', 'code.desktop'), ('TERM_PROGRAM_VERSION', '1.108.2'), ('DESKTOP_SESSION', 'ubuntu'), ('GIO_LAUNCHED_DESKTOP_FILE', '/usr/share/applications/code.desktop'), ('ROS_PYTHON_VERSION', '3'), ('GNOME_SHELL_SESSION_MODE', 'ubuntu'), ('GTK_MODULES', 'gail:atk-bridge'), ('VSCODE_GIT_ASKPASS_MAIN', '/usr/share/code/resources/app/extensions/git/dist/askpass-main.js'), ('LC_MONETARY', 'zh_CN.UTF-8'), ('VSCODE_GIT_ASKPASS_NODE', '/usr/share/code/code'), ('MANAGERPID', '1130'), ('PYDEVD_DISABLE_FILE_VALIDATION', '1'), ('SYSTEMD_EXEC_PID', '1595'), ('BUNDLED_DEBUGPY_PATH', '/home/abc/.vscode/extensions/ms-python.debugpy-2025.18.0-linux-x64/bundled/libs/debugpy'), ('VSCODE_PYTHON_AUTOACTIVATE_GUARD', '1'), ('DBUS_SESSION_BUS_ADDRESS', 'unix:path=/run/user/1000/bus'), ('COLORTERM', 'truecolor'), ('GIO_LAUNCHED_DESKTOP_FILE_PID', '7523'), ('COLCON_PREFIX_PATH', '/home/abc/planning_with_ros2/install:/home/abc/perception_with_ros2/install'), ('ROS_DISTRO', 'humble'), ('GTK_IM_MODULE', 'ibus'), ('LOGNAME', 'abc'), ('JOURNAL_STREAM', '8:6989'), ('_', '/usr/bin/colcon'), ('ROS_VERSION', '2'), ('XDG_SESSION_CLASS', 'user'), ('USERNAME', 'abc'), ('TERM', 'xterm-256color'), ('GNOME_DESKTOP_SESSION_ID', 'this-is-deprecated'), ('ROS2_PLANNING_COURSE_INSTALL', '/home/abc/planning_with_ros2/install'), ('FC_FONTATIONS', '1'), ('ROS_LOCALHOST_ONLY', '0'), ('WINDOWPATH', '2'), ('PATH', '/usr/local/cuda-11.8/bin:/home/abc/.config/Code/User/globalStorage/github.copilot-chat/debugCommand:/home/abc/.config/Code/User/globalStorage/github.copilot-chat/copilotCli:/usr/local/cuda-11.8/bin:/opt/ros/humble/bin:/usr/local/sbin:/usr/local/bin:/usr/sbin:/usr/bin:/sbin:/bin:/usr/games:/usr/local/games:/snap/bin:/snap/bin:/home/abc/.vscode/extensions/ms-python.debugpy-2025.18.0-linux-x64/bundled/scripts/noConfigScripts'), ('SESSION_MANAGER', 'local/abc-G3-3500:@/tmp/.ICE-unix/1554,unix/abc-G3-3500:/tmp/.ICE-unix/1554'), ('INVOCATION_ID', 'f3a9f1252eb845459ae16b5ad8fdee6d'), ('PAPERSIZE', 'a4'), ('XDG_MENU_PREFIX', 'gnome-'), ('LC_ADDRESS', 'zh_CN.UTF-8'), ('XDG_RUNTIME_DIR', '/run/user/1000'), ('GDK_BACKEND', 'x11'), ('DISPLAY', ':0'), ('VSCODE_DEBUGPY_ADAPTER_ENDPOINTS', '/home/abc/.vscode/extensions/ms-python.debugpy-2025.18.0-linux-x64/.noConfigDebugAdapterEndpoints/endpoint-73f3b4a0a422bf73.txt'), ('LANG', 'en_US.UTF-8'), ('XDG_CURRENT_DESKTOP', 'ubuntu:GNOME'), ('PYTHONSTARTUP', '/home/abc/.config/Code/User/workspaceStorage/4efd6db52f1c03b4cb1fb614d5084a17/ms-python.python/pythonrc.py'), ('LC_TELEPHONE', 'zh_CN.UTF-8'), ('XMODIFIERS', '@im=ibus'), ('XDG_SESSION_DESKTOP', 'ubuntu'), ('XAUTHORITY', '/run/user/1000/gdm/Xauthority'), ('LS_COLORS', 'rs=0:di=01;34:ln=01;36:mh=00:pi=40;33:so=01;35:do=01;35:bd=40;33;01:cd=40;33;01:or=40;31;01:mi=00:su=37;41:sg=30;43:ca=30;41:tw=30;42:ow=34;42:st=37;44:ex=01;32:*.tar=01;31:*.tgz=01;31:*.arc=01;31:*.arj=01;31:*.taz=01;31:*.lha=01;31:*.lz4=01;31:*.lzh=01;31:*.lzma=01;31:*.tlz=01;31:*.txz=01;31:*.tzo=01;31:*.t7z=01;31:*.zip=01;31:*.z=01;31:*.dz=01;31:*.gz=01;31:*.lrz=01;31:*.lz=01;31:*.lzo=01;31:*.xz=01;31:*.zst=01;31:*.tzst=01;31:*.bz2=01;31:*.bz=01;31:*.tbz=01;31:*.tbz2=01;31:*.tz=01;31:*.deb=01;31:*.rpm=01;31:*.jar=01;31:*.war=01;31:*.ear=01;31:*.sar=01;31:*.rar=01;31:*.alz=01;31:*.ace=01;31:*.zoo=01;31:*.cpio=01;31:*.7z=01;31:*.rz=01;31:*.cab=01;31:*.wim=01;31:*.swm=01;31:*.dwm=01;31:*.esd=01;31:*.jpg=01;35:*.jpeg=01;35:*.mjpg=01;35:*.mjpeg=01;35:*.gif=01;35:*.bmp=01;35:*.pbm=01;35:*.pgm=01;35:*.ppm=01;35:*.tga=01;35:*.xbm=01;35:*.xpm=01;35:*.tif=01;35:*.tiff=01;35:*.png=01;35:*.svg=01;35:*.svgz=01;35:*.mng=01;35:*.pcx=01;35:*.mov=01;35:*.mpg=01;35:*.mpeg=01;35:*.m2v=01;35:*.mkv=01;35:*.webm=01;35:*.webp=01;35:*.ogm=01;35:*.mp4=01;35:*.m4v=01;35:*.mp4v=01;35:*.vob=01;35:*.qt=01;35:*.nuv=01;35:*.wmv=01;35:*.asf=01;35:*.rm=01;35:*.rmvb=01;35:*.flc=01;35:*.avi=01;35:*.fli=01;35:*.flv=01;35:*.gl=01;35:*.dl=01;35:*.xcf=01;35:*.xwd=01;35:*.yuv=01;35:*.cgm=01;35:*.emf=01;35:*.ogv=01;35:*.ogx=01;35:*.aac=00;36:*.au=00;36:*.flac=00;36:*.m4a=00;36:*.mid=00;36:*.midi=00;36:*.mka=00;36:*.mp3=00;36:*.mpc=00;36:*.ogg=00;36:*.ra=00;36:*.wav=00;36:*.oga=00;36:*.opus=00;36:*.spx=00;36:*.xspf=00;36:'), ('VSCODE_GIT_IPC_HANDLE', '/run/user/1000/vscode-git-c59a044dc2.sock'), ('TERM_PROGRAM', 'vscode'), ('SSH_AGENT_LAUNCHER', 'gnome-keyring'), ('SSH_AUTH_SOCK', '/run/user/1000/keyring/ssh'), ('ROS_DOMAIN_ID', '2'), ('AMENT_PREFIX_PATH', '/home/abc/planning_with_ros2/install/planning:/home/abc/planning_with_ros2/install/data_plot:/home/abc/planning_with_ros2/install/base_msgs:/home/abc/perception_with_ros2/install/perception:/home/abc/perception_with_ros2/install/data_plot_per:/home/abc/perception_with_ros2/install/base_msgs_per:/opt/ros/humble'), ('SHELL', '/bin/bash'), ('LC_NAME', 'zh_CN.UTF-8'), ('QT_ACCESSIBILITY', '1'), ('GDMSESSION', 'ubuntu'), ('LESSCLOSE', '/usr/bin/lesspipe %s %s'), ('LC_MEASUREMENT', 'zh_CN.UTF-8'), ('GPG_AGENT_INFO', '/run/user/1000/gnupg/S.gpg-agent:0:1'), ('GJS_DEBUG_OUTPUT', 'stderr'), ('LC_IDENTIFICATION', 'zh_CN.UTF-8'), ('VSCODE_GIT_ASKPASS_EXTRA_ARGS', ''), ('QT_IM_MODULE', 'ibus'), ('PWD', '/home/abc/planning_with_ros2/build/base_msgs'), ('LC_ALL', 'en_US.UTF-8'), ('XDG_CONFIG_DIRS', '/etc/xdg/xdg-ubuntu:/etc/xdg'), ('XDG_DATA_DIRS', '/usr/share/ubuntu:/usr/share/gnome:/usr/local/share/:/usr/share/:/var/lib/snapd/desktop'), ('PYTHONPATH', '/home/abc/planning_with_ros2/install/data_plot/lib/python3.10/site-packages:/home/abc/planning_with_ros2/install/base_msgs/local/lib/python3.10/dist-packages:/home/abc/perception_with_ros2/install/data_plot_per/lib/python3.10/site-packages:/home/abc/perception_with_ros2/install/base_msgs_per/local/lib/python3.10/dist-packages:/opt/ros/humble/lib/python3.10/site-packages:/opt/ros/humble/local/lib/python3.10/dist-packages'), ('LC_NUMERIC', 'zh_CN.UTF-8'), ('LC_PAPER', 'zh_CN.UTF-8'), ('COLCON', '1'), ('CMAKE_PREFIX_PATH', '/home/abc/planning_with_ros2/install/planning:/home/abc/planning_with_ros2/install/base_msgs:/home/abc/perception_with_ros2/install/perception:/home/abc/perception_with_ros2/install/base_msgs_per:/home/abc/planning_with_ros2/install/data_plot:/home/abc/perception_with_ros2/install/data_plot_per:/opt/ros/humble')]), 'shell': False}
[0.306134] (base_msgs) StdoutLine: {'line': b'-- Install configuration: ""\n'}
[0.306269] (base_msgs) StdoutLine: {'line': b'-- Up-to-date: /home/abc/planning_with_ros2/install/base_msgs/share/ament_index/resource_index/rosidl_interfaces/base_msgs\n'}
[0.306369] (base_msgs) StdoutLine: {'line': b'-- Up-to-date: /home/abc/planning_with_ros2/install/base_msgs/include/base_msgs/base_msgs\n'}
[0.306485] (base_msgs) StdoutLine: {'line': b'-- Up-to-date: /home/abc/planning_with_ros2/install/base_msgs/include/base_msgs/base_msgs/msg\n'}
[0.306564] (base_msgs) StdoutLine: {'line': b'-- Up-to-date: /home/abc/planning_with_ros2/install/base_msgs/include/base_msgs/base_msgs/msg/pnc_map.h\n'}
[0.306641] (base_msgs) StdoutLine: {'line': b'-- Up-to-date: /home/abc/planning_with_ros2/install/base_msgs/include/base_msgs/base_msgs/msg/local_trajectory_point.h\n'}
[0.306716] (base_msgs) StdoutLine: {'line': b'-- Up-to-date: /home/abc/planning_with_ros2/install/base_msgs/include/base_msgs/base_msgs/msg/plot_info.h\n'}
[0.306832] (base_msgs) StdoutLine: {'line': b'-- Up-to-date: /home/abc/planning_with_ros2/install/base_msgs/include/base_msgs/base_msgs/msg/rosidl_generator_c__visibility_control.h\n'}
[0.306910] (base_msgs) StdoutLine: {'line': b'-- Up-to-date: /home/abc/planning_with_ros2/install/base_msgs/include/base_msgs/base_msgs/msg/local_path.h\n'}
[0.306985] (base_msgs) StdoutLine: {'line': b'-- Up-to-date: /home/abc/planning_with_ros2/install/base_msgs/include/base_msgs/base_msgs/msg/detail\n'}
[0.307058] (base_msgs) StdoutLine: {'line': b'-- Up-to-date: /home/abc/planning_with_ros2/install/base_msgs/include/base_msgs/base_msgs/msg/detail/obs_info__type_support.h\n'}
[0.307233] (base_msgs) StdoutLine: {'line': b'-- Up-to-date: /home/abc/planning_with_ros2/install/base_msgs/include/base_msgs/base_msgs/msg/detail/local_speeds__functions.c\n'}
[0.307307] (base_msgs) StdoutLine: {'line': b'-- Up-to-date: /home/abc/planning_with_ros2/install/base_msgs/include/base_msgs/base_msgs/msg/detail/local_speeds_point__struct.h\n'}
[0.307377] (base_msgs) StdoutLine: {'line': b'-- Up-to-date: /home/abc/planning_with_ros2/install/base_msgs/include/base_msgs/base_msgs/msg/detail/referline_point__type_support.h\n'}
[0.307449] (base_msgs) StdoutLine: {'line': b'-- Up-to-date: /home/abc/planning_with_ros2/install/base_msgs/include/base_msgs/base_msgs/msg/detail/obs_info__struct.h\n'}
[0.307631] (base_msgs) StdoutLine: {'line': b'-- Up-to-date: /home/abc/planning_with_ros2/install/base_msgs/include/base_msgs/base_msgs/msg/detail/referline__struct.h\n'}
[0.307777] (base_msgs) StdoutLine: {'line': b'-- Up-to-date: /home/abc/planning_with_ros2/install/base_msgs/include/base_msgs/base_msgs/msg/detail/local_speeds__functions.h\n'}
[0.307842] (base_msgs) StdoutLine: {'line': b'-- Up-to-date: /home/abc/planning_with_ros2/install/base_msgs/include/base_msgs/base_msgs/msg/detail/local_path_point__functions.h\n'}
[0.307941] (base_msgs) StdoutLine: {'line': b'-- Up-to-date: /home/abc/planning_with_ros2/install/base_msgs/include/base_msgs/base_msgs/msg/detail/pnc_map__struct.h\n'}
[0.308016] (base_msgs) StdoutLine: {'line': b'-- Up-to-date: /home/abc/planning_with_ros2/install/base_msgs/include/base_msgs/base_msgs/msg/detail/plot_info__struct.h\n'}
[0.308090] (base_msgs) StdoutLine: {'line': b'-- Up-to-date: /home/abc/planning_with_ros2/install/base_msgs/include/base_msgs/base_msgs/msg/detail/local_path_point__struct.h\n'}
[0.308162] (base_msgs) StdoutLine: {'line': b'-- Up-to-date: /home/abc/planning_with_ros2/install/base_msgs/include/base_msgs/base_msgs/msg/detail/local_path__struct.h\n'}
[0.308229] (base_msgs) StdoutLine: {'line': b'-- Up-to-date: /home/abc/planning_with_ros2/install/base_msgs/include/base_msgs/base_msgs/msg/detail/obs_info__functions.h\n'}
[0.308287] (base_msgs) StdoutLine: {'line': b'-- Up-to-date: /home/abc/planning_with_ros2/install/base_msgs/include/base_msgs/base_msgs/msg/detail/obs_info__functions.c\n'}
[0.308347] (base_msgs) StdoutLine: {'line': b'-- Up-to-date: /home/abc/planning_with_ros2/install/base_msgs/include/base_msgs/base_msgs/msg/detail/local_speeds__struct.h\n'}
[0.308406] (base_msgs) StdoutLine: {'line': b'-- Up-to-date: /home/abc/planning_with_ros2/install/base_msgs/include/base_msgs/base_msgs/msg/detail/referline__functions.h\n'}
[0.308699] (base_msgs) StdoutLine: {'line': b'-- Up-to-date: /home/abc/planning_with_ros2/install/base_msgs/include/base_msgs/base_msgs/msg/detail/local_trajectory__type_support.h\n'}
[0.308869] (base_msgs) StdoutLine: {'line': b'-- Up-to-date: /home/abc/planning_with_ros2/install/base_msgs/include/base_msgs/base_msgs/msg/detail/local_trajectory__functions.h\n'}
[0.308962] (base_msgs) StdoutLine: {'line': b'-- Up-to-date: /home/abc/planning_with_ros2/install/base_msgs/include/base_msgs/base_msgs/msg/detail/local_path_point__type_support.h\n'}
[0.309063] (base_msgs) StdoutLine: {'line': b'-- Up-to-date: /home/abc/planning_with_ros2/install/base_msgs/include/base_msgs/base_msgs/msg/detail/local_path_point__functions.c\n'}
[0.309147] (base_msgs) StdoutLine: {'line': b'-- Up-to-date: /home/abc/planning_with_ros2/install/base_msgs/include/base_msgs/base_msgs/msg/detail/referline__type_support.h\n'}
[0.309222] (base_msgs) StdoutLine: {'line': b'-- Up-to-date: /home/abc/planning_with_ros2/install/base_msgs/include/base_msgs/base_msgs/msg/detail/local_trajectory_point__functions.c\n'}
[0.309277] (base_msgs) StdoutLine: {'line': b'-- Up-to-date: /home/abc/planning_with_ros2/install/base_msgs/include/base_msgs/base_msgs/msg/detail/local_trajectory_point__functions.h\n'}
[0.309331] (base_msgs) StdoutLine: {'line': b'-- Up-to-date: /home/abc/planning_with_ros2/install/base_msgs/include/base_msgs/base_msgs/msg/detail/local_path__functions.h\n'}
[0.309388] (base_msgs) StdoutLine: {'line': b'-- Up-to-date: /home/abc/planning_with_ros2/install/base_msgs/include/base_msgs/base_msgs/msg/detail/pnc_map__functions.c\n'}
[0.309445] (base_msgs) StdoutLine: {'line': b'-- Up-to-date: /home/abc/planning_with_ros2/install/base_msgs/include/base_msgs/base_msgs/msg/detail/referline__functions.c\n'}
[0.309502] (base_msgs) StdoutLine: {'line': b'-- Up-to-date: /home/abc/planning_with_ros2/install/base_msgs/include/base_msgs/base_msgs/msg/detail/referline_point__struct.h\n'}
[0.309609] (base_msgs) StdoutLine: {'line': b'-- Up-to-date: /home/abc/planning_with_ros2/install/base_msgs/include/base_msgs/base_msgs/msg/detail/local_trajectory__struct.h\n'}
[0.309670] (base_msgs) StdoutLine: {'line': b'-- Up-to-date: /home/abc/planning_with_ros2/install/base_msgs/include/base_msgs/base_msgs/msg/detail/local_speeds_point__type_support.h\n'}
[0.309804] (base_msgs) StdoutLine: {'line': b'-- Up-to-date: /home/abc/planning_with_ros2/install/base_msgs/include/base_msgs/base_msgs/msg/detail/local_speeds_point__functions.h\n'}
[0.310005] (base_msgs) StdoutLine: {'line': b'-- Up-to-date: /home/abc/planning_with_ros2/install/base_msgs/include/base_msgs/base_msgs/msg/detail/local_trajectory_point__struct.h\n'}
[0.310083] (base_msgs) StdoutLine: {'line': b'-- Up-to-date: /home/abc/planning_with_ros2/install/base_msgs/include/base_msgs/base_msgs/msg/detail/local_path__functions.c\n'}
[0.310176] (base_msgs) StdoutLine: {'line': b'-- Up-to-date: /home/abc/planning_with_ros2/install/base_msgs/include/base_msgs/base_msgs/msg/detail/plot_info__functions.c\n'}
[0.310252] (base_msgs) StdoutLine: {'line': b'-- Up-to-date: /home/abc/planning_with_ros2/install/base_msgs/include/base_msgs/base_msgs/msg/detail/local_trajectory__functions.c\n'}
[0.310362] (base_msgs) StdoutLine: {'line': b'-- Up-to-date: /home/abc/planning_with_ros2/install/base_msgs/include/base_msgs/base_msgs/msg/detail/local_speeds__type_support.h\n'}
[0.310492] (base_msgs) StdoutLine: {'line': b'-- Up-to-date: /home/abc/planning_with_ros2/install/base_msgs/include/base_msgs/base_msgs/msg/detail/plot_info__type_support.h\n'}
[0.310595] (base_msgs) StdoutLine: {'line': b'-- Up-to-date: /home/abc/planning_with_ros2/install/base_msgs/include/base_msgs/base_msgs/msg/detail/referline_point__functions.c\n'}
[0.310693] (base_msgs) StdoutLine: {'line': b'-- Up-to-date: /home/abc/planning_with_ros2/install/base_msgs/include/base_msgs/base_msgs/msg/detail/local_path__type_support.h\n'}
[0.310759] (base_msgs) StdoutLine: {'line': b'-- Up-to-date: /home/abc/planning_with_ros2/install/base_msgs/include/base_msgs/base_msgs/msg/detail/plot_info__functions.h\n'}
[0.310897] (base_msgs) StdoutLine: {'line': b'-- Up-to-date: /home/abc/planning_with_ros2/install/base_msgs/include/base_msgs/base_msgs/msg/detail/pnc_map__type_support.h\n'}
[0.311017] (base_msgs) StdoutLine: {'line': b'-- Up-to-date: /home/abc/planning_with_ros2/install/base_msgs/include/base_msgs/base_msgs/msg/detail/pnc_map__functions.h\n'}
[0.311166] (base_msgs) StdoutLine: {'line': b'-- Up-to-date: /home/abc/planning_with_ros2/install/base_msgs/include/base_msgs/base_msgs/msg/detail/local_trajectory_point__type_support.h\n'}
[0.311251] (base_msgs) StdoutLine: {'line': b'-- Up-to-date: /home/abc/planning_with_ros2/install/base_msgs/include/base_msgs/base_msgs/msg/detail/local_speeds_point__functions.c\n'}
[0.311308] (base_msgs) StdoutLine: {'line': b'-- Up-to-date: /home/abc/planning_with_ros2/install/base_msgs/include/base_msgs/base_msgs/msg/detail/referline_point__functions.h\n'}
[0.311364] (base_msgs) StdoutLine: {'line': b'-- Up-to-date: /home/abc/planning_with_ros2/install/base_msgs/include/base_msgs/base_msgs/msg/referline_point.h\n'}
[0.311422] (base_msgs) StdoutLine: {'line': b'-- Up-to-date: /home/abc/planning_with_ros2/install/base_msgs/include/base_msgs/base_msgs/msg/obs_info.h\n'}
[0.311480] (base_msgs) StdoutLine: {'line': b'-- Up-to-date: /home/abc/planning_with_ros2/install/base_msgs/include/base_msgs/base_msgs/msg/referline.h\n'}
[0.311537] (base_msgs) StdoutLine: {'line': b'-- Up-to-date: /home/abc/planning_with_ros2/install/base_msgs/include/base_msgs/base_msgs/msg/local_speeds_point.h\n'}
[0.311661] (base_msgs) StdoutLine: {'line': b'-- Up-to-date: /home/abc/planning_with_ros2/install/base_msgs/include/base_msgs/base_msgs/msg/local_speeds.h\n'}
[0.311726] (base_msgs) StdoutLine: {'line': b'-- Up-to-date: /home/abc/planning_with_ros2/install/base_msgs/include/base_msgs/base_msgs/msg/local_trajectory.h\n'}
[0.311890] (base_msgs) StdoutLine: {'line': b'-- Up-to-date: /home/abc/planning_with_ros2/install/base_msgs/include/base_msgs/base_msgs/msg/local_path_point.h\n'}
[0.311971] (base_msgs) StdoutLine: {'line': b'-- Up-to-date: /home/abc/planning_with_ros2/install/base_msgs/include/base_msgs/base_msgs/srv\n'}
[0.312031] (base_msgs) StdoutLine: {'line': b'-- Up-to-date: /home/abc/planning_with_ros2/install/base_msgs/include/base_msgs/base_msgs/srv/detail\n'}
[0.312146] (base_msgs) StdoutLine: {'line': b'-- Up-to-date: /home/abc/planning_with_ros2/install/base_msgs/include/base_msgs/base_msgs/srv/detail/global_path_service__functions.h\n'}
[0.312216] (base_msgs) StdoutLine: {'line': b'-- Up-to-date: /home/abc/planning_with_ros2/install/base_msgs/include/base_msgs/base_msgs/srv/detail/pnc_map_service__struct.h\n'}
[0.312274] (base_msgs) StdoutLine: {'line': b'-- Up-to-date: /home/abc/planning_with_ros2/install/base_msgs/include/base_msgs/base_msgs/srv/detail/pnc_map_service__functions.c\n'}
[0.312328] (base_msgs) StdoutLine: {'line': b'-- Up-to-date: /home/abc/planning_with_ros2/install/base_msgs/include/base_msgs/base_msgs/srv/detail/global_path_service__type_support.h\n'}
[0.312382] (base_msgs) StdoutLine: {'line': b'-- Up-to-date: /home/abc/planning_with_ros2/install/base_msgs/include/base_msgs/base_msgs/srv/detail/global_path_service__struct.h\n'}
[0.312438] (base_msgs) StdoutLine: {'line': b'-- Up-to-date: /home/abc/planning_with_ros2/install/base_msgs/include/base_msgs/base_msgs/srv/detail/pnc_map_service__type_support.h\n'}
[0.312496] (base_msgs) StdoutLine: {'line': b'-- Up-to-date: /home/abc/planning_with_ros2/install/base_msgs/include/base_msgs/base_msgs/srv/detail/global_path_service__functions.c\n'}
[0.312553] (base_msgs) StdoutLine: {'line': b'-- Up-to-date: /home/abc/planning_with_ros2/install/base_msgs/include/base_msgs/base_msgs/srv/detail/pnc_map_service__functions.h\n'}
[0.312610] (base_msgs) StdoutLine: {'line': b'-- Up-to-date: /home/abc/planning_with_ros2/install/base_msgs/include/base_msgs/base_msgs/srv/pnc_map_service.h\n'}
[0.312667] (base_msgs) StdoutLine: {'line': b'-- Up-to-date: /home/abc/planning_with_ros2/install/base_msgs/include/base_msgs/base_msgs/srv/global_path_service.h\n'}
[0.312725] (base_msgs) StdoutLine: {'line': b'-- Up-to-date: /home/abc/planning_with_ros2/install/base_msgs/share/base_msgs/environment/library_path.sh\n'}
[0.312798] (base_msgs) StdoutLine: {'line': b'-- Up-to-date: /home/abc/planning_with_ros2/install/base_msgs/share/base_msgs/environment/library_path.dsv\n'}
[0.312887] (base_msgs) StdoutLine: {'line': b'-- Up-to-date: /home/abc/planning_with_ros2/install/base_msgs/lib/libbase_msgs__rosidl_generator_c.so\n'}
[0.312945] (base_msgs) StdoutLine: {'line': b'-- Up-to-date: /home/abc/planning_with_ros2/install/base_msgs/include/base_msgs/base_msgs\n'}
[0.313021] (base_msgs) StdoutLine: {'line': b'-- Up-to-date: /home/abc/planning_with_ros2/install/base_msgs/include/base_msgs/base_msgs/msg\n'}
[0.313078] (base_msgs) StdoutLine: {'line': b'-- Up-to-date: /home/abc/planning_with_ros2/install/base_msgs/include/base_msgs/base_msgs/msg/rosidl_typesupport_fastrtps_c__visibility_control.h\n'}
[0.313147] (base_msgs) StdoutLine: {'line': b'-- Up-to-date: /home/abc/planning_with_ros2/install/base_msgs/include/base_msgs/base_msgs/msg/detail\n'}
[0.313205] (base_msgs) StdoutLine: {'line': b'-- Up-to-date: /home/abc/planning_with_ros2/install/base_msgs/include/base_msgs/base_msgs/msg/detail/obs_info__rosidl_typesupport_fastrtps_c.h\n'}
[0.313263] (base_msgs) StdoutLine: {'line': b'-- Up-to-date: /home/abc/planning_with_ros2/install/base_msgs/include/base_msgs/base_msgs/msg/detail/local_trajectory_point__rosidl_typesupport_fastrtps_c.h\n'}
[0.313321] (base_msgs) StdoutLine: {'line': b'-- Up-to-date: /home/abc/planning_with_ros2/install/base_msgs/include/base_msgs/base_msgs/msg/detail/local_speeds__rosidl_typesupport_fastrtps_c.h\n'}
[0.313380] (base_msgs) StdoutLine: {'line': b'-- Up-to-date: /home/abc/planning_with_ros2/install/base_msgs/include/base_msgs/base_msgs/msg/detail/local_speeds_point__rosidl_typesupport_fastrtps_c.h\n'}
[0.313438] (base_msgs) StdoutLine: {'line': b'-- Up-to-date: /home/abc/planning_with_ros2/install/base_msgs/include/base_msgs/base_msgs/msg/detail/plot_info__rosidl_typesupport_fastrtps_c.h\n'}
[0.313495] (base_msgs) StdoutLine: {'line': b'-- Up-to-date: /home/abc/planning_with_ros2/install/base_msgs/include/base_msgs/base_msgs/msg/detail/local_trajectory__rosidl_typesupport_fastrtps_c.h\n'}
[0.313569] (base_msgs) StdoutLine: {'line': b'-- Up-to-date: /home/abc/planning_with_ros2/install/base_msgs/include/base_msgs/base_msgs/msg/detail/local_path_point__rosidl_typesupport_fastrtps_c.h\n'}
[0.313627] (base_msgs) StdoutLine: {'line': b'-- Up-to-date: /home/abc/planning_with_ros2/install/base_msgs/include/base_msgs/base_msgs/msg/detail/referline_point__rosidl_typesupport_fastrtps_c.h\n'}
[0.313695] (base_msgs) StdoutLine: {'line': b'-- Up-to-date: /home/abc/planning_with_ros2/install/base_msgs/include/base_msgs/base_msgs/msg/detail/pnc_map__rosidl_typesupport_fastrtps_c.h\n'}
[0.313763] (base_msgs) StdoutLine: {'line': b'-- Up-to-date: /home/abc/planning_with_ros2/install/base_msgs/include/base_msgs/base_msgs/msg/detail/referline__rosidl_typesupport_fastrtps_c.h\n'}
[0.313914] (base_msgs) StdoutLine: {'line': b'-- Up-to-date: /home/abc/planning_with_ros2/install/base_msgs/include/base_msgs/base_msgs/msg/detail/local_path__rosidl_typesupport_fastrtps_c.h\n'}
[0.313980] (base_msgs) StdoutLine: {'line': b'-- Up-to-date: /home/abc/planning_with_ros2/install/base_msgs/include/base_msgs/base_msgs/srv\n'}
[0.314035] (base_msgs) StdoutLine: {'line': b'-- Up-to-date: /home/abc/planning_with_ros2/install/base_msgs/include/base_msgs/base_msgs/srv/detail\n'}
[0.314090] (base_msgs) StdoutLine: {'line': b'-- Up-to-date: /home/abc/planning_with_ros2/install/base_msgs/include/base_msgs/base_msgs/srv/detail/pnc_map_service__rosidl_typesupport_fastrtps_c.h\n'}
[0.314145] (base_msgs) StdoutLine: {'line': b'-- Up-to-date: /home/abc/planning_with_ros2/install/base_msgs/include/base_msgs/base_msgs/srv/detail/global_path_service__rosidl_typesupport_fastrtps_c.h\n'}
[0.314199] (base_msgs) StdoutLine: {'line': b'-- Up-to-date: /home/abc/planning_with_ros2/install/base_msgs/lib/libbase_msgs__rosidl_typesupport_fastrtps_c.so\n'}
[0.314253] (base_msgs) StdoutLine: {'line': b'-- Up-to-date: /home/abc/planning_with_ros2/install/base_msgs/include/base_msgs/base_msgs\n'}
[0.314307] (base_msgs) StdoutLine: {'line': b'-- Up-to-date: /home/abc/planning_with_ros2/install/base_msgs/include/base_msgs/base_msgs/msg\n'}
[0.314361] (base_msgs) StdoutLine: {'line': b'-- Up-to-date: /home/abc/planning_with_ros2/install/base_msgs/include/base_msgs/base_msgs/msg/rosidl_typesupport_introspection_c__visibility_control.h\n'}
[0.314415] (base_msgs) StdoutLine: {'line': b'-- Up-to-date: /home/abc/planning_with_ros2/install/base_msgs/include/base_msgs/base_msgs/msg/detail\n'}
[0.314469] (base_msgs) StdoutLine: {'line': b'-- Up-to-date: /home/abc/planning_with_ros2/install/base_msgs/include/base_msgs/base_msgs/msg/detail/local_trajectory__type_support.c\n'}
[0.314523] (base_msgs) StdoutLine: {'line': b'-- Up-to-date: /home/abc/planning_with_ros2/install/base_msgs/include/base_msgs/base_msgs/msg/detail/local_path_point__rosidl_typesupport_introspection_c.h\n'}
[0.314577] (base_msgs) StdoutLine: {'line': b'-- Up-to-date: /home/abc/planning_with_ros2/install/base_msgs/include/base_msgs/base_msgs/msg/detail/local_speeds_point__type_support.c\n'}
[0.314635] (base_msgs) StdoutLine: {'line': b'-- Up-to-date: /home/abc/planning_with_ros2/install/base_msgs/include/base_msgs/base_msgs/msg/detail/referline__type_support.c\n'}
[0.314690] (base_msgs) StdoutLine: {'line': b'-- Up-to-date: /home/abc/planning_with_ros2/install/base_msgs/include/base_msgs/base_msgs/msg/detail/pnc_map__rosidl_typesupport_introspection_c.h\n'}
[0.314744] (base_msgs) StdoutLine: {'line': b'-- Up-to-date: /home/abc/planning_with_ros2/install/base_msgs/include/base_msgs/base_msgs/msg/detail/local_speeds_point__rosidl_typesupport_introspection_c.h\n'}
[0.314816] (base_msgs) StdoutLine: {'line': b'-- Up-to-date: /home/abc/planning_with_ros2/install/base_msgs/include/base_msgs/base_msgs/msg/detail/local_trajectory__rosidl_typesupport_introspection_c.h\n'}
[0.314875] (base_msgs) StdoutLine: {'line': b'-- Up-to-date: /home/abc/planning_with_ros2/install/base_msgs/include/base_msgs/base_msgs/msg/detail/local_speeds__type_support.c\n'}
[0.314930] (base_msgs) StdoutLine: {'line': b'-- Up-to-date: /home/abc/planning_with_ros2/install/base_msgs/include/base_msgs/base_msgs/msg/detail/referline_point__type_support.c\n'}
[0.314988] (base_msgs) StdoutLine: {'line': b'-- Up-to-date: /home/abc/planning_with_ros2/install/base_msgs/include/base_msgs/base_msgs/msg/detail/referline_point__rosidl_typesupport_introspection_c.h\n'}
[0.315042] (base_msgs) StdoutLine: {'line': b'-- Up-to-date: /home/abc/planning_with_ros2/install/base_msgs/include/base_msgs/base_msgs/msg/detail/pnc_map__type_support.c\n'}
[0.315095] (base_msgs) StdoutLine: {'line': b'-- Up-to-date: /home/abc/planning_with_ros2/install/base_msgs/include/base_msgs/base_msgs/msg/detail/referline__rosidl_typesupport_introspection_c.h\n'}
[0.315148] (base_msgs) StdoutLine: {'line': b'-- Up-to-date: /home/abc/planning_with_ros2/install/base_msgs/include/base_msgs/base_msgs/msg/detail/local_trajectory_point__rosidl_typesupport_introspection_c.h\n'}
[0.315203] (base_msgs) StdoutLine: {'line': b'-- Up-to-date: /home/abc/planning_with_ros2/install/base_msgs/include/base_msgs/base_msgs/msg/detail/obs_info__rosidl_typesupport_introspection_c.h\n'}
[0.315256] (base_msgs) StdoutLine: {'line': b'-- Up-to-date: /home/abc/planning_with_ros2/install/base_msgs/include/base_msgs/base_msgs/msg/detail/obs_info__type_support.c\n'}
[0.315309] (base_msgs) StdoutLine: {'line': b'-- Up-to-date: /home/abc/planning_with_ros2/install/base_msgs/include/base_msgs/base_msgs/msg/detail/local_path__type_support.c\n'}
[0.315362] (base_msgs) StdoutLine: {'line': b'-- Up-to-date: /home/abc/planning_with_ros2/install/base_msgs/include/base_msgs/base_msgs/msg/detail/local_path_point__type_support.c\n'}
[0.315415] (base_msgs) StdoutLine: {'line': b'-- Up-to-date: /home/abc/planning_with_ros2/install/base_msgs/include/base_msgs/base_msgs/msg/detail/local_trajectory_point__type_support.c\n'}
[0.315469] (base_msgs) StdoutLine: {'line': b'-- Up-to-date: /home/abc/planning_with_ros2/install/base_msgs/include/base_msgs/base_msgs/msg/detail/plot_info__type_support.c\n'}
[0.315522] (base_msgs) StdoutLine: {'line': b'-- Up-to-date: /home/abc/planning_with_ros2/install/base_msgs/include/base_msgs/base_msgs/msg/detail/local_speeds__rosidl_typesupport_introspection_c.h\n'}
[0.315574] (base_msgs) StdoutLine: {'line': b'-- Up-to-date: /home/abc/planning_with_ros2/install/base_msgs/include/base_msgs/base_msgs/msg/detail/local_path__rosidl_typesupport_introspection_c.h\n'}
[0.315633] (base_msgs) StdoutLine: {'line': b'-- Up-to-date: /home/abc/planning_with_ros2/install/base_msgs/include/base_msgs/base_msgs/msg/detail/plot_info__rosidl_typesupport_introspection_c.h\n'}
[0.315686] (base_msgs) StdoutLine: {'line': b'-- Up-to-date: /home/abc/planning_with_ros2/install/base_msgs/include/base_msgs/base_msgs/srv\n'}
[0.315740] (base_msgs) StdoutLine: {'line': b'-- Up-to-date: /home/abc/planning_with_ros2/install/base_msgs/include/base_msgs/base_msgs/srv/detail\n'}
[0.315806] (base_msgs) StdoutLine: {'line': b'-- Up-to-date: /home/abc/planning_with_ros2/install/base_msgs/include/base_msgs/base_msgs/srv/detail/global_path_service__type_support.c\n'}
[0.315863] (base_msgs) StdoutLine: {'line': b'-- Up-to-date: /home/abc/planning_with_ros2/install/base_msgs/include/base_msgs/base_msgs/srv/detail/global_path_service__rosidl_typesupport_introspection_c.h\n'}
[0.315916] (base_msgs) StdoutLine: {'line': b'-- Up-to-date: /home/abc/planning_with_ros2/install/base_msgs/include/base_msgs/base_msgs/srv/detail/pnc_map_service__rosidl_typesupport_introspection_c.h\n'}
[0.315969] (base_msgs) StdoutLine: {'line': b'-- Up-to-date: /home/abc/planning_with_ros2/install/base_msgs/include/base_msgs/base_msgs/srv/detail/pnc_map_service__type_support.c\n'}
[0.316022] (base_msgs) StdoutLine: {'line': b'-- Up-to-date: /home/abc/planning_with_ros2/install/base_msgs/lib/libbase_msgs__rosidl_typesupport_introspection_c.so\n'}
[0.316075] (base_msgs) StdoutLine: {'line': b'-- Up-to-date: /home/abc/planning_with_ros2/install/base_msgs/lib/libbase_msgs__rosidl_typesupport_c.so\n'}
[0.316127] (base_msgs) StdoutLine: {'line': b'-- Up-to-date: /home/abc/planning_with_ros2/install/base_msgs/include/base_msgs/base_msgs\n'}
[0.316185] (base_msgs) StdoutLine: {'line': b'-- Up-to-date: /home/abc/planning_with_ros2/install/base_msgs/include/base_msgs/base_msgs/msg\n'}
[0.316238] (base_msgs) StdoutLine: {'line': b'-- Up-to-date: /home/abc/planning_with_ros2/install/base_msgs/include/base_msgs/base_msgs/msg/local_speeds.hpp\n'}
[0.316291] (base_msgs) StdoutLine: {'line': b'-- Up-to-date: /home/abc/planning_with_ros2/install/base_msgs/include/base_msgs/base_msgs/msg/local_path_point.hpp\n'}
[0.316344] (base_msgs) StdoutLine: {'line': b'-- Up-to-date: /home/abc/planning_with_ros2/install/base_msgs/include/base_msgs/base_msgs/msg/detail\n'}
[0.316401] (base_msgs) StdoutLine: {'line': b'-- Up-to-date: /home/abc/planning_with_ros2/install/base_msgs/include/base_msgs/base_msgs/msg/detail/pnc_map__traits.hpp\n'}
[0.316456] (base_msgs) StdoutLine: {'line': b'-- Up-to-date: /home/abc/planning_with_ros2/install/base_msgs/include/base_msgs/base_msgs/msg/detail/local_trajectory_point__type_support.hpp\n'}
[0.316510] (base_msgs) StdoutLine: {'line': b'-- Up-to-date: /home/abc/planning_with_ros2/install/base_msgs/include/base_msgs/base_msgs/msg/detail/obs_info__builder.hpp\n'}
[0.316564] (base_msgs) StdoutLine: {'line': b'-- Up-to-date: /home/abc/planning_with_ros2/install/base_msgs/include/base_msgs/base_msgs/msg/detail/referline_point__type_support.hpp\n'}
[0.316617] (base_msgs) StdoutLine: {'line': b'-- Up-to-date: /home/abc/planning_with_ros2/install/base_msgs/include/base_msgs/base_msgs/msg/detail/local_path__struct.hpp\n'}
[0.316671] (base_msgs) StdoutLine: {'line': b'-- Up-to-date: /home/abc/planning_with_ros2/install/base_msgs/include/base_msgs/base_msgs/msg/detail/plot_info__struct.hpp\n'}
[0.316725] (base_msgs) StdoutLine: {'line': b'-- Up-to-date: /home/abc/planning_with_ros2/install/base_msgs/include/base_msgs/base_msgs/msg/detail/pnc_map__builder.hpp\n'}
[0.316791] (base_msgs) StdoutLine: {'line': b'-- Up-to-date: /home/abc/planning_with_ros2/install/base_msgs/include/base_msgs/base_msgs/msg/detail/plot_info__builder.hpp\n'}
[0.316848] (base_msgs) StdoutLine: {'line': b'-- Up-to-date: /home/abc/planning_with_ros2/install/base_msgs/include/base_msgs/base_msgs/msg/detail/referline__traits.hpp\n'}
[0.316901] (base_msgs) StdoutLine: {'line': b'-- Up-to-date: /home/abc/planning_with_ros2/install/base_msgs/include/base_msgs/base_msgs/msg/detail/local_speeds_point__struct.hpp\n'}
[0.316955] (base_msgs) StdoutLine: {'line': b'-- Up-to-date: /home/abc/planning_with_ros2/install/base_msgs/include/base_msgs/base_msgs/msg/detail/local_trajectory__type_support.hpp\n'}
[0.317009] (base_msgs) StdoutLine: {'line': b'-- Up-to-date: /home/abc/planning_with_ros2/install/base_msgs/include/base_msgs/base_msgs/msg/detail/local_path_point__struct.hpp\n'}
[0.317063] (base_msgs) StdoutLine: {'line': b'-- Up-to-date: /home/abc/planning_with_ros2/install/base_msgs/include/base_msgs/base_msgs/msg/detail/local_speeds__builder.hpp\n'}
[0.317118] (base_msgs) StdoutLine: {'line': b'-- Up-to-date: /home/abc/planning_with_ros2/install/base_msgs/include/base_msgs/base_msgs/msg/detail/local_path__traits.hpp\n'}
[0.317172] (base_msgs) StdoutLine: {'line': b'-- Up-to-date: /home/abc/planning_with_ros2/install/base_msgs/include/base_msgs/base_msgs/msg/detail/local_trajectory__struct.hpp\n'}
[0.317226] (base_msgs) StdoutLine: {'line': b'-- Up-to-date: /home/abc/planning_with_ros2/install/base_msgs/include/base_msgs/base_msgs/msg/detail/local_speeds_point__traits.hpp\n'}
[0.317281] (base_msgs) StdoutLine: {'line': b'-- Up-to-date: /home/abc/planning_with_ros2/install/base_msgs/include/base_msgs/base_msgs/msg/detail/local_speeds_point__type_support.hpp\n'}
[0.317334] (base_msgs) StdoutLine: {'line': b'-- Up-to-date: /home/abc/planning_with_ros2/install/base_msgs/include/base_msgs/base_msgs/msg/detail/local_path__builder.hpp\n'}
[0.317387] (base_msgs) StdoutLine: {'line': b'-- Up-to-date: /home/abc/planning_with_ros2/install/base_msgs/include/base_msgs/base_msgs/msg/detail/plot_info__type_support.hpp\n'}
[0.317463] (base_msgs) StdoutLine: {'line': b'-- Up-to-date: /home/abc/planning_with_ros2/install/base_msgs/include/base_msgs/base_msgs/msg/detail/referline_point__builder.hpp\n'}
[0.317526] (base_msgs) StdoutLine: {'line': b'-- Up-to-date: /home/abc/planning_with_ros2/install/base_msgs/include/base_msgs/base_msgs/msg/detail/obs_info__type_support.hpp\n'}
[0.317580] (base_msgs) StdoutLine: {'line': b'-- Up-to-date: /home/abc/planning_with_ros2/install/base_msgs/include/base_msgs/base_msgs/msg/detail/referline__builder.hpp\n'}
[0.317634] (base_msgs) StdoutLine: {'line': b'-- Up-to-date: /home/abc/planning_with_ros2/install/base_msgs/include/base_msgs/base_msgs/msg/detail/pnc_map__struct.hpp\n'}
[0.317687] (base_msgs) StdoutLine: {'line': b'-- Up-to-date: /home/abc/planning_with_ros2/install/base_msgs/include/base_msgs/base_msgs/msg/detail/local_path_point__traits.hpp\n'}
[0.317741] (base_msgs) StdoutLine: {'line': b'-- Up-to-date: /home/abc/planning_with_ros2/install/base_msgs/include/base_msgs/base_msgs/msg/detail/local_speeds__type_support.hpp\n'}
[0.317808] (base_msgs) StdoutLine: {'line': b'-- Up-to-date: /home/abc/planning_with_ros2/install/base_msgs/include/base_msgs/base_msgs/msg/detail/obs_info__traits.hpp\n'}
[0.317865] (base_msgs) StdoutLine: {'line': b'-- Up-to-date: /home/abc/planning_with_ros2/install/base_msgs/include/base_msgs/base_msgs/msg/detail/local_trajectory__builder.hpp\n'}
[0.317919] (base_msgs) StdoutLine: {'line': b'-- Up-to-date: /home/abc/planning_with_ros2/install/base_msgs/include/base_msgs/base_msgs/msg/detail/local_trajectory__traits.hpp\n'}
[0.317973] (base_msgs) StdoutLine: {'line': b'-- Up-to-date: /home/abc/planning_with_ros2/install/base_msgs/include/base_msgs/base_msgs/msg/detail/referline__struct.hpp\n'}
[0.318027] (base_msgs) StdoutLine: {'line': b'-- Up-to-date: /home/abc/planning_with_ros2/install/base_msgs/include/base_msgs/base_msgs/msg/detail/referline__type_support.hpp\n'}
[0.318086] (base_msgs) StdoutLine: {'line': b'-- Up-to-date: /home/abc/planning_with_ros2/install/base_msgs/include/base_msgs/base_msgs/msg/detail/referline_point__struct.hpp\n'}
[0.318141] (base_msgs) StdoutLine: {'line': b'-- Up-to-date: /home/abc/planning_with_ros2/install/base_msgs/include/base_msgs/base_msgs/msg/detail/plot_info__traits.hpp\n'}
[0.318195] (base_msgs) StdoutLine: {'line': b'-- Up-to-date: /home/abc/planning_with_ros2/install/base_msgs/include/base_msgs/base_msgs/msg/detail/local_trajectory_point__builder.hpp\n'}
[0.318249] (base_msgs) StdoutLine: {'line': b'-- Up-to-date: /home/abc/planning_with_ros2/install/base_msgs/include/base_msgs/base_msgs/msg/detail/local_speeds__traits.hpp\n'}
[0.318302] (base_msgs) StdoutLine: {'line': b'-- Up-to-date: /home/abc/planning_with_ros2/install/base_msgs/include/base_msgs/base_msgs/msg/detail/local_trajectory_point__traits.hpp\n'}
[0.318377] (base_msgs) StdoutLine: {'line': b'-- Up-to-date: /home/abc/planning_with_ros2/install/base_msgs/include/base_msgs/base_msgs/msg/detail/local_path__type_support.hpp\n'}
[0.318446] (base_msgs) StdoutLine: {'line': b'-- Up-to-date: /home/abc/planning_with_ros2/install/base_msgs/include/base_msgs/base_msgs/msg/detail/local_path_point__type_support.hpp\n'}
[0.318501] (base_msgs) StdoutLine: {'line': b'-- Up-to-date: /home/abc/planning_with_ros2/install/base_msgs/include/base_msgs/base_msgs/msg/detail/local_trajectory_point__struct.hpp\n'}
[0.318555] (base_msgs) StdoutLine: {'line': b'-- Up-to-date: /home/abc/planning_with_ros2/install/base_msgs/include/base_msgs/base_msgs/msg/detail/obs_info__struct.hpp\n'}
[0.318608] (base_msgs) StdoutLine: {'line': b'-- Up-to-date: /home/abc/planning_with_ros2/install/base_msgs/include/base_msgs/base_msgs/msg/detail/referline_point__traits.hpp\n'}
[0.318661] (base_msgs) StdoutLine: {'line': b'-- Up-to-date: /home/abc/planning_with_ros2/install/base_msgs/include/base_msgs/base_msgs/msg/detail/local_speeds_point__builder.hpp\n'}
[0.318714] (base_msgs) StdoutLine: {'line': b'-- Up-to-date: /home/abc/planning_with_ros2/install/base_msgs/include/base_msgs/base_msgs/msg/detail/pnc_map__type_support.hpp\n'}
[0.318787] (base_msgs) StdoutLine: {'line': b'-- Up-to-date: /home/abc/planning_with_ros2/install/base_msgs/include/base_msgs/base_msgs/msg/detail/local_speeds__struct.hpp\n'}
[0.318845] (base_msgs) StdoutLine: {'line': b'-- Up-to-date: /home/abc/planning_with_ros2/install/base_msgs/include/base_msgs/base_msgs/msg/detail/local_path_point__builder.hpp\n'}
[0.318899] (base_msgs) StdoutLine: {'line': b'-- Up-to-date: /home/abc/planning_with_ros2/install/base_msgs/include/base_msgs/base_msgs/msg/local_path.hpp\n'}
[0.318952] (base_msgs) StdoutLine: {'line': b'-- Up-to-date: /home/abc/planning_with_ros2/install/base_msgs/include/base_msgs/base_msgs/msg/rosidl_generator_cpp__visibility_control.hpp\n'}
[0.319007] (base_msgs) StdoutLine: {'line': b'-- Up-to-date: /home/abc/planning_with_ros2/install/base_msgs/include/base_msgs/base_msgs/msg/referline.hpp\n'}
[0.319060] (base_msgs) StdoutLine: {'line': b'-- Up-to-date: /home/abc/planning_with_ros2/install/base_msgs/include/base_msgs/base_msgs/msg/local_trajectory_point.hpp\n'}
[0.319114] (base_msgs) StdoutLine: {'line': b'-- Up-to-date: /home/abc/planning_with_ros2/install/base_msgs/include/base_msgs/base_msgs/msg/obs_info.hpp\n'}
[0.319168] (base_msgs) StdoutLine: {'line': b'-- Up-to-date: /home/abc/planning_with_ros2/install/base_msgs/include/base_msgs/base_msgs/msg/plot_info.hpp\n'}
[0.319222] (base_msgs) StdoutLine: {'line': b'-- Up-to-date: /home/abc/planning_with_ros2/install/base_msgs/include/base_msgs/base_msgs/msg/local_trajectory.hpp\n'}
[0.319283] (base_msgs) StdoutLine: {'line': b'-- Up-to-date: /home/abc/planning_with_ros2/install/base_msgs/include/base_msgs/base_msgs/msg/local_speeds_point.hpp\n'}
[0.319337] (base_msgs) StdoutLine: {'line': b'-- Up-to-date: /home/abc/planning_with_ros2/install/base_msgs/include/base_msgs/base_msgs/msg/pnc_map.hpp\n'}
[0.319391] (base_msgs) StdoutLine: {'line': b'-- Up-to-date: /home/abc/planning_with_ros2/install/base_msgs/include/base_msgs/base_msgs/msg/referline_point.hpp\n'}
[0.319444] (base_msgs) StdoutLine: {'line': b'-- Up-to-date: /home/abc/planning_with_ros2/install/base_msgs/include/base_msgs/base_msgs/srv\n'}
[0.319498] (base_msgs) StdoutLine: {'line': b'-- Up-to-date: /home/abc/planning_with_ros2/install/base_msgs/include/base_msgs/base_msgs/srv/pnc_map_service.hpp\n'}
[0.319552] (base_msgs) StdoutLine: {'line': b'-- Up-to-date: /home/abc/planning_with_ros2/install/base_msgs/include/base_msgs/base_msgs/srv/detail\n'}
[0.319605] (base_msgs) StdoutLine: {'line': b'-- Up-to-date: /home/abc/planning_with_ros2/install/base_msgs/include/base_msgs/base_msgs/srv/detail/global_path_service__builder.hpp\n'}
[0.319659] (base_msgs) StdoutLine: {'line': b'-- Up-to-date: /home/abc/planning_with_ros2/install/base_msgs/include/base_msgs/base_msgs/srv/detail/pnc_map_service__traits.hpp\n'}
[0.319713] (base_msgs) StdoutLine: {'line': b'-- Up-to-date: /home/abc/planning_with_ros2/install/base_msgs/include/base_msgs/base_msgs/srv/detail/pnc_map_service__type_support.hpp\n'}
[0.319798] (base_msgs) StdoutLine: {'line': b'-- Up-to-date: /home/abc/planning_with_ros2/install/base_msgs/include/base_msgs/base_msgs/srv/detail/global_path_service__struct.hpp\n'}
[0.319863] (base_msgs) StdoutLine: {'line': b'-- Up-to-date: /home/abc/planning_with_ros2/install/base_msgs/include/base_msgs/base_msgs/srv/detail/pnc_map_service__builder.hpp\n'}
[0.319918] (base_msgs) StdoutLine: {'line': b'-- Up-to-date: /home/abc/planning_with_ros2/install/base_msgs/include/base_msgs/base_msgs/srv/detail/global_path_service__type_support.hpp\n'}
[0.319972] (base_msgs) StdoutLine: {'line': b'-- Up-to-date: /home/abc/planning_with_ros2/install/base_msgs/include/base_msgs/base_msgs/srv/detail/global_path_service__traits.hpp\n'}
[0.320027] (base_msgs) StdoutLine: {'line': b'-- Up-to-date: /home/abc/planning_with_ros2/install/base_msgs/include/base_msgs/base_msgs/srv/detail/pnc_map_service__struct.hpp\n'}
[0.320085] (base_msgs) StdoutLine: {'line': b'-- Up-to-date: /home/abc/planning_with_ros2/install/base_msgs/include/base_msgs/base_msgs/srv/global_path_service.hpp\n'}
[0.320150] (base_msgs) StdoutLine: {'line': b'-- Up-to-date: /home/abc/planning_with_ros2/install/base_msgs/include/base_msgs/base_msgs\n'}
[0.320205] (base_msgs) StdoutLine: {'line': b'-- Up-to-date: /home/abc/planning_with_ros2/install/base_msgs/include/base_msgs/base_msgs/msg\n'}
[0.320260] (base_msgs) StdoutLine: {'line': b'-- Up-to-date: /home/abc/planning_with_ros2/install/base_msgs/include/base_msgs/base_msgs/msg/detail\n'}
[0.320314] (base_msgs) StdoutLine: {'line': b'-- Up-to-date: /home/abc/planning_with_ros2/install/base_msgs/include/base_msgs/base_msgs/msg/detail/local_path__rosidl_typesupport_fastrtps_cpp.hpp\n'}
[0.320368] (base_msgs) StdoutLine: {'line': b'-- Up-to-date: /home/abc/planning_with_ros2/install/base_msgs/include/base_msgs/base_msgs/msg/detail/referline__rosidl_typesupport_fastrtps_cpp.hpp\n'}
[0.320422] (base_msgs) StdoutLine: {'line': b'-- Up-to-date: /home/abc/planning_with_ros2/install/base_msgs/include/base_msgs/base_msgs/msg/detail/local_trajectory__rosidl_typesupport_fastrtps_cpp.hpp\n'}
[0.320477] (base_msgs) StdoutLine: {'line': b'-- Up-to-date: /home/abc/planning_with_ros2/install/base_msgs/include/base_msgs/base_msgs/msg/detail/local_trajectory_point__rosidl_typesupport_fastrtps_cpp.hpp\n'}
[0.320531] (base_msgs) StdoutLine: {'line': b'-- Up-to-date: /home/abc/planning_with_ros2/install/base_msgs/include/base_msgs/base_msgs/msg/detail/obs_info__rosidl_typesupport_fastrtps_cpp.hpp\n'}
[0.320585] (base_msgs) StdoutLine: {'line': b'-- Up-to-date: /home/abc/planning_with_ros2/install/base_msgs/include/base_msgs/base_msgs/msg/detail/local_path_point__rosidl_typesupport_fastrtps_cpp.hpp\n'}
[0.320639] (base_msgs) StdoutLine: {'line': b'-- Up-to-date: /home/abc/planning_with_ros2/install/base_msgs/include/base_msgs/base_msgs/msg/detail/referline_point__rosidl_typesupport_fastrtps_cpp.hpp\n'}
[0.320693] (base_msgs) StdoutLine: {'line': b'-- Up-to-date: /home/abc/planning_with_ros2/install/base_msgs/include/base_msgs/base_msgs/msg/detail/pnc_map__rosidl_typesupport_fastrtps_cpp.hpp\n'}
[0.320747] (base_msgs) StdoutLine: {'line': b'-- Up-to-date: /home/abc/planning_with_ros2/install/base_msgs/include/base_msgs/base_msgs/msg/detail/local_speeds__rosidl_typesupport_fastrtps_cpp.hpp\n'}
[0.320814] (base_msgs) StdoutLine: {'line': b'-- Up-to-date: /home/abc/planning_with_ros2/install/base_msgs/include/base_msgs/base_msgs/msg/detail/dds_fastrtps\n'}
[0.320868] (base_msgs) StdoutLine: {'line': b'-- Up-to-date: /home/abc/planning_with_ros2/install/base_msgs/include/base_msgs/base_msgs/msg/detail/local_speeds_point__rosidl_typesupport_fastrtps_cpp.hpp\n'}
[0.320922] (base_msgs) StdoutLine: {'line': b'-- Up-to-date: /home/abc/planning_with_ros2/install/base_msgs/include/base_msgs/base_msgs/msg/detail/plot_info__rosidl_typesupport_fastrtps_cpp.hpp\n'}
[0.320975] (base_msgs) StdoutLine: {'line': b'-- Up-to-date: /home/abc/planning_with_ros2/install/base_msgs/include/base_msgs/base_msgs/msg/rosidl_typesupport_fastrtps_cpp__visibility_control.h\n'}
[0.321030] (base_msgs) StdoutLine: {'line': b'-- Up-to-date: /home/abc/planning_with_ros2/install/base_msgs/include/base_msgs/base_msgs/srv\n'}
[0.321091] (base_msgs) StdoutLine: {'line': b'-- Up-to-date: /home/abc/planning_with_ros2/install/base_msgs/include/base_msgs/base_msgs/srv/detail\n'}
[0.321144] (base_msgs) StdoutLine: {'line': b'-- Up-to-date: /home/abc/planning_with_ros2/install/base_msgs/include/base_msgs/base_msgs/srv/detail/global_path_service__rosidl_typesupport_fastrtps_cpp.hpp\n'}
[0.321198] (base_msgs) StdoutLine: {'line': b'-- Up-to-date: /home/abc/planning_with_ros2/install/base_msgs/include/base_msgs/base_msgs/srv/detail/pnc_map_service__rosidl_typesupport_fastrtps_cpp.hpp\n'}
[0.321251] (base_msgs) StdoutLine: {'line': b'-- Up-to-date: /home/abc/planning_with_ros2/install/base_msgs/include/base_msgs/base_msgs/srv/detail/dds_fastrtps\n'}
[0.321304] (base_msgs) StdoutLine: {'line': b'-- Up-to-date: /home/abc/planning_with_ros2/install/base_msgs/lib/libbase_msgs__rosidl_typesupport_fastrtps_cpp.so\n'}
[0.321357] (base_msgs) StdoutLine: {'line': b'-- Up-to-date: /home/abc/planning_with_ros2/install/base_msgs/include/base_msgs/base_msgs\n'}
[0.321415] (base_msgs) StdoutLine: {'line': b'-- Up-to-date: /home/abc/planning_with_ros2/install/base_msgs/include/base_msgs/base_msgs/msg\n'}
[0.321469] (base_msgs) StdoutLine: {'line': b'-- Up-to-date: /home/abc/planning_with_ros2/install/base_msgs/include/base_msgs/base_msgs/msg/detail\n'}
[0.321533] (base_msgs) StdoutLine: {'line': b'-- Up-to-date: /home/abc/planning_with_ros2/install/base_msgs/include/base_msgs/base_msgs/msg/detail/local_trajectory__type_support.cpp\n'}
[0.321588] (base_msgs) StdoutLine: {'line': b'-- Up-to-date: /home/abc/planning_with_ros2/install/base_msgs/include/base_msgs/base_msgs/msg/detail/local_speeds_point__type_support.cpp\n'}
[0.321642] (base_msgs) StdoutLine: {'line': b'-- Up-to-date: /home/abc/planning_with_ros2/install/base_msgs/include/base_msgs/base_msgs/msg/detail/local_speeds_point__rosidl_typesupport_introspection_cpp.hpp\n'}
[0.321696] (base_msgs) StdoutLine: {'line': b'-- Up-to-date: /home/abc/planning_with_ros2/install/base_msgs/include/base_msgs/base_msgs/msg/detail/pnc_map__type_support.cpp\n'}
[0.321753] (base_msgs) StdoutLine: {'line': b'-- Up-to-date: /home/abc/planning_with_ros2/install/base_msgs/include/base_msgs/base_msgs/msg/detail/referline__type_support.cpp\n'}
[0.321815] (base_msgs) StdoutLine: {'line': b'-- Up-to-date: /home/abc/planning_with_ros2/install/base_msgs/include/base_msgs/base_msgs/msg/detail/obs_info__rosidl_typesupport_introspection_cpp.hpp\n'}
[0.321869] (base_msgs) StdoutLine: {'line': b'-- Up-to-date: /home/abc/planning_with_ros2/install/base_msgs/include/base_msgs/base_msgs/msg/detail/referline__rosidl_typesupport_introspection_cpp.hpp\n'}
[0.321923] (base_msgs) StdoutLine: {'line': b'-- Up-to-date: /home/abc/planning_with_ros2/install/base_msgs/include/base_msgs/base_msgs/msg/detail/local_speeds__type_support.cpp\n'}
[0.321976] (base_msgs) StdoutLine: {'line': b'-- Up-to-date: /home/abc/planning_with_ros2/install/base_msgs/include/base_msgs/base_msgs/msg/detail/local_trajectory_point__rosidl_typesupport_introspection_cpp.hpp\n'}
[0.322030] (base_msgs) StdoutLine: {'line': b'-- Up-to-date: /home/abc/planning_with_ros2/install/base_msgs/include/base_msgs/base_msgs/msg/detail/plot_info__type_support.cpp\n'}
[0.322083] (base_msgs) StdoutLine: {'line': b'-- Up-to-date: /home/abc/planning_with_ros2/install/base_msgs/include/base_msgs/base_msgs/msg/detail/local_path__rosidl_typesupport_introspection_cpp.hpp\n'}
[0.322149] (base_msgs) StdoutLine: {'line': b'-- Up-to-date: /home/abc/planning_with_ros2/install/base_msgs/include/base_msgs/base_msgs/msg/detail/local_path_point__type_support.cpp\n'}
[0.322229] (base_msgs) StdoutLine: {'line': b'-- Up-to-date: /home/abc/planning_with_ros2/install/base_msgs/include/base_msgs/base_msgs/msg/detail/pnc_map__rosidl_typesupport_introspection_cpp.hpp\n'}
[0.322288] (base_msgs) StdoutLine: {'line': b'-- Up-to-date: /home/abc/planning_with_ros2/install/base_msgs/include/base_msgs/base_msgs/msg/detail/plot_info__rosidl_typesupport_introspection_cpp.hpp\n'}
[0.322347] (base_msgs) StdoutLine: {'line': b'-- Up-to-date: /home/abc/planning_with_ros2/install/base_msgs/include/base_msgs/base_msgs/msg/detail/local_trajectory__rosidl_typesupport_introspection_cpp.hpp\n'}
[0.322409] (base_msgs) StdoutLine: {'line': b'-- Up-to-date: /home/abc/planning_with_ros2/install/base_msgs/include/base_msgs/base_msgs/msg/detail/referline_point__type_support.cpp\n'}
[0.322463] (base_msgs) StdoutLine: {'line': b'-- Up-to-date: /home/abc/planning_with_ros2/install/base_msgs/include/base_msgs/base_msgs/msg/detail/obs_info__type_support.cpp\n'}
[0.322517] (base_msgs) StdoutLine: {'line': b'-- Up-to-date: /home/abc/planning_with_ros2/install/base_msgs/include/base_msgs/base_msgs/msg/detail/referline_point__rosidl_typesupport_introspection_cpp.hpp\n'}
[0.322571] (base_msgs) StdoutLine: {'line': b'-- Up-to-date: /home/abc/planning_with_ros2/install/base_msgs/include/base_msgs/base_msgs/msg/detail/local_speeds__rosidl_typesupport_introspection_cpp.hpp\n'}
[0.322630] (base_msgs) StdoutLine: {'line': b'-- Up-to-date: /home/abc/planning_with_ros2/install/base_msgs/include/base_msgs/base_msgs/msg/detail/local_path__type_support.cpp\n'}
[0.322685] (base_msgs) StdoutLine: {'line': b'-- Up-to-date: /home/abc/planning_with_ros2/install/base_msgs/include/base_msgs/base_msgs/msg/detail/local_trajectory_point__type_support.cpp\n'}
[0.322739] (base_msgs) StdoutLine: {'line': b'-- Up-to-date: /home/abc/planning_with_ros2/install/base_msgs/include/base_msgs/base_msgs/msg/detail/local_path_point__rosidl_typesupport_introspection_cpp.hpp\n'}
[0.322821] (base_msgs) StdoutLine: {'line': b'-- Up-to-date: /home/abc/planning_with_ros2/install/base_msgs/include/base_msgs/base_msgs/srv\n'}
[0.322881] (base_msgs) StdoutLine: {'line': b'-- Up-to-date: /home/abc/planning_with_ros2/install/base_msgs/include/base_msgs/base_msgs/srv/detail\n'}
[0.322954] (base_msgs) StdoutLine: {'line': b'-- Up-to-date: /home/abc/planning_with_ros2/install/base_msgs/include/base_msgs/base_msgs/srv/detail/pnc_map_service__rosidl_typesupport_introspection_cpp.hpp\n'}
[0.323023] (base_msgs) StdoutLine: {'line': b'-- Up-to-date: /home/abc/planning_with_ros2/install/base_msgs/include/base_msgs/base_msgs/srv/detail/pnc_map_service__type_support.cpp\n'}
[0.323079] (base_msgs) StdoutLine: {'line': b'-- Up-to-date: /home/abc/planning_with_ros2/install/base_msgs/include/base_msgs/base_msgs/srv/detail/global_path_service__type_support.cpp\n'}
[0.323138] (base_msgs) StdoutLine: {'line': b'-- Up-to-date: /home/abc/planning_with_ros2/install/base_msgs/include/base_msgs/base_msgs/srv/detail/global_path_service__rosidl_typesupport_introspection_cpp.hpp\n'}
[0.323194] (base_msgs) StdoutLine: {'line': b'-- Up-to-date: /home/abc/planning_with_ros2/install/base_msgs/lib/libbase_msgs__rosidl_typesupport_introspection_cpp.so\n'}
[0.323248] (base_msgs) StdoutLine: {'line': b'-- Up-to-date: /home/abc/planning_with_ros2/install/base_msgs/lib/libbase_msgs__rosidl_typesupport_cpp.so\n'}
[0.323317] (base_msgs) StdoutLine: {'line': b'-- Up-to-date: /home/abc/planning_with_ros2/install/base_msgs/share/base_msgs/environment/pythonpath.sh\n'}
[0.323373] (base_msgs) StdoutLine: {'line': b'-- Up-to-date: /home/abc/planning_with_ros2/install/base_msgs/share/base_msgs/environment/pythonpath.dsv\n'}
[0.323426] (base_msgs) StdoutLine: {'line': b'-- Up-to-date: /home/abc/planning_with_ros2/install/base_msgs/local/lib/python3.10/dist-packages/base_msgs-0.0.0-py3.10.egg-info\n'}
[0.323480] (base_msgs) StdoutLine: {'line': b'-- Installing: /home/abc/planning_with_ros2/install/base_msgs/local/lib/python3.10/dist-packages/base_msgs-0.0.0-py3.10.egg-info/dependency_links.txt\n'}
[0.323533] (base_msgs) StdoutLine: {'line': b'-- Installing: /home/abc/planning_with_ros2/install/base_msgs/local/lib/python3.10/dist-packages/base_msgs-0.0.0-py3.10.egg-info/SOURCES.txt\n'}
[0.323587] (base_msgs) StdoutLine: {'line': b'-- Installing: /home/abc/planning_with_ros2/install/base_msgs/local/lib/python3.10/dist-packages/base_msgs-0.0.0-py3.10.egg-info/top_level.txt\n'}
[0.323640] (base_msgs) StdoutLine: {'line': b'-- Installing: /home/abc/planning_with_ros2/install/base_msgs/local/lib/python3.10/dist-packages/base_msgs-0.0.0-py3.10.egg-info/PKG-INFO\n'}
[0.323694] (base_msgs) StdoutLine: {'line': b'-- Up-to-date: /home/abc/planning_with_ros2/install/base_msgs/local/lib/python3.10/dist-packages/base_msgs\n'}
[0.323747] (base_msgs) StdoutLine: {'line': b'-- Up-to-date: /home/abc/planning_with_ros2/install/base_msgs/local/lib/python3.10/dist-packages/base_msgs/base_msgs_s__rosidl_typesupport_c.cpython-310-x86_64-linux-gnu.so\n'}
[0.323815] (base_msgs) StdoutLine: {'line': b'-- Up-to-date: /home/abc/planning_with_ros2/install/base_msgs/local/lib/python3.10/dist-packages/base_msgs/_base_msgs_s.ep.rosidl_typesupport_c.c\n'}
[0.323869] (base_msgs) StdoutLine: {'line': b'-- Up-to-date: /home/abc/planning_with_ros2/install/base_msgs/local/lib/python3.10/dist-packages/base_msgs/libbase_msgs__rosidl_generator_py.so\n'}
[0.323922] (base_msgs) StdoutLine: {'line': b'-- Up-to-date: /home/abc/planning_with_ros2/install/base_msgs/local/lib/python3.10/dist-packages/base_msgs/_base_msgs_s.ep.rosidl_typesupport_introspection_c.c\n'}
[0.323980] (base_msgs) StdoutLine: {'line': b'-- Up-to-date: /home/abc/planning_with_ros2/install/base_msgs/local/lib/python3.10/dist-packages/base_msgs/msg\n'}
[0.324034] (base_msgs) StdoutLine: {'line': b'-- Up-to-date: /home/abc/planning_with_ros2/install/base_msgs/local/lib/python3.10/dist-packages/base_msgs/msg/_obs_info.py\n'}
[0.324087] (base_msgs) StdoutLine: {'line': b'-- Up-to-date: /home/abc/planning_with_ros2/install/base_msgs/local/lib/python3.10/dist-packages/base_msgs/msg/_referline_s.c\n'}
[0.324140] (base_msgs) StdoutLine: {'line': b'-- Up-to-date: /home/abc/planning_with_ros2/install/base_msgs/local/lib/python3.10/dist-packages/base_msgs/msg/_local_path_s.c\n'}
[0.324193] (base_msgs) StdoutLine: {'line': b'-- Up-to-date: /home/abc/planning_with_ros2/install/base_msgs/local/lib/python3.10/dist-packages/base_msgs/msg/_local_speeds.py\n'}
[0.324245] (base_msgs) StdoutLine: {'line': b'-- Up-to-date: /home/abc/planning_with_ros2/install/base_msgs/local/lib/python3.10/dist-packages/base_msgs/msg/_local_path_point_s.c\n'}
[0.324298] (base_msgs) StdoutLine: {'line': b'-- Up-to-date: /home/abc/planning_with_ros2/install/base_msgs/local/lib/python3.10/dist-packages/base_msgs/msg/_referline_point_s.c\n'}
[0.324351] (base_msgs) StdoutLine: {'line': b'-- Up-to-date: /home/abc/planning_with_ros2/install/base_msgs/local/lib/python3.10/dist-packages/base_msgs/msg/_local_path.py\n'}
[0.324405] (base_msgs) StdoutLine: {'line': b'-- Up-to-date: /home/abc/planning_with_ros2/install/base_msgs/local/lib/python3.10/dist-packages/base_msgs/msg/_local_trajectory_point.py\n'}
[0.324458] (base_msgs) StdoutLine: {'line': b'-- Up-to-date: /home/abc/planning_with_ros2/install/base_msgs/local/lib/python3.10/dist-packages/base_msgs/msg/_local_speeds_s.c\n'}
[0.324512] (base_msgs) StdoutLine: {'line': b'-- Up-to-date: /home/abc/planning_with_ros2/install/base_msgs/local/lib/python3.10/dist-packages/base_msgs/msg/_referline.py\n'}
[0.324582] (base_msgs) StdoutLine: {'line': b'-- Up-to-date: /home/abc/planning_with_ros2/install/base_msgs/local/lib/python3.10/dist-packages/base_msgs/msg/_local_speeds_point.py\n'}
[0.324637] (base_msgs) StdoutLine: {'line': b'-- Up-to-date: /home/abc/planning_with_ros2/install/base_msgs/local/lib/python3.10/dist-packages/base_msgs/msg/_pnc_map.py\n'}
[0.324689] (base_msgs) StdoutLine: {'line': b'-- Up-to-date: /home/abc/planning_with_ros2/install/base_msgs/local/lib/python3.10/dist-packages/base_msgs/msg/__init__.py\n'}
[0.324746] (base_msgs) StdoutLine: {'line': b'-- Up-to-date: /home/abc/planning_with_ros2/install/base_msgs/local/lib/python3.10/dist-packages/base_msgs/msg/_plot_info_s.c\n'}
[0.324814] (base_msgs) StdoutLine: {'line': b'-- Up-to-date: /home/abc/planning_with_ros2/install/base_msgs/local/lib/python3.10/dist-packages/base_msgs/msg/_local_trajectory_s.c\n'}
[0.324867] (base_msgs) StdoutLine: {'line': b'-- Up-to-date: /home/abc/planning_with_ros2/install/base_msgs/local/lib/python3.10/dist-packages/base_msgs/msg/_referline_point.py\n'}
[0.324924] (base_msgs) StdoutLine: {'line': b'-- Up-to-date: /home/abc/planning_with_ros2/install/base_msgs/local/lib/python3.10/dist-packages/base_msgs/msg/_local_speeds_point_s.c\n'}
[0.324977] (base_msgs) StdoutLine: {'line': b'-- Up-to-date: /home/abc/planning_with_ros2/install/base_msgs/local/lib/python3.10/dist-packages/base_msgs/msg/_local_path_point.py\n'}
[0.325029] (base_msgs) StdoutLine: {'line': b'-- Up-to-date: /home/abc/planning_with_ros2/install/base_msgs/local/lib/python3.10/dist-packages/base_msgs/msg/_pnc_map_s.c\n'}
[0.325082] (base_msgs) StdoutLine: {'line': b'-- Up-to-date: /home/abc/planning_with_ros2/install/base_msgs/local/lib/python3.10/dist-packages/base_msgs/msg/_local_trajectory.py\n'}
[0.325135] (base_msgs) StdoutLine: {'line': b'-- Up-to-date: /home/abc/planning_with_ros2/install/base_msgs/local/lib/python3.10/dist-packages/base_msgs/msg/_local_trajectory_point_s.c\n'}
[0.325189] (base_msgs) StdoutLine: {'line': b'-- Up-to-date: /home/abc/planning_with_ros2/install/base_msgs/local/lib/python3.10/dist-packages/base_msgs/msg/_plot_info.py\n'}
[0.325247] (base_msgs) StdoutLine: {'line': b'-- Up-to-date: /home/abc/planning_with_ros2/install/base_msgs/local/lib/python3.10/dist-packages/base_msgs/msg/_obs_info_s.c\n'}
[0.325319] (base_msgs) StdoutLine: {'line': b'-- Up-to-date: /home/abc/planning_with_ros2/install/base_msgs/local/lib/python3.10/dist-packages/base_msgs/__init__.py\n'}
[0.325375] (base_msgs) StdoutLine: {'line': b'-- Up-to-date: /home/abc/planning_with_ros2/install/base_msgs/local/lib/python3.10/dist-packages/base_msgs/base_msgs_s__rosidl_typesupport_introspection_c.cpython-310-x86_64-linux-gnu.so\n'}
[0.325431] (base_msgs) StdoutLine: {'line': b'-- Up-to-date: /home/abc/planning_with_ros2/install/base_msgs/local/lib/python3.10/dist-packages/base_msgs/_base_msgs_s.ep.rosidl_typesupport_fastrtps_c.c\n'}
[0.325485] (base_msgs) StdoutLine: {'line': b'-- Up-to-date: /home/abc/planning_with_ros2/install/base_msgs/local/lib/python3.10/dist-packages/base_msgs/srv\n'}
[0.325539] (base_msgs) StdoutLine: {'line': b'-- Up-to-date: /home/abc/planning_with_ros2/install/base_msgs/local/lib/python3.10/dist-packages/base_msgs/srv/_pnc_map_service.py\n'}
[0.325592] (base_msgs) StdoutLine: {'line': b'-- Up-to-date: /home/abc/planning_with_ros2/install/base_msgs/local/lib/python3.10/dist-packages/base_msgs/srv/_global_path_service_s.c\n'}
[0.325645] (base_msgs) StdoutLine: {'line': b'-- Up-to-date: /home/abc/planning_with_ros2/install/base_msgs/local/lib/python3.10/dist-packages/base_msgs/srv/__init__.py\n'}
[0.325698] (base_msgs) StdoutLine: {'line': b'-- Up-to-date: /home/abc/planning_with_ros2/install/base_msgs/local/lib/python3.10/dist-packages/base_msgs/srv/_global_path_service.py\n'}
[0.325755] (base_msgs) StdoutLine: {'line': b'-- Up-to-date: /home/abc/planning_with_ros2/install/base_msgs/local/lib/python3.10/dist-packages/base_msgs/srv/_pnc_map_service_s.c\n'}
[0.325834] (base_msgs) StdoutLine: {'line': b'-- Up-to-date: /home/abc/planning_with_ros2/install/base_msgs/local/lib/python3.10/dist-packages/base_msgs/base_msgs_s__rosidl_typesupport_fastrtps_c.cpython-310-x86_64-linux-gnu.so\n'}
[0.344463] (base_msgs) StdoutLine: {'line': b"Listing '/home/abc/planning_with_ros2/install/base_msgs/local/lib/python3.10/dist-packages/base_msgs'...\n"}
[0.344592] (base_msgs) StdoutLine: {'line': b"Listing '/home/abc/planning_with_ros2/install/base_msgs/local/lib/python3.10/dist-packages/base_msgs/msg'...\n"}
[0.344657] (base_msgs) StdoutLine: {'line': b"Listing '/home/abc/planning_with_ros2/install/base_msgs/local/lib/python3.10/dist-packages/base_msgs/srv'...\n"}
[0.348350] (base_msgs) StdoutLine: {'line': b'-- Up-to-date: /home/abc/planning_with_ros2/install/base_msgs/local/lib/python3.10/dist-packages/base_msgs/base_msgs_s__rosidl_typesupport_fastrtps_c.cpython-310-x86_64-linux-gnu.so\n'}
[0.348590] (base_msgs) StdoutLine: {'line': b'-- Up-to-date: /home/abc/planning_with_ros2/install/base_msgs/local/lib/python3.10/dist-packages/base_msgs/base_msgs_s__rosidl_typesupport_introspection_c.cpython-310-x86_64-linux-gnu.so\n'}
[0.348879] (base_msgs) StdoutLine: {'line': b'-- Up-to-date: /home/abc/planning_with_ros2/install/base_msgs/local/lib/python3.10/dist-packages/base_msgs/base_msgs_s__rosidl_typesupport_c.cpython-310-x86_64-linux-gnu.so\n'}
[0.349068] (base_msgs) StdoutLine: {'line': b'-- Up-to-date: /home/abc/planning_with_ros2/install/base_msgs/lib/libbase_msgs__rosidl_generator_py.so\n'}
[0.349197] (base_msgs) StdoutLine: {'line': b'-- Up-to-date: /home/abc/planning_with_ros2/install/base_msgs/share/base_msgs/srv/GlobalPathService.idl\n'}
[0.349314] (base_msgs) StdoutLine: {'line': b'-- Up-to-date: /home/abc/planning_with_ros2/install/base_msgs/share/base_msgs/srv/PNCMapService.idl\n'}
[0.349409] (base_msgs) StdoutLine: {'line': b'-- Up-to-date: /home/abc/planning_with_ros2/install/base_msgs/share/base_msgs/msg/PNCMap.idl\n'}
[0.349500] (base_msgs) StdoutLine: {'line': b'-- Up-to-date: /home/abc/planning_with_ros2/install/base_msgs/share/base_msgs/msg/ReferlinePoint.idl\n'}
[0.349599] (base_msgs) StdoutLine: {'line': b'-- Up-to-date: /home/abc/planning_with_ros2/install/base_msgs/share/base_msgs/msg/Referline.idl\n'}
[0.349692] (base_msgs) StdoutLine: {'line': b'-- Up-to-date: /home/abc/planning_with_ros2/install/base_msgs/share/base_msgs/msg/LocalPathPoint.idl\n'}
[0.349764] (base_msgs) StdoutLine: {'line': b'-- Up-to-date: /home/abc/planning_with_ros2/install/base_msgs/share/base_msgs/msg/LocalPath.idl\n'}
[0.349892] (base_msgs) StdoutLine: {'line': b'-- Up-to-date: /home/abc/planning_with_ros2/install/base_msgs/share/base_msgs/msg/LocalSpeedsPoint.idl\n'}
[0.349984] (base_msgs) StdoutLine: {'line': b'-- Up-to-date: /home/abc/planning_with_ros2/install/base_msgs/share/base_msgs/msg/LocalSpeeds.idl\n'}
[0.350081] (base_msgs) StdoutLine: {'line': b'-- Up-to-date: /home/abc/planning_with_ros2/install/base_msgs/share/base_msgs/msg/LocalTrajectoryPoint.idl\n'}
[0.350150] (base_msgs) StdoutLine: {'line': b'-- Up-to-date: /home/abc/planning_with_ros2/install/base_msgs/share/base_msgs/msg/LocalTrajectory.idl\n'}
[0.350237] (base_msgs) StdoutLine: {'line': b'-- Up-to-date: /home/abc/planning_with_ros2/install/base_msgs/share/base_msgs/msg/ObsInfo.idl\n'}
[0.350302] (base_msgs) StdoutLine: {'line': b'-- Up-to-date: /home/abc/planning_with_ros2/install/base_msgs/share/base_msgs/msg/PlotInfo.idl\n'}
[0.350388] (base_msgs) StdoutLine: {'line': b'-- Up-to-date: /home/abc/planning_with_ros2/install/base_msgs/share/base_msgs/srv/GlobalPathService.srv\n'}
[0.350472] (base_msgs) StdoutLine: {'line': b'-- Up-to-date: /home/abc/planning_with_ros2/install/base_msgs/share/base_msgs/srv/GlobalPathService_Request.msg\n'}
[0.350538] (base_msgs) StdoutLine: {'line': b'-- Up-to-date: /home/abc/planning_with_ros2/install/base_msgs/share/base_msgs/srv/GlobalPathService_Response.msg\n'}
[0.350604] (base_msgs) StdoutLine: {'line': b'-- Up-to-date: /home/abc/planning_with_ros2/install/base_msgs/share/base_msgs/srv/PNCMapService.srv\n'}
[0.350663] (base_msgs) StdoutLine: {'line': b'-- Up-to-date: /home/abc/planning_with_ros2/install/base_msgs/share/base_msgs/srv/PNCMapService_Request.msg\n'}
[0.350721] (base_msgs) StdoutLine: {'line': b'-- Up-to-date: /home/abc/planning_with_ros2/install/base_msgs/share/base_msgs/srv/PNCMapService_Response.msg\n'}
[0.350823] (base_msgs) StdoutLine: {'line': b'-- Up-to-date: /home/abc/planning_with_ros2/install/base_msgs/share/base_msgs/msg/PNCMap.msg\n'}
[0.350890] (base_msgs) StdoutLine: {'line': b'-- Up-to-date: /home/abc/planning_with_ros2/install/base_msgs/share/base_msgs/msg/ReferlinePoint.msg\n'}
[0.350951] (base_msgs) StdoutLine: {'line': b'-- Up-to-date: /home/abc/planning_with_ros2/install/base_msgs/share/base_msgs/msg/Referline.msg\n'}
[0.351016] (base_msgs) StdoutLine: {'line': b'-- Up-to-date: /home/abc/planning_with_ros2/install/base_msgs/share/base_msgs/msg/LocalPathPoint.msg\n'}
[0.351104] (base_msgs) StdoutLine: {'line': b'-- Up-to-date: /home/abc/planning_with_ros2/install/base_msgs/share/base_msgs/msg/LocalPath.msg\n'}
[0.351183] (base_msgs) StdoutLine: {'line': b'-- Up-to-date: /home/abc/planning_with_ros2/install/base_msgs/share/base_msgs/msg/LocalSpeedsPoint.msg\n'}
[0.351247] (base_msgs) StdoutLine: {'line': b'-- Up-to-date: /home/abc/planning_with_ros2/install/base_msgs/share/base_msgs/msg/LocalSpeeds.msg\n'}
[0.351311] (base_msgs) StdoutLine: {'line': b'-- Up-to-date: /home/abc/planning_with_ros2/install/base_msgs/share/base_msgs/msg/LocalTrajectoryPoint.msg\n'}
[0.351373] (base_msgs) StdoutLine: {'line': b'-- Up-to-date: /home/abc/planning_with_ros2/install/base_msgs/share/base_msgs/msg/LocalTrajectory.msg\n'}
[0.351436] (base_msgs) StdoutLine: {'line': b'-- Up-to-date: /home/abc/planning_with_ros2/install/base_msgs/share/base_msgs/msg/ObsInfo.msg\n'}
[0.351519] (base_msgs) StdoutLine: {'line': b'-- Up-to-date: /home/abc/planning_with_ros2/install/base_msgs/share/base_msgs/msg/PlotInfo.msg\n'}
[0.351594] (base_msgs) StdoutLine: {'line': b'-- Up-to-date: /home/abc/planning_with_ros2/install/base_msgs/share/ament_index/resource_index/package_run_dependencies/base_msgs\n'}
[0.351665] (base_msgs) StdoutLine: {'line': b'-- Up-to-date: /home/abc/planning_with_ros2/install/base_msgs/share/ament_index/resource_index/parent_prefix_path/base_msgs\n'}
[0.351728] (base_msgs) StdoutLine: {'line': b'-- Up-to-date: /home/abc/planning_with_ros2/install/base_msgs/share/base_msgs/environment/ament_prefix_path.sh\n'}
[0.351846] (base_msgs) StdoutLine: {'line': b'-- Up-to-date: /home/abc/planning_with_ros2/install/base_msgs/share/base_msgs/environment/ament_prefix_path.dsv\n'}
[0.351943] (base_msgs) StdoutLine: {'line': b'-- Up-to-date: /home/abc/planning_with_ros2/install/base_msgs/share/base_msgs/environment/path.sh\n'}
[0.352008] (base_msgs) StdoutLine: {'line': b'-- Up-to-date: /home/abc/planning_with_ros2/install/base_msgs/share/base_msgs/environment/path.dsv\n'}
[0.352075] (base_msgs) StdoutLine: {'line': b'-- Up-to-date: /home/abc/planning_with_ros2/install/base_msgs/share/base_msgs/local_setup.bash\n'}
[0.352164] (base_msgs) StdoutLine: {'line': b'-- Up-to-date: /home/abc/planning_with_ros2/install/base_msgs/share/base_msgs/local_setup.sh\n'}
[0.352221] (base_msgs) StdoutLine: {'line': b'-- Up-to-date: /home/abc/planning_with_ros2/install/base_msgs/share/base_msgs/local_setup.zsh\n'}
[0.352280] (base_msgs) StdoutLine: {'line': b'-- Up-to-date: /home/abc/planning_with_ros2/install/base_msgs/share/base_msgs/local_setup.dsv\n'}
[0.352335] (base_msgs) StdoutLine: {'line': b'-- Installing: /home/abc/planning_with_ros2/install/base_msgs/share/base_msgs/package.dsv\n'}
[0.352396] (base_msgs) StdoutLine: {'line': b'-- Up-to-date: /home/abc/planning_with_ros2/install/base_msgs/share/ament_index/resource_index/packages/base_msgs\n'}
[0.352451] (base_msgs) StdoutLine: {'line': b'-- Up-to-date: /home/abc/planning_with_ros2/install/base_msgs/share/base_msgs/cmake/export_base_msgs__rosidl_generator_cExport.cmake\n'}
[0.352519] (base_msgs) StdoutLine: {'line': b'-- Up-to-date: /home/abc/planning_with_ros2/install/base_msgs/share/base_msgs/cmake/export_base_msgs__rosidl_generator_cExport-noconfig.cmake\n'}
[0.352574] (base_msgs) StdoutLine: {'line': b'-- Up-to-date: /home/abc/planning_with_ros2/install/base_msgs/share/base_msgs/cmake/export_base_msgs__rosidl_typesupport_fastrtps_cExport.cmake\n'}
[0.352629] (base_msgs) StdoutLine: {'line': b'-- Up-to-date: /home/abc/planning_with_ros2/install/base_msgs/share/base_msgs/cmake/export_base_msgs__rosidl_typesupport_fastrtps_cExport-noconfig.cmake\n'}
[0.352683] (base_msgs) StdoutLine: {'line': b'-- Up-to-date: /home/abc/planning_with_ros2/install/base_msgs/share/base_msgs/cmake/base_msgs__rosidl_typesupport_introspection_cExport.cmake\n'}
[0.352737] (base_msgs) StdoutLine: {'line': b'-- Up-to-date: /home/abc/planning_with_ros2/install/base_msgs/share/base_msgs/cmake/base_msgs__rosidl_typesupport_introspection_cExport-noconfig.cmake\n'}
[0.352806] (base_msgs) StdoutLine: {'line': b'-- Up-to-date: /home/abc/planning_with_ros2/install/base_msgs/share/base_msgs/cmake/base_msgs__rosidl_typesupport_cExport.cmake\n'}
[0.352863] (base_msgs) StdoutLine: {'line': b'-- Up-to-date: /home/abc/planning_with_ros2/install/base_msgs/share/base_msgs/cmake/base_msgs__rosidl_typesupport_cExport-noconfig.cmake\n'}
[0.352917] (base_msgs) StdoutLine: {'line': b'-- Up-to-date: /home/abc/planning_with_ros2/install/base_msgs/share/base_msgs/cmake/export_base_msgs__rosidl_generator_cppExport.cmake\n'}
[0.352974] (base_msgs) StdoutLine: {'line': b'-- Up-to-date: /home/abc/planning_with_ros2/install/base_msgs/share/base_msgs/cmake/export_base_msgs__rosidl_typesupport_fastrtps_cppExport.cmake\n'}
[0.353031] (base_msgs) StdoutLine: {'line': b'-- Up-to-date: /home/abc/planning_with_ros2/install/base_msgs/share/base_msgs/cmake/export_base_msgs__rosidl_typesupport_fastrtps_cppExport-noconfig.cmake\n'}
[0.353089] (base_msgs) StdoutLine: {'line': b'-- Up-to-date: /home/abc/planning_with_ros2/install/base_msgs/share/base_msgs/cmake/base_msgs__rosidl_typesupport_introspection_cppExport.cmake\n'}
[0.353146] (base_msgs) StdoutLine: {'line': b'-- Up-to-date: /home/abc/planning_with_ros2/install/base_msgs/share/base_msgs/cmake/base_msgs__rosidl_typesupport_introspection_cppExport-noconfig.cmake\n'}
[0.353235] (base_msgs) StdoutLine: {'line': b'-- Up-to-date: /home/abc/planning_with_ros2/install/base_msgs/share/base_msgs/cmake/base_msgs__rosidl_typesupport_cppExport.cmake\n'}
[0.353293] (base_msgs) StdoutLine: {'line': b'-- Up-to-date: /home/abc/planning_with_ros2/install/base_msgs/share/base_msgs/cmake/base_msgs__rosidl_typesupport_cppExport-noconfig.cmake\n'}
[0.353350] (base_msgs) StdoutLine: {'line': b'-- Up-to-date: /home/abc/planning_with_ros2/install/base_msgs/share/base_msgs/cmake/export_base_msgs__rosidl_generator_pyExport.cmake\n'}
[0.353407] (base_msgs) StdoutLine: {'line': b'-- Up-to-date: /home/abc/planning_with_ros2/install/base_msgs/share/base_msgs/cmake/export_base_msgs__rosidl_generator_pyExport-noconfig.cmake\n'}
[0.353465] (base_msgs) StdoutLine: {'line': b'-- Up-to-date: /home/abc/planning_with_ros2/install/base_msgs/share/base_msgs/cmake/rosidl_cmake-extras.cmake\n'}
[0.353522] (base_msgs) StdoutLine: {'line': b'-- Up-to-date: /home/abc/planning_with_ros2/install/base_msgs/share/base_msgs/cmake/ament_cmake_export_dependencies-extras.cmake\n'}
[0.353578] (base_msgs) StdoutLine: {'line': b'-- Up-to-date: /home/abc/planning_with_ros2/install/base_msgs/share/base_msgs/cmake/ament_cmake_export_include_directories-extras.cmake\n'}
[0.353635] (base_msgs) StdoutLine: {'line': b'-- Up-to-date: /home/abc/planning_with_ros2/install/base_msgs/share/base_msgs/cmake/ament_cmake_export_libraries-extras.cmake\n'}
[0.353692] (base_msgs) StdoutLine: {'line': b'-- Up-to-date: /home/abc/planning_with_ros2/install/base_msgs/share/base_msgs/cmake/ament_cmake_export_targets-extras.cmake\n'}
[0.353755] (base_msgs) StdoutLine: {'line': b'-- Up-to-date: /home/abc/planning_with_ros2/install/base_msgs/share/base_msgs/cmake/rosidl_cmake_export_typesupport_targets-extras.cmake\n'}
[0.353955] (base_msgs) StdoutLine: {'line': b'-- Up-to-date: /home/abc/planning_with_ros2/install/base_msgs/share/base_msgs/cmake/rosidl_cmake_export_typesupport_libraries-extras.cmake\n'}
[0.354016] (base_msgs) StdoutLine: {'line': b'-- Up-to-date: /home/abc/planning_with_ros2/install/base_msgs/share/base_msgs/cmake/base_msgsConfig.cmake\n'}
[0.354073] (base_msgs) StdoutLine: {'line': b'-- Up-to-date: /home/abc/planning_with_ros2/install/base_msgs/share/base_msgs/cmake/base_msgsConfig-version.cmake\n'}
[0.354170] (base_msgs) StdoutLine: {'line': b'-- Up-to-date: /home/abc/planning_with_ros2/install/base_msgs/share/base_msgs/package.xml\n'}
[0.354591] (base_msgs) CommandEnded: {'returncode': 0}
[0.372193] (base_msgs) JobEnded: {'identifier': 'base_msgs', 'rc': 0}
[0.373029] (data_plot) JobStarted: {'identifier': 'data_plot'}
[0.376984] (planning) JobStarted: {'identifier': 'planning'}
[0.400788] (-) TimerEvent: {}
[0.501011] (-) TimerEvent: {}
[0.601239] (-) TimerEvent: {}
[0.654731] (planning) JobProgress: {'identifier': 'planning', 'progress': 'cmake'}
[0.655322] (planning) JobProgress: {'identifier': 'planning', 'progress': 'build'}
[0.655713] (planning) Command: {'cmd': ['/usr/local/bin/cmake', '--build', '/home/abc/planning_with_ros2/build/planning', '--', '-j12', '-l12'], 'cwd': '/home/abc/planning_with_ros2/build/planning', 'env': OrderedDict([('GJS_DEBUG_TOPICS', 'JS ERROR;JS LOG'), ('PYTHON_BASIC_REPL', '1'), ('LESSOPEN', '| /usr/bin/lesspipe %s'), ('LANGUAGE', 'en_US:en'), ('TENSORRT_DIR', '/home/abc/TensorRT-8.6'), ('USER', 'abc'), ('LC_TIME', 'zh_CN.UTF-8'), ('XDG_SESSION_TYPE', 'x11'), ('GIT_ASKPASS', '/usr/share/code/resources/app/extensions/git/dist/askpass.sh'), ('SHLVL', '1'), ('LD_LIBRARY_PATH', '/home/abc/planning_with_ros2/install/base_msgs/lib:/usr/local/cuda-11.8/lib64:/home/abc/planning_with_ros2/install/planning/lib:/usr/local/cuda-11.8/lib64:/home/abc/planning_with_ros2/install/planning/lib:/home/abc/planning_with_ros2/install/planning/lib:/home/abc/perception_with_ros2/install/perception/lib:/home/abc/perception_with_ros2/install/base_msgs_per/lib:/usr/lib/x86_64-linux-gnu/gazebo-11/plugins:/opt/ros/humble/opt/rviz_ogre_vendor/lib:/opt/ros/humble/lib/x86_64-linux-gnu:/opt/ros/humble/lib:/home/abc/TensorRT-8.6/lib:/home/abc/TensorRT-8.6/lib'), ('HOME', '/home/abc'), ('CHROME_DESKTOP', 'code.desktop'), ('TERM_PROGRAM_VERSION', '1.108.2'), ('DESKTOP_SESSION', 'ubuntu'), ('GIO_LAUNCHED_DESKTOP_FILE', '/usr/share/applications/code.desktop'), ('ROS_PYTHON_VERSION', '3'), ('GNOME_SHELL_SESSION_MODE', 'ubuntu'), ('GTK_MODULES', 'gail:atk-bridge'), ('VSCODE_GIT_ASKPASS_MAIN', '/usr/share/code/resources/app/extensions/git/dist/askpass-main.js'), ('LC_MONETARY', 'zh_CN.UTF-8'), ('VSCODE_GIT_ASKPASS_NODE', '/usr/share/code/code'), ('MANAGERPID', '1130'), ('PYDEVD_DISABLE_FILE_VALIDATION', '1'), ('SYSTEMD_EXEC_PID', '1595'), ('BUNDLED_DEBUGPY_PATH', '/home/abc/.vscode/extensions/ms-python.debugpy-2025.18.0-linux-x64/bundled/libs/debugpy'), ('VSCODE_PYTHON_AUTOACTIVATE_GUARD', '1'), ('DBUS_SESSION_BUS_ADDRESS', 'unix:path=/run/user/1000/bus'), ('COLORTERM', 'truecolor'), ('GIO_LAUNCHED_DESKTOP_FILE_PID', '7523'), ('COLCON_PREFIX_PATH', '/home/abc/planning_with_ros2/install:/home/abc/perception_with_ros2/install'), ('ROS_DISTRO', 'humble'), ('GTK_IM_MODULE', 'ibus'), ('LOGNAME', 'abc'), ('JOURNAL_STREAM', '8:6989'), ('_', '/usr/bin/colcon'), ('ROS_VERSION', '2'), ('XDG_SESSION_CLASS', 'user'), ('USERNAME', 'abc'), ('TERM', 'xterm-256color'), ('GNOME_DESKTOP_SESSION_ID', 'this-is-deprecated'), ('ROS2_PLANNING_COURSE_INSTALL', '/home/abc/planning_with_ros2/install'), ('FC_FONTATIONS', '1'), ('ROS_LOCALHOST_ONLY', '0'), ('WINDOWPATH', '2'), ('PATH', '/usr/local/cuda-11.8/bin:/home/abc/.config/Code/User/globalStorage/github.copilot-chat/debugCommand:/home/abc/.config/Code/User/globalStorage/github.copilot-chat/copilotCli:/usr/local/cuda-11.8/bin:/opt/ros/humble/bin:/usr/local/sbin:/usr/local/bin:/usr/sbin:/usr/bin:/sbin:/bin:/usr/games:/usr/local/games:/snap/bin:/snap/bin:/home/abc/.vscode/extensions/ms-python.debugpy-2025.18.0-linux-x64/bundled/scripts/noConfigScripts'), ('SESSION_MANAGER', 'local/abc-G3-3500:@/tmp/.ICE-unix/1554,unix/abc-G3-3500:/tmp/.ICE-unix/1554'), ('INVOCATION_ID', 'f3a9f1252eb845459ae16b5ad8fdee6d'), ('PAPERSIZE', 'a4'), ('XDG_MENU_PREFIX', 'gnome-'), ('LC_ADDRESS', 'zh_CN.UTF-8'), ('XDG_RUNTIME_DIR', '/run/user/1000'), ('GDK_BACKEND', 'x11'), ('DISPLAY', ':0'), ('VSCODE_DEBUGPY_ADAPTER_ENDPOINTS', '/home/abc/.vscode/extensions/ms-python.debugpy-2025.18.0-linux-x64/.noConfigDebugAdapterEndpoints/endpoint-73f3b4a0a422bf73.txt'), ('LANG', 'en_US.UTF-8'), ('XDG_CURRENT_DESKTOP', 'ubuntu:GNOME'), ('PYTHONSTARTUP', '/home/abc/.config/Code/User/workspaceStorage/4efd6db52f1c03b4cb1fb614d5084a17/ms-python.python/pythonrc.py'), ('LC_TELEPHONE', 'zh_CN.UTF-8'), ('XMODIFIERS', '@im=ibus'), ('XDG_SESSION_DESKTOP', 'ubuntu'), ('XAUTHORITY', '/run/user/1000/gdm/Xauthority'), ('LS_COLORS', 'rs=0:di=01;34:ln=01;36:mh=00:pi=40;33:so=01;35:do=01;35:bd=40;33;01:cd=40;33;01:or=40;31;01:mi=00:su=37;41:sg=30;43:ca=30;41:tw=30;42:ow=34;42:st=37;44:ex=01;32:*.tar=01;31:*.tgz=01;31:*.arc=01;31:*.arj=01;31:*.taz=01;31:*.lha=01;31:*.lz4=01;31:*.lzh=01;31:*.lzma=01;31:*.tlz=01;31:*.txz=01;31:*.tzo=01;31:*.t7z=01;31:*.zip=01;31:*.z=01;31:*.dz=01;31:*.gz=01;31:*.lrz=01;31:*.lz=01;31:*.lzo=01;31:*.xz=01;31:*.zst=01;31:*.tzst=01;31:*.bz2=01;31:*.bz=01;31:*.tbz=01;31:*.tbz2=01;31:*.tz=01;31:*.deb=01;31:*.rpm=01;31:*.jar=01;31:*.war=01;31:*.ear=01;31:*.sar=01;31:*.rar=01;31:*.alz=01;31:*.ace=01;31:*.zoo=01;31:*.cpio=01;31:*.7z=01;31:*.rz=01;31:*.cab=01;31:*.wim=01;31:*.swm=01;31:*.dwm=01;31:*.esd=01;31:*.jpg=01;35:*.jpeg=01;35:*.mjpg=01;35:*.mjpeg=01;35:*.gif=01;35:*.bmp=01;35:*.pbm=01;35:*.pgm=01;35:*.ppm=01;35:*.tga=01;35:*.xbm=01;35:*.xpm=01;35:*.tif=01;35:*.tiff=01;35:*.png=01;35:*.svg=01;35:*.svgz=01;35:*.mng=01;35:*.pcx=01;35:*.mov=01;35:*.mpg=01;35:*.mpeg=01;35:*.m2v=01;35:*.mkv=01;35:*.webm=01;35:*.webp=01;35:*.ogm=01;35:*.mp4=01;35:*.m4v=01;35:*.mp4v=01;35:*.vob=01;35:*.qt=01;35:*.nuv=01;35:*.wmv=01;35:*.asf=01;35:*.rm=01;35:*.rmvb=01;35:*.flc=01;35:*.avi=01;35:*.fli=01;35:*.flv=01;35:*.gl=01;35:*.dl=01;35:*.xcf=01;35:*.xwd=01;35:*.yuv=01;35:*.cgm=01;35:*.emf=01;35:*.ogv=01;35:*.ogx=01;35:*.aac=00;36:*.au=00;36:*.flac=00;36:*.m4a=00;36:*.mid=00;36:*.midi=00;36:*.mka=00;36:*.mp3=00;36:*.mpc=00;36:*.ogg=00;36:*.ra=00;36:*.wav=00;36:*.oga=00;36:*.opus=00;36:*.spx=00;36:*.xspf=00;36:'), ('VSCODE_GIT_IPC_HANDLE', '/run/user/1000/vscode-git-c59a044dc2.sock'), ('TERM_PROGRAM', 'vscode'), ('SSH_AGENT_LAUNCHER', 'gnome-keyring'), ('SSH_AUTH_SOCK', '/run/user/1000/keyring/ssh'), ('ROS_DOMAIN_ID', '2'), ('AMENT_PREFIX_PATH', '/home/abc/planning_with_ros2/install/planning:/home/abc/planning_with_ros2/install/data_plot:/home/abc/planning_with_ros2/install/base_msgs:/home/abc/perception_with_ros2/install/perception:/home/abc/perception_with_ros2/install/data_plot_per:/home/abc/perception_with_ros2/install/base_msgs_per:/opt/ros/humble'), ('SHELL', '/bin/bash'), ('LC_NAME', 'zh_CN.UTF-8'), ('QT_ACCESSIBILITY', '1'), ('GDMSESSION', 'ubuntu'), ('LESSCLOSE', '/usr/bin/lesspipe %s %s'), ('LC_MEASUREMENT', 'zh_CN.UTF-8'), ('GPG_AGENT_INFO', '/run/user/1000/gnupg/S.gpg-agent:0:1'), ('GJS_DEBUG_OUTPUT', 'stderr'), ('LC_IDENTIFICATION', 'zh_CN.UTF-8'), ('VSCODE_GIT_ASKPASS_EXTRA_ARGS', ''), ('QT_IM_MODULE', 'ibus'), ('PWD', '/home/abc/planning_with_ros2/build/planning'), ('LC_ALL', 'en_US.UTF-8'), ('XDG_CONFIG_DIRS', '/etc/xdg/xdg-ubuntu:/etc/xdg'), ('XDG_DATA_DIRS', '/usr/share/ubuntu:/usr/share/gnome:/usr/local/share/:/usr/share/:/var/lib/snapd/desktop'), ('PYTHONPATH', '/home/abc/planning_with_ros2/install/data_plot/lib/python3.10/site-packages:/home/abc/planning_with_ros2/install/base_msgs/local/lib/python3.10/dist-packages:/home/abc/perception_with_ros2/install/data_plot_per/lib/python3.10/site-packages:/home/abc/perception_with_ros2/install/base_msgs_per/local/lib/python3.10/dist-packages:/opt/ros/humble/lib/python3.10/site-packages:/opt/ros/humble/local/lib/python3.10/dist-packages'), ('LC_NUMERIC', 'zh_CN.UTF-8'), ('LC_PAPER', 'zh_CN.UTF-8'), ('COLCON', '1'), ('CMAKE_PREFIX_PATH', '/home/abc/planning_with_ros2/install/base_msgs:/home/abc/planning_with_ros2/install/planning:/home/abc/perception_with_ros2/install/perception:/home/abc/perception_with_ros2/install/base_msgs_per:/home/abc/planning_with_ros2/install/data_plot:/home/abc/perception_with_ros2/install/data_plot_per:/opt/ros/humble')]), 'shell': False}
[0.677463] (planning) StdoutLine: {'line': b'-- Found ament_cmake: 1.3.12 (/opt/ros/humble/share/ament_cmake/cmake)\n'}
[0.701315] (-) TimerEvent: {}
[0.801527] (-) TimerEvent: {}
[0.865433] (planning) StdoutLine: {'line': b'-- Found rclcpp: 16.0.17 (/opt/ros/humble/share/rclcpp/cmake)\n'}
[0.899771] (planning) StdoutLine: {'line': b'-- Found rosidl_generator_c: 3.1.8 (/opt/ros/humble/share/rosidl_generator_c/cmake)\n'}
[0.901628] (-) TimerEvent: {}
[0.903109] (planning) StdoutLine: {'line': b'-- Found rosidl_adapter: 3.1.8 (/opt/ros/humble/share/rosidl_adapter/cmake)\n'}
[0.910950] (planning) StdoutLine: {'line': b'-- Found rosidl_generator_cpp: 3.1.8 (/opt/ros/humble/share/rosidl_generator_cpp/cmake)\n'}
[0.924161] (planning) StdoutLine: {'line': b'-- Using all available rosidl_typesupport_c: rosidl_typesupport_fastrtps_c;rosidl_typesupport_introspection_c\n'}
[0.941352] (planning) StdoutLine: {'line': b'-- Using all available rosidl_typesupport_cpp: rosidl_typesupport_fastrtps_cpp;rosidl_typesupport_introspection_cpp\n'}
[0.985355] (planning) StdoutLine: {'line': b'-- Found rmw_implementation_cmake: 6.1.2 (/opt/ros/humble/share/rmw_implementation_cmake/cmake)\n'}
[0.986990] (planning) StdoutLine: {'line': b'-- Found rmw_fastrtps_cpp: 6.2.9 (/opt/ros/humble/share/rmw_fastrtps_cpp/cmake)\n'}
[0.991452] (data_plot) Command: {'cmd': ['/usr/bin/python3', '-W', 'ignore:setup.py install is deprecated', '-W', 'ignore:easy_install command is deprecated', 'setup.py', 'egg_info', '--egg-base', '../../build/data_plot', 'build', '--build-base', '/home/abc/planning_with_ros2/build/data_plot/build', 'install', '--record', '/home/abc/planning_with_ros2/build/data_plot/install.log', '--single-version-externally-managed', 'install_data'], 'cwd': '/home/abc/planning_with_ros2/src/data_plot', 'env': {'GJS_DEBUG_TOPICS': 'JS ERROR;JS LOG', 'PYTHON_BASIC_REPL': '1', 'LESSOPEN': '| /usr/bin/lesspipe %s', 'LANGUAGE': 'en_US:en', 'TENSORRT_DIR': '/home/abc/TensorRT-8.6', 'USER': 'abc', 'LC_TIME': 'zh_CN.UTF-8', 'XDG_SESSION_TYPE': 'x11', 'GIT_ASKPASS': '/usr/share/code/resources/app/extensions/git/dist/askpass.sh', 'SHLVL': '1', 'LD_LIBRARY_PATH': '/home/abc/planning_with_ros2/install/base_msgs/lib:/usr/local/cuda-11.8/lib64:/home/abc/planning_with_ros2/install/planning/lib:/usr/local/cuda-11.8/lib64:/home/abc/planning_with_ros2/install/planning/lib:/home/abc/planning_with_ros2/install/planning/lib:/home/abc/perception_with_ros2/install/perception/lib:/home/abc/perception_with_ros2/install/base_msgs_per/lib:/usr/lib/x86_64-linux-gnu/gazebo-11/plugins:/opt/ros/humble/opt/rviz_ogre_vendor/lib:/opt/ros/humble/lib/x86_64-linux-gnu:/opt/ros/humble/lib:/home/abc/TensorRT-8.6/lib:/home/abc/TensorRT-8.6/lib', 'HOME': '/home/abc', 'CHROME_DESKTOP': 'code.desktop', 'TERM_PROGRAM_VERSION': '1.108.2', 'DESKTOP_SESSION': 'ubuntu', 'GIO_LAUNCHED_DESKTOP_FILE': '/usr/share/applications/code.desktop', 'ROS_PYTHON_VERSION': '3', 'GNOME_SHELL_SESSION_MODE': 'ubuntu', 'GTK_MODULES': 'gail:atk-bridge', 'VSCODE_GIT_ASKPASS_MAIN': '/usr/share/code/resources/app/extensions/git/dist/askpass-main.js', 'LC_MONETARY': 'zh_CN.UTF-8', 'VSCODE_GIT_ASKPASS_NODE': '/usr/share/code/code', 'MANAGERPID': '1130', 'PYDEVD_DISABLE_FILE_VALIDATION': '1', 'SYSTEMD_EXEC_PID': '1595', 'BUNDLED_DEBUGPY_PATH': '/home/abc/.vscode/extensions/ms-python.debugpy-2025.18.0-linux-x64/bundled/libs/debugpy', 'VSCODE_PYTHON_AUTOACTIVATE_GUARD': '1', 'DBUS_SESSION_BUS_ADDRESS': 'unix:path=/run/user/1000/bus', 'COLORTERM': 'truecolor', 'GIO_LAUNCHED_DESKTOP_FILE_PID': '7523', 'COLCON_PREFIX_PATH': '/home/abc/planning_with_ros2/install:/home/abc/perception_with_ros2/install', 'ROS_DISTRO': 'humble', 'GTK_IM_MODULE': 'ibus', 'LOGNAME': 'abc', 'JOURNAL_STREAM': '8:6989', '_': '/usr/bin/colcon', 'ROS_VERSION': '2', 'XDG_SESSION_CLASS': 'user', 'USERNAME': 'abc', 'TERM': 'xterm-256color', 'GNOME_DESKTOP_SESSION_ID': 'this-is-deprecated', 'ROS2_PLANNING_COURSE_INSTALL': '/home/abc/planning_with_ros2/install', 'FC_FONTATIONS': '1', 'ROS_LOCALHOST_ONLY': '0', 'WINDOWPATH': '2', 'PATH': '/usr/local/cuda-11.8/bin:/home/abc/.config/Code/User/globalStorage/github.copilot-chat/debugCommand:/home/abc/.config/Code/User/globalStorage/github.copilot-chat/copilotCli:/usr/local/cuda-11.8/bin:/opt/ros/humble/bin:/usr/local/sbin:/usr/local/bin:/usr/sbin:/usr/bin:/sbin:/bin:/usr/games:/usr/local/games:/snap/bin:/snap/bin:/home/abc/.vscode/extensions/ms-python.debugpy-2025.18.0-linux-x64/bundled/scripts/noConfigScripts', 'SESSION_MANAGER': 'local/abc-G3-3500:@/tmp/.ICE-unix/1554,unix/abc-G3-3500:/tmp/.ICE-unix/1554', 'INVOCATION_ID': 'f3a9f1252eb845459ae16b5ad8fdee6d', 'PAPERSIZE': 'a4', 'XDG_MENU_PREFIX': 'gnome-', 'LC_ADDRESS': 'zh_CN.UTF-8', 'XDG_RUNTIME_DIR': '/run/user/1000', 'GDK_BACKEND': 'x11', 'DISPLAY': ':0', 'VSCODE_DEBUGPY_ADAPTER_ENDPOINTS': '/home/abc/.vscode/extensions/ms-python.debugpy-2025.18.0-linux-x64/.noConfigDebugAdapterEndpoints/endpoint-73f3b4a0a422bf73.txt', 'LANG': 'en_US.UTF-8', 'XDG_CURRENT_DESKTOP': 'ubuntu:GNOME', 'PYTHONSTARTUP': '/home/abc/.config/Code/User/workspaceStorage/4efd6db52f1c03b4cb1fb614d5084a17/ms-python.python/pythonrc.py', 'LC_TELEPHONE': 'zh_CN.UTF-8', 'XMODIFIERS': '@im=ibus', 'XDG_SESSION_DESKTOP': 'ubuntu', 'XAUTHORITY': '/run/user/1000/gdm/Xauthority', 'LS_COLORS': 'rs=0:di=01;34:ln=01;36:mh=00:pi=40;33:so=01;35:do=01;35:bd=40;33;01:cd=40;33;01:or=40;31;01:mi=00:su=37;41:sg=30;43:ca=30;41:tw=30;42:ow=34;42:st=37;44:ex=01;32:*.tar=01;31:*.tgz=01;31:*.arc=01;31:*.arj=01;31:*.taz=01;31:*.lha=01;31:*.lz4=01;31:*.lzh=01;31:*.lzma=01;31:*.tlz=01;31:*.txz=01;31:*.tzo=01;31:*.t7z=01;31:*.zip=01;31:*.z=01;31:*.dz=01;31:*.gz=01;31:*.lrz=01;31:*.lz=01;31:*.lzo=01;31:*.xz=01;31:*.zst=01;31:*.tzst=01;31:*.bz2=01;31:*.bz=01;31:*.tbz=01;31:*.tbz2=01;31:*.tz=01;31:*.deb=01;31:*.rpm=01;31:*.jar=01;31:*.war=01;31:*.ear=01;31:*.sar=01;31:*.rar=01;31:*.alz=01;31:*.ace=01;31:*.zoo=01;31:*.cpio=01;31:*.7z=01;31:*.rz=01;31:*.cab=01;31:*.wim=01;31:*.swm=01;31:*.dwm=01;31:*.esd=01;31:*.jpg=01;35:*.jpeg=01;35:*.mjpg=01;35:*.mjpeg=01;35:*.gif=01;35:*.bmp=01;35:*.pbm=01;35:*.pgm=01;35:*.ppm=01;35:*.tga=01;35:*.xbm=01;35:*.xpm=01;35:*.tif=01;35:*.tiff=01;35:*.png=01;35:*.svg=01;35:*.svgz=01;35:*.mng=01;35:*.pcx=01;35:*.mov=01;35:*.mpg=01;35:*.mpeg=01;35:*.m2v=01;35:*.mkv=01;35:*.webm=01;35:*.webp=01;35:*.ogm=01;35:*.mp4=01;35:*.m4v=01;35:*.mp4v=01;35:*.vob=01;35:*.qt=01;35:*.nuv=01;35:*.wmv=01;35:*.asf=01;35:*.rm=01;35:*.rmvb=01;35:*.flc=01;35:*.avi=01;35:*.fli=01;35:*.flv=01;35:*.gl=01;35:*.dl=01;35:*.xcf=01;35:*.xwd=01;35:*.yuv=01;35:*.cgm=01;35:*.emf=01;35:*.ogv=01;35:*.ogx=01;35:*.aac=00;36:*.au=00;36:*.flac=00;36:*.m4a=00;36:*.mid=00;36:*.midi=00;36:*.mka=00;36:*.mp3=00;36:*.mpc=00;36:*.ogg=00;36:*.ra=00;36:*.wav=00;36:*.oga=00;36:*.opus=00;36:*.spx=00;36:*.xspf=00;36:', 'VSCODE_GIT_IPC_HANDLE': '/run/user/1000/vscode-git-c59a044dc2.sock', 'TERM_PROGRAM': 'vscode', 'SSH_AGENT_LAUNCHER': 'gnome-keyring', 'SSH_AUTH_SOCK': '/run/user/1000/keyring/ssh', 'ROS_DOMAIN_ID': '2', 'AMENT_PREFIX_PATH': '/home/abc/planning_with_ros2/install/planning:/home/abc/planning_with_ros2/install/data_plot:/home/abc/planning_with_ros2/install/base_msgs:/home/abc/perception_with_ros2/install/perception:/home/abc/perception_with_ros2/install/data_plot_per:/home/abc/perception_with_ros2/install/base_msgs_per:/opt/ros/humble', 'SHELL': '/bin/bash', 'LC_NAME': 'zh_CN.UTF-8', 'QT_ACCESSIBILITY': '1', 'GDMSESSION': 'ubuntu', 'LESSCLOSE': '/usr/bin/lesspipe %s %s', 'LC_MEASUREMENT': 'zh_CN.UTF-8', 'GPG_AGENT_INFO': '/run/user/1000/gnupg/S.gpg-agent:0:1', 'GJS_DEBUG_OUTPUT': 'stderr', 'LC_IDENTIFICATION': 'zh_CN.UTF-8', 'VSCODE_GIT_ASKPASS_EXTRA_ARGS': '', 'QT_IM_MODULE': 'ibus', 'PWD': '/home/abc/planning_with_ros2/build/data_plot', 'LC_ALL': 'en_US.UTF-8', 'XDG_CONFIG_DIRS': '/etc/xdg/xdg-ubuntu:/etc/xdg', 'XDG_DATA_DIRS': '/usr/share/ubuntu:/usr/share/gnome:/usr/local/share/:/usr/share/:/var/lib/snapd/desktop', 'PYTHONPATH': '/home/abc/planning_with_ros2/build/data_plot/prefix_override:/usr/lib/python3/dist-packages/colcon_core/task/python/colcon_distutils_commands:/home/abc/planning_with_ros2/install/data_plot/lib/python3.10/site-packages:/home/abc/planning_with_ros2/install/data_plot/lib/python3.10/site-packages:/home/abc/planning_with_ros2/install/base_msgs/local/lib/python3.10/dist-packages:/home/abc/perception_with_ros2/install/data_plot_per/lib/python3.10/site-packages:/home/abc/perception_with_ros2/install/base_msgs_per/local/lib/python3.10/dist-packages:/opt/ros/humble/lib/python3.10/site-packages:/opt/ros/humble/local/lib/python3.10/dist-packages', 'LC_NUMERIC': 'zh_CN.UTF-8', 'LC_PAPER': 'zh_CN.UTF-8', 'COLCON': '1', 'CMAKE_PREFIX_PATH': '/home/abc/planning_with_ros2/install/base_msgs:/home/abc/planning_with_ros2/install/planning:/home/abc/perception_with_ros2/install/perception:/home/abc/perception_with_ros2/install/base_msgs_per'}, 'shell': False}
[1.001742] (-) TimerEvent: {}
[1.092911] (planning) StdoutLine: {'line': b"-- Using RMW implementation 'rmw_fastrtps_cpp' as default\n"}
[1.101844] (-) TimerEvent: {}
[1.163155] (planning) StdoutLine: {'line': b'-- Found tf2: 0.25.18 (/opt/ros/humble/share/tf2/cmake)\n'}
[1.185775] (planning) StdoutLine: {'line': b'-- Found tf2_ros: 0.25.18 (/opt/ros/humble/share/tf2_ros/cmake)\n'}
[1.201961] (-) TimerEvent: {}
[1.218485] (data_plot) StdoutLine: {'line': b'running egg_info\n'}
[1.219059] (data_plot) StdoutLine: {'line': b'writing ../../build/data_plot/data_plot.egg-info/PKG-INFO\n'}
[1.219239] (data_plot) StdoutLine: {'line': b'writing dependency_links to ../../build/data_plot/data_plot.egg-info/dependency_links.txt\n'}
[1.219361] (data_plot) StdoutLine: {'line': b'writing entry points to ../../build/data_plot/data_plot.egg-info/entry_points.txt\n'}
[1.219453] (data_plot) StdoutLine: {'line': b'writing requirements to ../../build/data_plot/data_plot.egg-info/requires.txt\n'}
[1.219532] (data_plot) StdoutLine: {'line': b'writing top-level names to ../../build/data_plot/data_plot.egg-info/top_level.txt\n'}
[1.221733] (data_plot) StdoutLine: {'line': b"reading manifest file '../../build/data_plot/data_plot.egg-info/SOURCES.txt'\n"}
[1.222507] (data_plot) StdoutLine: {'line': b"writing manifest file '../../build/data_plot/data_plot.egg-info/SOURCES.txt'\n"}
[1.222603] (data_plot) StdoutLine: {'line': b'running build\n'}
[1.222691] (data_plot) StdoutLine: {'line': b'running build_py\n'}
[1.222839] (data_plot) StdoutLine: {'line': b'running install\n'}
[1.223105] (data_plot) StdoutLine: {'line': b'running install_lib\n'}
[1.224068] (data_plot) StdoutLine: {'line': b'running install_data\n'}
[1.224188] (data_plot) StdoutLine: {'line': b'running install_egg_info\n'}
[1.225657] (data_plot) StdoutLine: {'line': b"removing '/home/abc/planning_with_ros2/install/data_plot/lib/python3.10/site-packages/data_plot-0.0.0-py3.10.egg-info' (and everything under it)\n"}
[1.225916] (data_plot) StdoutLine: {'line': b'Copying ../../build/data_plot/data_plot.egg-info to /home/abc/planning_with_ros2/install/data_plot/lib/python3.10/site-packages/data_plot-0.0.0-py3.10.egg-info\n'}
[1.226673] (data_plot) StdoutLine: {'line': b'running install_scripts\n'}
[1.245280] (data_plot) StdoutLine: {'line': b'Installing data_plot script to /home/abc/planning_with_ros2/install/data_plot/lib/data_plot\n'}
[1.245531] (data_plot) StdoutLine: {'line': b"writing list of installed files to '/home/abc/planning_with_ros2/build/data_plot/install.log'\n"}
[1.264638] (data_plot) CommandEnded: {'returncode': 0}
[1.270848] (data_plot) JobEnded: {'identifier': 'data_plot', 'rc': 0}
[1.299958] (planning) StdoutLine: {'line': b'-- Found nav_msgs: 4.9.0 (/opt/ros/humble/share/nav_msgs/cmake)\n'}
[1.302030] (-) TimerEvent: {}
[1.325178] (planning) StdoutLine: {'line': b'-- Found visualization_msgs: 4.9.0 (/opt/ros/humble/share/visualization_msgs/cmake)\n'}
[1.380246] (planning) StdoutLine: {'line': b'-- Found base_msgs: 0.0.0 (/home/abc/planning_with_ros2/install/base_msgs/share/base_msgs/cmake)\n'}
[1.402137] (-) TimerEvent: {}
[1.459078] (planning) StdoutLine: {'line': b'-- Found ament_lint_auto: 0.12.14 (/opt/ros/humble/share/ament_lint_auto/cmake)\n'}
[1.502242] (-) TimerEvent: {}
[1.526168] (planning) StdoutLine: {'line': b"-- Added test 'cppcheck' to perform static code analysis on C / C++ code\n"}
[1.527745] (planning) StdoutLine: {'line': b'-- Configured cppcheck include dirs: /home/abc/planning_with_ros2/src/planning/src/common/config_reader;/home/abc/planning_with_ros2/src/planning/src/common/math;/home/abc/planning_with_ros2/src/planning/src/decision_center;/home/abc/planning_with_ros2/src/planning/src/pnc_map_creator;/home/abc/planning_with_ros2/src/planning/src/pnc_map_creator/pnc_map_straight;/home/abc/planning_with_ros2/src/planning/src/pnc_map_creator/pnc_map_sturn;/home/abc/planning_with_ros2/src/planning/src/global_planner;/home/abc/planning_with_ros2/src/planning/src/global_planner/global_planner_normal;/home/abc/planning_with_ros2/src/planning/src/local_planner;/home/abc/planning_with_ros2/src/planning/src/local_planner/local_path;/home/abc/planning_with_ros2/src/planning/src/local_planner/local_speeds;/home/abc/planning_with_ros2/src/planning/src/reference_line;/home/abc/planning_with_ros2/src/planning/src/test/osqp_test;/home/abc/planning_with_ros2/src/planning/src/vehicle_info;/home/abc/planning_with_ros2/src/planning/src/vehicle_info/main_car;/home/abc/planning_with_ros2/src/planning/src/vehicle_info/obs_car;/home/abc/planning_with_ros2/src/planning/src/planning_process;/home/abc/planning_with_ros2/src/planning/src/move_cmd\n'}
[1.527879] (planning) StdoutLine: {'line': b'-- Configured cppcheck exclude dirs and/or files: \n'}
[1.528968] (planning) StdoutLine: {'line': b"-- Added test 'flake8' to check Python code syntax and style conventions\n"}
[1.530571] (planning) StdoutLine: {'line': b"-- Added test 'lint_cmake' to check CMake code style\n"}
[1.531487] (planning) StdoutLine: {'line': b"-- Added test 'pep257' to check Python code against some of the docstring style conventions in PEP 257\n"}
[1.535196] (planning) StdoutLine: {'line': b"-- Added test 'uncrustify' to check C / C++ code style\n"}
[1.535298] (planning) StdoutLine: {'line': b'-- Configured uncrustify additional arguments: \n'}
[1.535935] (planning) StdoutLine: {'line': b"-- Added test 'xmllint' to check XML markup files\n"}
[1.537423] (planning) StdoutLine: {'line': b'-- Configuring done (0.9s)\n'}
[1.602361] (-) TimerEvent: {}
[1.655660] (planning) StdoutLine: {'line': b'-- Generating done (0.1s)\n'}
[1.679624] (planning) StdoutLine: {'line': b'-- Build files have been written to: /home/abc/planning_with_ros2/build/planning\n'}
[1.702454] (-) TimerEvent: {}
[1.705903] (planning) StdoutLine: {'line': b'[  5%] Built target config_reader\n'}
[1.709787] (planning) StdoutLine: {'line': b'[ 10%] Built target osqp_test\n'}
[1.710039] (planning) StdoutLine: {'line': b'[ 15%] Built target newton_test\n'}
[1.710422] (planning) StdoutLine: {'line': b'[ 23%] Built target mathlibs\n'}
[1.719904] (planning) StdoutLine: {'line': b'[ 28%] Built target global_planner\n'}
[1.723428] (planning) StdoutLine: {'line': b'[ 35%] Built target pnc_map_creator\n'}
[1.728542] (planning) StdoutLine: {'line': b'[ 43%] Built target vehicle_info\n'}
[1.733280] (planning) StdoutLine: {'line': b'[ 51%] Built target reference_line\n'}
[1.733644] (planning) StdoutLine: {'line': b'[ 56%] Built target global_path_server\n'}
[1.738014] (planning) StdoutLine: {'line': b'[ 61%] Built target pnc_map_server\n'}
[1.742298] (planning) StdoutLine: {'line': b'[ 66%] Built target decision_center\n'}
[1.743347] (planning) StdoutLine: {'line': b'[ 71%] Built target car_move_cmd\n'}
[1.744097] (planning) StdoutLine: {'line': b'[ 76%] Built target obs_move_cmd\n'}
[1.770972] (planning) StdoutLine: {'line': b'[ 92%] Built target local_planner\n'}
[1.794003] (planning) StdoutLine: {'line': b'[100%] Built target planning_process\n'}
[1.797450] (planning) CommandEnded: {'returncode': 0}
[1.798142] (planning) JobProgress: {'identifier': 'planning', 'progress': 'install'}
[1.798472] (planning) Command: {'cmd': ['/usr/local/bin/cmake', '--install', '/home/abc/planning_with_ros2/build/planning'], 'cwd': '/home/abc/planning_with_ros2/build/planning', 'env': OrderedDict([('GJS_DEBUG_TOPICS', 'JS ERROR;JS LOG'), ('PYTHON_BASIC_REPL', '1'), ('LESSOPEN', '| /usr/bin/lesspipe %s'), ('LANGUAGE', 'en_US:en'), ('TENSORRT_DIR', '/home/abc/TensorRT-8.6'), ('USER', 'abc'), ('LC_TIME', 'zh_CN.UTF-8'), ('XDG_SESSION_TYPE', 'x11'), ('GIT_ASKPASS', '/usr/share/code/resources/app/extensions/git/dist/askpass.sh'), ('SHLVL', '1'), ('LD_LIBRARY_PATH', '/home/abc/planning_with_ros2/install/base_msgs/lib:/usr/local/cuda-11.8/lib64:/home/abc/planning_with_ros2/install/planning/lib:/usr/local/cuda-11.8/lib64:/home/abc/planning_with_ros2/install/planning/lib:/home/abc/planning_with_ros2/install/planning/lib:/home/abc/perception_with_ros2/install/perception/lib:/home/abc/perception_with_ros2/install/base_msgs_per/lib:/usr/lib/x86_64-linux-gnu/gazebo-11/plugins:/opt/ros/humble/opt/rviz_ogre_vendor/lib:/opt/ros/humble/lib/x86_64-linux-gnu:/opt/ros/humble/lib:/home/abc/TensorRT-8.6/lib:/home/abc/TensorRT-8.6/lib'), ('HOME', '/home/abc'), ('CHROME_DESKTOP', 'code.desktop'), ('TERM_PROGRAM_VERSION', '1.108.2'), ('DESKTOP_SESSION', 'ubuntu'), ('GIO_LAUNCHED_DESKTOP_FILE', '/usr/share/applications/code.desktop'), ('ROS_PYTHON_VERSION', '3'), ('GNOME_SHELL_SESSION_MODE', 'ubuntu'), ('GTK_MODULES', 'gail:atk-bridge'), ('VSCODE_GIT_ASKPASS_MAIN', '/usr/share/code/resources/app/extensions/git/dist/askpass-main.js'), ('LC_MONETARY', 'zh_CN.UTF-8'), ('VSCODE_GIT_ASKPASS_NODE', '/usr/share/code/code'), ('MANAGERPID', '1130'), ('PYDEVD_DISABLE_FILE_VALIDATION', '1'), ('SYSTEMD_EXEC_PID', '1595'), ('BUNDLED_DEBUGPY_PATH', '/home/abc/.vscode/extensions/ms-python.debugpy-2025.18.0-linux-x64/bundled/libs/debugpy'), ('VSCODE_PYTHON_AUTOACTIVATE_GUARD', '1'), ('DBUS_SESSION_BUS_ADDRESS', 'unix:path=/run/user/1000/bus'), ('COLORTERM', 'truecolor'), ('GIO_LAUNCHED_DESKTOP_FILE_PID', '7523'), ('COLCON_PREFIX_PATH', '/home/abc/planning_with_ros2/install:/home/abc/perception_with_ros2/install'), ('ROS_DISTRO', 'humble'), ('GTK_IM_MODULE', 'ibus'), ('LOGNAME', 'abc'), ('JOURNAL_STREAM', '8:6989'), ('_', '/usr/bin/colcon'), ('ROS_VERSION', '2'), ('XDG_SESSION_CLASS', 'user'), ('USERNAME', 'abc'), ('TERM', 'xterm-256color'), ('GNOME_DESKTOP_SESSION_ID', 'this-is-deprecated'), ('ROS2_PLANNING_COURSE_INSTALL', '/home/abc/planning_with_ros2/install'), ('FC_FONTATIONS', '1'), ('ROS_LOCALHOST_ONLY', '0'), ('WINDOWPATH', '2'), ('PATH', '/usr/local/cuda-11.8/bin:/home/abc/.config/Code/User/globalStorage/github.copilot-chat/debugCommand:/home/abc/.config/Code/User/globalStorage/github.copilot-chat/copilotCli:/usr/local/cuda-11.8/bin:/opt/ros/humble/bin:/usr/local/sbin:/usr/local/bin:/usr/sbin:/usr/bin:/sbin:/bin:/usr/games:/usr/local/games:/snap/bin:/snap/bin:/home/abc/.vscode/extensions/ms-python.debugpy-2025.18.0-linux-x64/bundled/scripts/noConfigScripts'), ('SESSION_MANAGER', 'local/abc-G3-3500:@/tmp/.ICE-unix/1554,unix/abc-G3-3500:/tmp/.ICE-unix/1554'), ('INVOCATION_ID', 'f3a9f1252eb845459ae16b5ad8fdee6d'), ('PAPERSIZE', 'a4'), ('XDG_MENU_PREFIX', 'gnome-'), ('LC_ADDRESS', 'zh_CN.UTF-8'), ('XDG_RUNTIME_DIR', '/run/user/1000'), ('GDK_BACKEND', 'x11'), ('DISPLAY', ':0'), ('VSCODE_DEBUGPY_ADAPTER_ENDPOINTS', '/home/abc/.vscode/extensions/ms-python.debugpy-2025.18.0-linux-x64/.noConfigDebugAdapterEndpoints/endpoint-73f3b4a0a422bf73.txt'), ('LANG', 'en_US.UTF-8'), ('XDG_CURRENT_DESKTOP', 'ubuntu:GNOME'), ('PYTHONSTARTUP', '/home/abc/.config/Code/User/workspaceStorage/4efd6db52f1c03b4cb1fb614d5084a17/ms-python.python/pythonrc.py'), ('LC_TELEPHONE', 'zh_CN.UTF-8'), ('XMODIFIERS', '@im=ibus'), ('XDG_SESSION_DESKTOP', 'ubuntu'), ('XAUTHORITY', '/run/user/1000/gdm/Xauthority'), ('LS_COLORS', 'rs=0:di=01;34:ln=01;36:mh=00:pi=40;33:so=01;35:do=01;35:bd=40;33;01:cd=40;33;01:or=40;31;01:mi=00:su=37;41:sg=30;43:ca=30;41:tw=30;42:ow=34;42:st=37;44:ex=01;32:*.tar=01;31:*.tgz=01;31:*.arc=01;31:*.arj=01;31:*.taz=01;31:*.lha=01;31:*.lz4=01;31:*.lzh=01;31:*.lzma=01;31:*.tlz=01;31:*.txz=01;31:*.tzo=01;31:*.t7z=01;31:*.zip=01;31:*.z=01;31:*.dz=01;31:*.gz=01;31:*.lrz=01;31:*.lz=01;31:*.lzo=01;31:*.xz=01;31:*.zst=01;31:*.tzst=01;31:*.bz2=01;31:*.bz=01;31:*.tbz=01;31:*.tbz2=01;31:*.tz=01;31:*.deb=01;31:*.rpm=01;31:*.jar=01;31:*.war=01;31:*.ear=01;31:*.sar=01;31:*.rar=01;31:*.alz=01;31:*.ace=01;31:*.zoo=01;31:*.cpio=01;31:*.7z=01;31:*.rz=01;31:*.cab=01;31:*.wim=01;31:*.swm=01;31:*.dwm=01;31:*.esd=01;31:*.jpg=01;35:*.jpeg=01;35:*.mjpg=01;35:*.mjpeg=01;35:*.gif=01;35:*.bmp=01;35:*.pbm=01;35:*.pgm=01;35:*.ppm=01;35:*.tga=01;35:*.xbm=01;35:*.xpm=01;35:*.tif=01;35:*.tiff=01;35:*.png=01;35:*.svg=01;35:*.svgz=01;35:*.mng=01;35:*.pcx=01;35:*.mov=01;35:*.mpg=01;35:*.mpeg=01;35:*.m2v=01;35:*.mkv=01;35:*.webm=01;35:*.webp=01;35:*.ogm=01;35:*.mp4=01;35:*.m4v=01;35:*.mp4v=01;35:*.vob=01;35:*.qt=01;35:*.nuv=01;35:*.wmv=01;35:*.asf=01;35:*.rm=01;35:*.rmvb=01;35:*.flc=01;35:*.avi=01;35:*.fli=01;35:*.flv=01;35:*.gl=01;35:*.dl=01;35:*.xcf=01;35:*.xwd=01;35:*.yuv=01;35:*.cgm=01;35:*.emf=01;35:*.ogv=01;35:*.ogx=01;35:*.aac=00;36:*.au=00;36:*.flac=00;36:*.m4a=00;36:*.mid=00;36:*.midi=00;36:*.mka=00;36:*.mp3=00;36:*.mpc=00;36:*.ogg=00;36:*.ra=00;36:*.wav=00;36:*.oga=00;36:*.opus=00;36:*.spx=00;36:*.xspf=00;36:'), ('VSCODE_GIT_IPC_HANDLE', '/run/user/1000/vscode-git-c59a044dc2.sock'), ('TERM_PROGRAM', 'vscode'), ('SSH_AGENT_LAUNCHER', 'gnome-keyring'), ('SSH_AUTH_SOCK', '/run/user/1000/keyring/ssh'), ('ROS_DOMAIN_ID', '2'), ('AMENT_PREFIX_PATH', '/home/abc/planning_with_ros2/install/planning:/home/abc/planning_with_ros2/install/data_plot:/home/abc/planning_with_ros2/install/base_msgs:/home/abc/perception_with_ros2/install/perception:/home/abc/perception_with_ros2/install/data_plot_per:/home/abc/perception_with_ros2/install/base_msgs_per:/opt/ros/humble'), ('SHELL', '/bin/bash'), ('LC_NAME', 'zh_CN.UTF-8'), ('QT_ACCESSIBILITY', '1'), ('GDMSESSION', 'ubuntu'), ('LESSCLOSE', '/usr/bin/lesspipe %s %s'), ('LC_MEASUREMENT', 'zh_CN.UTF-8'), ('GPG_AGENT_INFO', '/run/user/1000/gnupg/S.gpg-agent:0:1'), ('GJS_DEBUG_OUTPUT', 'stderr'), ('LC_IDENTIFICATION', 'zh_CN.UTF-8'), ('VSCODE_GIT_ASKPASS_EXTRA_ARGS', ''), ('QT_IM_MODULE', 'ibus'), ('PWD', '/home/abc/planning_with_ros2/build/planning'), ('LC_ALL', 'en_US.UTF-8'), ('XDG_CONFIG_DIRS', '/etc/xdg/xdg-ubuntu:/etc/xdg'), ('XDG_DATA_DIRS', '/usr/share/ubuntu:/usr/share/gnome:/usr/local/share/:/usr/share/:/var/lib/snapd/desktop'), ('PYTHONPATH', '/home/abc/planning_with_ros2/install/data_plot/lib/python3.10/site-packages:/home/abc/planning_with_ros2/install/base_msgs/local/lib/python3.10/dist-packages:/home/abc/perception_with_ros2/install/data_plot_per/lib/python3.10/site-packages:/home/abc/perception_with_ros2/install/base_msgs_per/local/lib/python3.10/dist-packages:/opt/ros/humble/lib/python3.10/site-packages:/opt/ros/humble/local/lib/python3.10/dist-packages'), ('LC_NUMERIC', 'zh_CN.UTF-8'), ('LC_PAPER', 'zh_CN.UTF-8'), ('COLCON', '1'), ('CMAKE_PREFIX_PATH', '/home/abc/planning_with_ros2/install/base_msgs:/home/abc/planning_with_ros2/install/planning:/home/abc/perception_with_ros2/install/perception:/home/abc/perception_with_ros2/install/base_msgs_per:/home/abc/planning_with_ros2/install/data_plot:/home/abc/perception_with_ros2/install/data_plot_per:/opt/ros/humble')]), 'shell': False}
[1.800476] (planning) StdoutLine: {'line': b'-- Install configuration: ""\n'}
[1.800772] (planning) StdoutLine: {'line': b'-- Up-to-date: /home/abc/planning_with_ros2/install/planning/lib/libconfig_reader.so\n'}
[1.800991] (planning) StdoutLine: {'line': b'-- Up-to-date: /home/abc/planning_with_ros2/install/planning/lib/libmathlibs.so\n'}
[1.801336] (planning) StdoutLine: {'line': b'-- Up-to-date: /home/abc/planning_with_ros2/install/planning/lib/libdecision_center.so\n'}
[1.801688] (planning) StdoutLine: {'line': b'-- Up-to-date: /home/abc/planning_with_ros2/install/planning/lib/libpnc_map_creator.so\n'}
[1.801909] (planning) StdoutLine: {'line': b'-- Up-to-date: /home/abc/planning_with_ros2/install/planning/lib/planning/pnc_map_server\n'}
[1.802291] (planning) StdoutLine: {'line': b'-- Up-to-date: /home/abc/planning_with_ros2/install/planning/lib/libglobal_planner.so\n'}
[1.802495] (planning) StdoutLine: {'line': b'-- Up-to-date: /home/abc/planning_with_ros2/install/planning/lib/planning/global_path_server\n'}
[1.802554] (-) TimerEvent: {}
[1.802867] (planning) StdoutLine: {'line': b'-- Up-to-date: /home/abc/planning_with_ros2/install/planning/lib/liblocal_planner.so\n'}
[1.803227] (planning) StdoutLine: {'line': b'-- Up-to-date: /home/abc/planning_with_ros2/install/planning/lib/libreference_line.so\n'}
[1.803598] (planning) StdoutLine: {'line': b'-- Up-to-date: /home/abc/planning_with_ros2/install/planning/lib/planning/osqp_test\n'}
[1.803824] (planning) StdoutLine: {'line': b'-- Up-to-date: /home/abc/planning_with_ros2/install/planning/lib/planning/newton_test\n'}
[1.804183] (planning) StdoutLine: {'line': b'-- Up-to-date: /home/abc/planning_with_ros2/install/planning/lib/libvehicle_info.so\n'}
[1.804540] (planning) StdoutLine: {'line': b'-- Up-to-date: /home/abc/planning_with_ros2/install/planning/lib/planning/planning_process\n'}
[1.804963] (planning) StdoutLine: {'line': b'-- Up-to-date: /home/abc/planning_with_ros2/install/planning/lib/planning/car_move_cmd\n'}
[1.805194] (planning) StdoutLine: {'line': b'-- Up-to-date: /home/abc/planning_with_ros2/install/planning/lib/planning/obs_move_cmd\n'}
[1.805351] (planning) StdoutLine: {'line': b'-- Up-to-date: /home/abc/planning_with_ros2/install/planning/share/planning/config\n'}
[1.805463] (planning) StdoutLine: {'line': b'-- Up-to-date: /home/abc/planning_with_ros2/install/planning/share/planning/config/planning_static_obs_config.yaml\n'}
[1.805572] (planning) StdoutLine: {'line': b'-- Installing: /home/abc/planning_with_ros2/install/planning/share/planning/config/scenario_config.yaml\n'}
[1.805736] (planning) StdoutLine: {'line': b'-- Up-to-date: /home/abc/planning_with_ros2/install/planning/share/planning/config/planning_dynamic_obs_config.yaml\n'}
[1.805817] (planning) StdoutLine: {'line': b'-- Up-to-date: /home/abc/planning_with_ros2/install/planning/share/planning/config/planning_onlane_obs_config.yaml\n'}
[1.805936] (planning) StdoutLine: {'line': b'-- Up-to-date: /home/abc/planning_with_ros2/install/planning/share/planning/launch\n'}
[1.806016] (planning) StdoutLine: {'line': b'-- Up-to-date: /home/abc/planning_with_ros2/install/planning/share/planning/launch/planning_launch.py\n'}
[1.806092] (planning) StdoutLine: {'line': b'-- Up-to-date: /home/abc/planning_with_ros2/install/planning/share/planning/launch/move_cmd_launch.py\n'}
[1.806169] (planning) StdoutLine: {'line': b'-- Up-to-date: /home/abc/planning_with_ros2/install/planning/share/planning/urdf\n'}
[1.806245] (planning) StdoutLine: {'line': b'-- Up-to-date: /home/abc/planning_with_ros2/install/planning/share/planning/urdf/main_car\n'}
[1.806321] (planning) StdoutLine: {'line': b'-- Up-to-date: /home/abc/planning_with_ros2/install/planning/share/planning/urdf/main_car/car_camera.xacro\n'}
[1.806398] (planning) StdoutLine: {'line': b'-- Up-to-date: /home/abc/planning_with_ros2/install/planning/share/planning/urdf/main_car/car_base.xacro\n'}
[1.806474] (planning) StdoutLine: {'line': b'-- Up-to-date: /home/abc/planning_with_ros2/install/planning/share/planning/urdf/main_car/car_radar.xacro\n'}
[1.806550] (planning) StdoutLine: {'line': b'-- Up-to-date: /home/abc/planning_with_ros2/install/planning/share/planning/urdf/main_car/car.xacro\n'}
[1.806626] (planning) StdoutLine: {'line': b'-- Up-to-date: /home/abc/planning_with_ros2/install/planning/share/planning/urdf/main_car/car_wheels.xacro\n'}
[1.806701] (planning) StdoutLine: {'line': b'-- Up-to-date: /home/abc/planning_with_ros2/install/planning/share/planning/urdf/obs_car\n'}
[1.806781] (planning) StdoutLine: {'line': b'-- Installing: /home/abc/planning_with_ros2/install/planning/share/planning/urdf/obs_car/obs_car.xacro\n'}
[1.806913] (planning) StdoutLine: {'line': b'-- Up-to-date: /home/abc/planning_with_ros2/install/planning/share/planning/rviz\n'}
[1.806971] (planning) StdoutLine: {'line': b'-- Up-to-date: /home/abc/planning_with_ros2/install/planning/share/planning/rviz/planning.rviz\n'}
[1.807027] (planning) StdoutLine: {'line': b'-- Up-to-date: /home/abc/planning_with_ros2/install/planning/share/ament_index/resource_index/package_run_dependencies/planning\n'}
[1.807106] (planning) StdoutLine: {'line': b'-- Up-to-date: /home/abc/planning_with_ros2/install/planning/share/ament_index/resource_index/parent_prefix_path/planning\n'}
[1.807200] (planning) StdoutLine: {'line': b'-- Up-to-date: /home/abc/planning_with_ros2/install/planning/share/planning/environment/ament_prefix_path.sh\n'}
[1.807270] (planning) StdoutLine: {'line': b'-- Installing: /home/abc/planning_with_ros2/install/planning/share/planning/environment/ament_prefix_path.dsv\n'}
[1.807370] (planning) StdoutLine: {'line': b'-- Up-to-date: /home/abc/planning_with_ros2/install/planning/share/planning/environment/path.sh\n'}
[1.807470] (planning) StdoutLine: {'line': b'-- Installing: /home/abc/planning_with_ros2/install/planning/share/planning/environment/path.dsv\n'}
[1.807530] (planning) StdoutLine: {'line': b'-- Up-to-date: /home/abc/planning_with_ros2/install/planning/share/planning/local_setup.bash\n'}
[1.807590] (planning) StdoutLine: {'line': b'-- Up-to-date: /home/abc/planning_with_ros2/install/planning/share/planning/local_setup.sh\n'}
[1.807649] (planning) StdoutLine: {'line': b'-- Up-to-date: /home/abc/planning_with_ros2/install/planning/share/planning/local_setup.zsh\n'}
[1.807788] (planning) StdoutLine: {'line': b'-- Installing: /home/abc/planning_with_ros2/install/planning/share/planning/local_setup.dsv\n'}
[1.808035] (planning) StdoutLine: {'line': b'-- Installing: /home/abc/planning_with_ros2/install/planning/share/planning/package.dsv\n'}
[1.808112] (planning) StdoutLine: {'line': b'-- Up-to-date: /home/abc/planning_with_ros2/install/planning/share/ament_index/resource_index/packages/planning\n'}
[1.808181] (planning) StdoutLine: {'line': b'-- Up-to-date: /home/abc/planning_with_ros2/install/planning/share/planning/cmake/planningConfig.cmake\n'}
[1.809004] (planning) StdoutLine: {'line': b'-- Up-to-date: /home/abc/planning_with_ros2/install/planning/share/planning/cmake/planningConfig-version.cmake\n'}
[1.809105] (planning) StdoutLine: {'line': b'-- Up-to-date: /home/abc/planning_with_ros2/install/planning/share/planning/package.xml\n'}
[1.809171] (planning) CommandEnded: {'returncode': 0}
[1.822873] (planning) JobEnded: {'identifier': 'planning', 'rc': 0}
[1.823462] (-) EventReactorShutdown: {}
